ISO-10303-21;
HEADER;
FILE_DESCRIPTION(('FreeCAD Model'),'2;1');
FILE_NAME('Open CASCADE Shape Model','2026-06-16T19:55:47',('Author'),(
    ''),'Open CASCADE STEP processor 7.8','FreeCAD','Unknown');
FILE_SCHEMA(('AUTOMOTIVE_DESIGN { 1 0 10303 214 1 1 1 1 }'));
ENDSEC;
DATA;
#1 = APPLICATION_PROTOCOL_DEFINITION('international standard',
  'automotive_design',2000,#2);
#2 = APPLICATION_CONTEXT(
  'core data for automotive mechanical design processes');
#3 = SHAPE_DEFINITION_REPRESENTATION(#4,#10);
#4 = PRODUCT_DEFINITION_SHAPE('','',#5);
#5 = PRODUCT_DEFINITION('design','',#6,#9);
#6 = PRODUCT_DEFINITION_FORMATION('','',#7);
#7 = PRODUCT('XT60BE_M','XT60BE_M','',(#8));
#8 = PRODUCT_CONTEXT('',#2,'mechanical');
#9 = PRODUCT_DEFINITION_CONTEXT('part definition',#2,'design');
#10 = SHAPE_REPRESENTATION('',(#11,#15,#19,#23),#27);
#11 = AXIS2_PLACEMENT_3D('',#12,#13,#14);
#12 = CARTESIAN_POINT('',(0.,0.,0.));
#13 = DIRECTION('',(0.,0.,1.));
#14 = DIRECTION('',(1.,0.,-0.));
#15 = AXIS2_PLACEMENT_3D('',#16,#17,#18);
#16 = CARTESIAN_POINT('',(0.,0.,0.));
#17 = DIRECTION('',(0.,0.,1.));
#18 = DIRECTION('',(1.,0.,0.));
#19 = AXIS2_PLACEMENT_3D('',#20,#21,#22);
#20 = CARTESIAN_POINT('',(-3.6,0.,-8.5));
#21 = DIRECTION('',(0.,0.,1.));
#22 = DIRECTION('',(1.,0.,0.));
#23 = AXIS2_PLACEMENT_3D('',#24,#25,#26);
#24 = CARTESIAN_POINT('',(3.6,4.225031457058E-16,-8.5));
#25 = DIRECTION('',(9.183380086634E-49,1.499759782662E-32,1.));
#26 = DIRECTION('',(-1.,1.224646799147E-16,-9.183380086634E-49));
#27 = ( GEOMETRIC_REPRESENTATION_CONTEXT(3) 
GLOBAL_UNCERTAINTY_ASSIGNED_CONTEXT((#31)) GLOBAL_UNIT_ASSIGNED_CONTEXT(
(#28,#29,#30)) REPRESENTATION_CONTEXT('Context #1',
  '3D Context with UNIT and UNCERTAINTY') );
#28 = ( LENGTH_UNIT() NAMED_UNIT(*) SI_UNIT(.MILLI.,.METRE.) );
#29 = ( NAMED_UNIT(*) PLANE_ANGLE_UNIT() SI_UNIT($,.RADIAN.) );
#30 = ( NAMED_UNIT(*) SI_UNIT($,.STERADIAN.) SOLID_ANGLE_UNIT() );
#31 = UNCERTAINTY_MEASURE_WITH_UNIT(LENGTH_MEASURE(5.E-06),#28,
  'distance_accuracy_value','confusion accuracy');
#32 = PRODUCT_RELATED_PRODUCT_CATEGORY('part',$,(#7));
#33 = SHAPE_DEFINITION_REPRESENTATION(#34,#40);
#34 = PRODUCT_DEFINITION_SHAPE('','',#35);
#35 = PRODUCT_DEFINITION('design','',#36,#39);
#36 = PRODUCT_DEFINITION_FORMATION('','',#37);
#37 = PRODUCT('Base_w_ref','Base_w_ref','',(#38));
#38 = PRODUCT_CONTEXT('',#2,'mechanical');
#39 = PRODUCT_DEFINITION_CONTEXT('part definition',#2,'design');
#40 = ADVANCED_BREP_SHAPE_REPRESENTATION('',(#11,#41),#14499);
#41 = MANIFOLD_SOLID_BREP('',#42);
#42 = CLOSED_SHELL('',(#43,#2924,#2955,#2980,#3005,#3029,#3053,#3078,
    #3103,#3127,#3151,#3176,#3201,#3225,#3249,#3274,#3299,#3323,#3347,
    #3372,#3397,#3421,#3445,#3470,#3495,#3512,#3543,#3567,#3591,#3617,
    #3643,#3667,#3691,#3715,#3739,#3763,#3787,#3813,#3839,#3863,#3887,
    #3904,#3935,#3959,#3983,#4007,#4031,#4055,#4079,#4096,#4127,#4153,
    #4179,#4205,#4231,#4257,#4283,#4309,#4335,#4361,#4387,#4413,#4439,
    #4465,#4491,#4517,#4543,#4569,#4588,#4621,#4647,#4673,#4699,#4725,
    #4751,#4777,#4803,#4829,#4855,#4881,#4900,#4925,#4956,#4980,#5004,
    #5021,#5052,#5076,#5102,#5128,#5154,#5180,#5206,#5232,#5258,#5284,
    #5310,#5336,#5362,#5379,#5410,#5434,#5458,#5482,#5506,#5530,#5554,
    #5578,#5602,#5626,#5650,#5667,#5698,#5722,#5746,#5770,#5794,#5818,
    #5842,#5866,#5890,#5914,#5938,#5964,#5990,#6014,#6031,#6062,#6086,
    #6110,#6134,#6158,#6175,#6200,#6231,#6255,#6279,#6303,#6327,#6351,
    #6375,#6399,#6423,#6447,#6471,#6488,#6519,#6543,#6567,#6591,#6615,
    #6639,#6663,#6680,#6711,#6735,#6759,#6785,#6811,#6837,#6863,#6889,
    #6913,#6937,#6961,#6987,#7013,#7039,#7065,#7091,#7115,#7139,#7163,
    #7189,#7215,#7241,#7267,#7293,#7319,#7345,#7369,#7386,#7419,#7445,
    #7469,#7495,#7521,#7545,#7571,#7597,#7623,#7649,#7675,#7701,#7727,
    #7751,#7777,#7803,#7829,#7855,#7881,#7907,#7933,#7959,#7985,#8011,
    #8037,#8063,#8082,#8113,#8139,#8165,#8191,#8217,#8243,#8269,#8295,
    #8321,#8347,#8373,#8399,#8425,#8451,#8477,#8503,#8527,#8553,#8579,
    #8605,#8631,#8657,#8683,#8709,#8735,#8761,#8787,#8813,#8839,#8865,
    #8891,#8917,#8936,#8967,#8993,#9019,#9045,#9071,#9097,#9123,#9149,
    #9175,#9201,#9227,#9253,#9279,#9305,#9331,#9357,#9381,#9407,#9433,
    #9459,#9485,#9511,#9537,#9563,#9589,#9615,#9641,#9667,#9693,#9719,
    #9745,#9771,#9790,#9821,#9845,#9869,#9886,#9992,#10016,#10032,#10133
    ,#10219,#10236,#10248,#10426,#10446,#10469,#10500,#10524,#10548,
    #10572,#10628,#10645,#10662,#10682,#10740,#10776,#10893,#10934,
    #10975,#10987,#11018,#11042,#11067,#11091,#11116,#11133,#11171,
    #11204,#11235,#11266,#11299,#11328,#11361,#11392,#11416,#11454,
    #11485,#11518,#11551,#11582,#11613,#11646,#11672,#11703,#11727,
    #11751,#11780,#11811,#11839,#11867,#11895,#11923,#11945,#11976,
    #12000,#12024,#12053,#12084,#12115,#12143,#12174,#12196,#12343,
    #12367,#12391,#12408,#12439,#12463,#12491,#12520,#12537,#12573,
    #12597,#12626,#12657,#12688,#12717,#12748,#12779,#12810,#12832,
    #12898,#12915,#12931,#12949,#12966,#13001,#13026,#13061,#13086,
    #13110,#13135,#13170,#13188,#13213,#13238,#13251,#13269,#13300,
    #13324,#13349,#13373,#13398,#13415,#13433,#13476,#13520,#13586,
    #13617,#13641,#13665,#13682,#13713,#13738,#13762,#13779,#13908,
    #13932,#13957,#14015,#14040,#14057,#14083,#14114,#14138,#14162,
    #14186,#14210,#14234,#14258,#14282,#14306,#14330,#14354,#14371,
    #14402,#14426,#14450,#14467,#14487));
#43 = ADVANCED_FACE('',(#44,#250,#390,#456,#721,#877,#888,#922,#1084,
    #1182,#1310,#1360,#1371,#1469,#1535,#1834,#2131,#2508,#2885),#2919,
  .T.);
#44 = FACE_BOUND('',#45,.T.);
#45 = EDGE_LOOP('',(#46,#56,#65,#73,#82,#90,#99,#107,#116,#124,#133,#141
    ,#150,#158,#167,#175,#184,#192,#201,#209,#218,#226,#235,#243));
#46 = ORIENTED_EDGE('',*,*,#47,.F.);
#47 = EDGE_CURVE('',#48,#50,#52,.T.);
#48 = VERTEX_POINT('',#49);
#49 = CARTESIAN_POINT('',(-16.6,-5.41455,0.));
#50 = VERTEX_POINT('',#51);
#51 = CARTESIAN_POINT('',(-16.6,5.41455,0.));
#52 = LINE('',#53,#54);
#53 = CARTESIAN_POINT('',(-16.6,0.,0.));
#54 = VECTOR('',#55,1.);
#55 = DIRECTION('',(0.,1.,0.));
#56 = ORIENTED_EDGE('',*,*,#57,.T.);
#57 = EDGE_CURVE('',#48,#58,#60,.T.);
#58 = VERTEX_POINT('',#59);
#59 = CARTESIAN_POINT('',(-16.11455,-5.9,0.));
#60 = CIRCLE('',#61,0.48545);
#61 = AXIS2_PLACEMENT_3D('',#62,#63,#64);
#62 = CARTESIAN_POINT('',(-16.11455,-5.41455,0.));
#63 = DIRECTION('',(0.,0.,1.));
#64 = DIRECTION('',(1.,0.,0.));
#65 = ORIENTED_EDGE('',*,*,#66,.T.);
#66 = EDGE_CURVE('',#58,#67,#69,.T.);
#67 = VERTEX_POINT('',#68);
#68 = CARTESIAN_POINT('',(-13.16734975381,-5.9,0.));
#69 = LINE('',#70,#71);
#70 = CARTESIAN_POINT('',(-16.11455,-5.9,0.));
#71 = VECTOR('',#72,1.);
#72 = DIRECTION('',(1.,0.,0.));
#73 = ORIENTED_EDGE('',*,*,#74,.F.);
#74 = EDGE_CURVE('',#75,#67,#77,.T.);
#75 = VERTEX_POINT('',#76);
#76 = CARTESIAN_POINT('',(-12.8118215137,-6.018395553265,0.));
#77 = CIRCLE('',#78,0.593003);
#78 = AXIS2_PLACEMENT_3D('',#79,#80,#81);
#79 = CARTESIAN_POINT('',(-13.16734975381,-6.493003,0.));
#80 = DIRECTION('',(0.,0.,1.));
#81 = DIRECTION('',(1.,0.,0.));
#82 = ORIENTED_EDGE('',*,*,#83,.T.);
#83 = EDGE_CURVE('',#75,#84,#86,.T.);
#84 = VERTEX_POINT('',#85);
#85 = CARTESIAN_POINT('',(-10.46871151069,-7.77361827781,0.));
#86 = LINE('',#87,#88);
#87 = CARTESIAN_POINT('',(-12.8118215137,-6.018395553265,0.));
#88 = VECTOR('',#89,1.);
#89 = DIRECTION('',(0.800345776892,-0.599538687167,0.));
#90 = ORIENTED_EDGE('',*,*,#91,.T.);
#91 = EDGE_CURVE('',#84,#92,#94,.T.);
#92 = VERTEX_POINT('',#93);
#93 = CARTESIAN_POINT('',(-10.0892017231,-7.9,0.));
#94 = CIRCLE('',#95,0.633003);
#95 = AXIS2_PLACEMENT_3D('',#96,#97,#98);
#96 = CARTESIAN_POINT('',(-10.0892017231,-7.266997,0.));
#97 = DIRECTION('',(0.,0.,1.));
#98 = DIRECTION('',(1.,0.,0.));
#99 = ORIENTED_EDGE('',*,*,#100,.T.);
#100 = EDGE_CURVE('',#92,#101,#103,.T.);
#101 = VERTEX_POINT('',#102);
#102 = CARTESIAN_POINT('',(10.0892017231,-7.9,0.));
#103 = LINE('',#104,#105);
#104 = CARTESIAN_POINT('',(-10.0892017231,-7.9,0.));
#105 = VECTOR('',#106,1.);
#106 = DIRECTION('',(1.,0.,0.));
#107 = ORIENTED_EDGE('',*,*,#108,.T.);
#108 = EDGE_CURVE('',#101,#109,#111,.T.);
#109 = VERTEX_POINT('',#110);
#110 = CARTESIAN_POINT('',(10.468711510693,-7.77361827781,0.));
#111 = CIRCLE('',#112,0.633003);
#112 = AXIS2_PLACEMENT_3D('',#113,#114,#115);
#113 = CARTESIAN_POINT('',(10.0892017231,-7.266997,0.));
#114 = DIRECTION('',(0.,0.,1.));
#115 = DIRECTION('',(1.,0.,0.));
#116 = ORIENTED_EDGE('',*,*,#117,.F.);
#117 = EDGE_CURVE('',#118,#109,#120,.T.);
#118 = VERTEX_POINT('',#119);
#119 = CARTESIAN_POINT('',(12.811821513706,-6.018395553265,0.));
#120 = LINE('',#121,#122);
#121 = CARTESIAN_POINT('',(12.811821513706,-6.018395553265,0.));
#122 = VECTOR('',#123,1.);
#123 = DIRECTION('',(-0.800345776892,-0.599538687167,0.));
#124 = ORIENTED_EDGE('',*,*,#125,.F.);
#125 = EDGE_CURVE('',#126,#118,#128,.T.);
#126 = VERTEX_POINT('',#127);
#127 = CARTESIAN_POINT('',(13.167349753812,-5.9,0.));
#128 = CIRCLE('',#129,0.593003);
#129 = AXIS2_PLACEMENT_3D('',#130,#131,#132);
#130 = CARTESIAN_POINT('',(13.167349753812,-6.493003,0.));
#131 = DIRECTION('',(0.,0.,1.));
#132 = DIRECTION('',(1.,0.,0.));
#133 = ORIENTED_EDGE('',*,*,#134,.F.);
#134 = EDGE_CURVE('',#135,#126,#137,.T.);
#135 = VERTEX_POINT('',#136);
#136 = CARTESIAN_POINT('',(16.11455,-5.9,0.));
#137 = LINE('',#138,#139);
#138 = CARTESIAN_POINT('',(16.11455,-5.9,0.));
#139 = VECTOR('',#140,1.);
#140 = DIRECTION('',(-1.,0.,0.));
#141 = ORIENTED_EDGE('',*,*,#142,.T.);
#142 = EDGE_CURVE('',#135,#143,#145,.T.);
#143 = VERTEX_POINT('',#144);
#144 = CARTESIAN_POINT('',(16.6,-5.41455,0.));
#145 = CIRCLE('',#146,0.48545);
#146 = AXIS2_PLACEMENT_3D('',#147,#148,#149);
#147 = CARTESIAN_POINT('',(16.11455,-5.41455,0.));
#148 = DIRECTION('',(0.,0.,1.));
#149 = DIRECTION('',(1.,0.,0.));
#150 = ORIENTED_EDGE('',*,*,#151,.F.);
#151 = EDGE_CURVE('',#152,#143,#154,.T.);
#152 = VERTEX_POINT('',#153);
#153 = CARTESIAN_POINT('',(16.6,5.41455,0.));
#154 = LINE('',#155,#156);
#155 = CARTESIAN_POINT('',(16.6,0.,0.));
#156 = VECTOR('',#157,1.);
#157 = DIRECTION('',(0.,-1.,0.));
#158 = ORIENTED_EDGE('',*,*,#159,.T.);
#159 = EDGE_CURVE('',#152,#160,#162,.T.);
#160 = VERTEX_POINT('',#161);
#161 = CARTESIAN_POINT('',(16.11455,5.9,0.));
#162 = CIRCLE('',#163,0.48545);
#163 = AXIS2_PLACEMENT_3D('',#164,#165,#166);
#164 = CARTESIAN_POINT('',(16.11455,5.41455,0.));
#165 = DIRECTION('',(0.,0.,1.));
#166 = DIRECTION('',(1.,0.,0.));
#167 = ORIENTED_EDGE('',*,*,#168,.T.);
#168 = EDGE_CURVE('',#160,#169,#171,.T.);
#169 = VERTEX_POINT('',#170);
#170 = CARTESIAN_POINT('',(13.167349753812,5.9,0.));
#171 = LINE('',#172,#173);
#172 = CARTESIAN_POINT('',(16.11455,5.9,0.));
#173 = VECTOR('',#174,1.);
#174 = DIRECTION('',(-1.,0.,0.));
#175 = ORIENTED_EDGE('',*,*,#176,.F.);
#176 = EDGE_CURVE('',#177,#169,#179,.T.);
#177 = VERTEX_POINT('',#178);
#178 = CARTESIAN_POINT('',(12.811821513706,6.018395553265,0.));
#179 = CIRCLE('',#180,0.593003);
#180 = AXIS2_PLACEMENT_3D('',#181,#182,#183);
#181 = CARTESIAN_POINT('',(13.167349753812,6.493003,0.));
#182 = DIRECTION('',(0.,0.,1.));
#183 = DIRECTION('',(1.,0.,0.));
#184 = ORIENTED_EDGE('',*,*,#185,.T.);
#185 = EDGE_CURVE('',#177,#186,#188,.T.);
#186 = VERTEX_POINT('',#187);
#187 = CARTESIAN_POINT('',(10.468711510693,7.77361827781,0.));
#188 = LINE('',#189,#190);
#189 = CARTESIAN_POINT('',(12.811821513706,6.018395553265,0.));
#190 = VECTOR('',#191,1.);
#191 = DIRECTION('',(-0.800345776892,0.599538687167,0.));
#192 = ORIENTED_EDGE('',*,*,#193,.T.);
#193 = EDGE_CURVE('',#186,#194,#196,.T.);
#194 = VERTEX_POINT('',#195);
#195 = CARTESIAN_POINT('',(10.0892017231,7.9,0.));
#196 = CIRCLE('',#197,0.633003);
#197 = AXIS2_PLACEMENT_3D('',#198,#199,#200);
#198 = CARTESIAN_POINT('',(10.0892017231,7.266997,0.));
#199 = DIRECTION('',(0.,0.,1.));
#200 = DIRECTION('',(1.,0.,0.));
#201 = ORIENTED_EDGE('',*,*,#202,.T.);
#202 = EDGE_CURVE('',#194,#203,#205,.T.);
#203 = VERTEX_POINT('',#204);
#204 = CARTESIAN_POINT('',(-10.0892017231,7.9,0.));
#205 = LINE('',#206,#207);
#206 = CARTESIAN_POINT('',(10.0892017231,7.9,0.));
#207 = VECTOR('',#208,1.);
#208 = DIRECTION('',(-1.,0.,0.));
#209 = ORIENTED_EDGE('',*,*,#210,.T.);
#210 = EDGE_CURVE('',#203,#211,#213,.T.);
#211 = VERTEX_POINT('',#212);
#212 = CARTESIAN_POINT('',(-10.46871151069,7.77361827781,0.));
#213 = CIRCLE('',#214,0.633003);
#214 = AXIS2_PLACEMENT_3D('',#215,#216,#217);
#215 = CARTESIAN_POINT('',(-10.0892017231,7.266997,0.));
#216 = DIRECTION('',(0.,0.,1.));
#217 = DIRECTION('',(1.,0.,0.));
#218 = ORIENTED_EDGE('',*,*,#219,.F.);
#219 = EDGE_CURVE('',#220,#211,#222,.T.);
#220 = VERTEX_POINT('',#221);
#221 = CARTESIAN_POINT('',(-12.8118215137,6.018395553265,0.));
#222 = LINE('',#223,#224);
#223 = CARTESIAN_POINT('',(-12.8118215137,6.018395553265,0.));
#224 = VECTOR('',#225,1.);
#225 = DIRECTION('',(0.800345776892,0.599538687167,0.));
#226 = ORIENTED_EDGE('',*,*,#227,.F.);
#227 = EDGE_CURVE('',#228,#220,#230,.T.);
#228 = VERTEX_POINT('',#229);
#229 = CARTESIAN_POINT('',(-13.16734975381,5.9,0.));
#230 = CIRCLE('',#231,0.593003);
#231 = AXIS2_PLACEMENT_3D('',#232,#233,#234);
#232 = CARTESIAN_POINT('',(-13.16734975381,6.493003,0.));
#233 = DIRECTION('',(0.,0.,1.));
#234 = DIRECTION('',(1.,0.,0.));
#235 = ORIENTED_EDGE('',*,*,#236,.F.);
#236 = EDGE_CURVE('',#237,#228,#239,.T.);
#237 = VERTEX_POINT('',#238);
#238 = CARTESIAN_POINT('',(-16.11455,5.9,0.));
#239 = LINE('',#240,#241);
#240 = CARTESIAN_POINT('',(-16.11455,5.9,0.));
#241 = VECTOR('',#242,1.);
#242 = DIRECTION('',(1.,0.,0.));
#243 = ORIENTED_EDGE('',*,*,#244,.T.);
#244 = EDGE_CURVE('',#237,#50,#245,.T.);
#245 = CIRCLE('',#246,0.48545);
#246 = AXIS2_PLACEMENT_3D('',#247,#248,#249);
#247 = CARTESIAN_POINT('',(-16.11455,5.41455,0.));
#248 = DIRECTION('',(0.,0.,1.));
#249 = DIRECTION('',(1.,0.,0.));
#250 = FACE_BOUND('',#251,.T.);
#251 = EDGE_LOOP('',(#252,#262,#270,#278,#286,#297,#307,#315,#323,#331,
    #339,#347,#355,#365,#376,#384));
#252 = ORIENTED_EDGE('',*,*,#253,.F.);
#253 = EDGE_CURVE('',#254,#256,#258,.T.);
#254 = VERTEX_POINT('',#255);
#255 = CARTESIAN_POINT('',(-5.154641978488,-6.061900436047,0.));
#256 = VERTEX_POINT('',#257);
#257 = CARTESIAN_POINT('',(-5.8499999,-7.,0.));
#258 = LINE('',#259,#260);
#259 = CARTESIAN_POINT('',(-3.138403873393,-3.341816248173,
    2.775557561563E-17));
#260 = VECTOR('',#261,1.);
#261 = DIRECTION('',(-0.595487056727,-0.803364901692,0.));
#262 = ORIENTED_EDGE('',*,*,#263,.F.);
#263 = EDGE_CURVE('',#264,#254,#266,.T.);
#264 = VERTEX_POINT('',#265);
#265 = CARTESIAN_POINT('',(-5.767832385465,-5.2,0.));
#266 = LINE('',#267,#268);
#267 = CARTESIAN_POINT('',(-5.720215192286,-5.266930726733,0.));
#268 = VECTOR('',#269,1.);
#269 = DIRECTION('',(0.579701732799,-0.814828755623,0.));
#270 = ORIENTED_EDGE('',*,*,#271,.F.);
#271 = EDGE_CURVE('',#272,#264,#274,.T.);
#272 = VERTEX_POINT('',#273);
#273 = CARTESIAN_POINT('',(-5.484538417442,-5.2,0.));
#274 = LINE('',#275,#276);
#275 = CARTESIAN_POINT('',(-2.883916192733,-5.2,0.));
#276 = VECTOR('',#277,1.);
#277 = DIRECTION('',(-1.,0.,0.));
#278 = ORIENTED_EDGE('',*,*,#279,.F.);
#279 = EDGE_CURVE('',#280,#272,#282,.T.);
#280 = VERTEX_POINT('',#281);
#281 = CARTESIAN_POINT('',(-5.15832112093,-5.661119186047,0.));
#282 = LINE('',#283,#284);
#283 = CARTESIAN_POINT('',(-5.795710705771,-4.760147442062,0.));
#284 = VECTOR('',#285,1.);
#285 = DIRECTION('',(-0.577535312124,0.816365704356,0.));
#286 = ORIENTED_EDGE('',*,*,#287,.F.);
#287 = EDGE_CURVE('',#288,#280,#290,.T.);
#288 = VERTEX_POINT('',#289);
#289 = CARTESIAN_POINT('',(-5.013608184884,-5.881867732558,0.));
#290 = B_SPLINE_CURVE_WITH_KNOTS('',5,(#291,#292,#293,#294,#295,#296),
  .UNSPECIFIED.,.F.,.F.,(6,6),(0.,1.),.PIECEWISE_BEZIER_KNOTS.);
#291 = CARTESIAN_POINT('',(-5.013608184884,-5.881867732558,0.));
#292 = CARTESIAN_POINT('',(-5.031114441465,-5.850356470711,0.));
#293 = CARTESIAN_POINT('',(-5.054608621046,-5.812197956784,0.));
#294 = CARTESIAN_POINT('',(-5.083863780046,-5.767675644579,0.));
#295 = CARTESIAN_POINT('',(-5.118552667328,-5.717178331486,0.));
#296 = CARTESIAN_POINT('',(-5.15832112093,-5.661119186047,0.));
#297 = ORIENTED_EDGE('',*,*,#298,.F.);
#298 = EDGE_CURVE('',#299,#288,#301,.T.);
#299 = VERTEX_POINT('',#300);
#300 = CARTESIAN_POINT('',(-4.871348010465,-5.677062136628,0.));
#301 = B_SPLINE_CURVE_WITH_KNOTS('',4,(#302,#303,#304,#305,#306),
  .UNSPECIFIED.,.F.,.F.,(5,5),(0.,1.),.PIECEWISE_BEZIER_KNOTS.);
#302 = CARTESIAN_POINT('',(-4.871348010465,-5.677062136628,0.));
#303 = CARTESIAN_POINT('',(-4.912236354755,-5.730155956825,0.));
#304 = CARTESIAN_POINT('',(-4.949618615074,-5.782011920004,0.));
#305 = CARTESIAN_POINT('',(-4.983427815509,-5.83259366011,0.));
#306 = CARTESIAN_POINT('',(-5.013608184884,-5.881867732558,0.));
#307 = ORIENTED_EDGE('',*,*,#308,.F.);
#308 = EDGE_CURVE('',#309,#299,#311,.T.);
#309 = VERTEX_POINT('',#310);
#310 = CARTESIAN_POINT('',(-4.509565670349,-5.2,0.));
#311 = LINE('',#312,#313);
#312 = CARTESIAN_POINT('',(-2.615383307681,-2.702247664143,0.));
#313 = VECTOR('',#314,1.);
#314 = DIRECTION('',(-0.604251979837,-0.796793288666,0.));
#315 = ORIENTED_EDGE('',*,*,#316,.F.);
#316 = EDGE_CURVE('',#317,#309,#319,.T.);
#317 = VERTEX_POINT('',#318);
#318 = CARTESIAN_POINT('',(-4.250799318605,-5.2,0.));
#319 = LINE('',#320,#321);
#320 = CARTESIAN_POINT('',(-2.254782835174,-5.2,0.));
#321 = VECTOR('',#322,1.);
#322 = DIRECTION('',(-1.,0.,0.));
#323 = ORIENTED_EDGE('',*,*,#324,.F.);
#324 = EDGE_CURVE('',#325,#317,#327,.T.);
#325 = VERTEX_POINT('',#326);
#326 = CARTESIAN_POINT('',(-4.882385437791,-6.048410247093,0.));
#327 = LINE('',#328,#329);
#328 = CARTESIAN_POINT('',(-2.24756618461,-2.509054986219,0.));
#329 = VECTOR('',#330,1.);
#330 = DIRECTION('',(0.597139181737,0.802137642574,-0.));
#331 = ORIENTED_EDGE('',*,*,#332,.F.);
#332 = EDGE_CURVE('',#333,#325,#335,.T.);
#333 = VERTEX_POINT('',#334);
#334 = CARTESIAN_POINT('',(-4.201744086047,-7.,0.));
#335 = LINE('',#336,#337);
#336 = CARTESIAN_POINT('',(-5.487160593128,-5.20288736025,0.));
#337 = VECTOR('',#338,1.);
#338 = DIRECTION('',(-0.581766907056,0.813355559306,0.));
#339 = ORIENTED_EDGE('',*,*,#340,.F.);
#340 = EDGE_CURVE('',#341,#333,#343,.T.);
#341 = VERTEX_POINT('',#342);
#342 = CARTESIAN_POINT('',(-4.496075481395,-7.,0.));
#343 = LINE('',#344,#345);
#344 = CARTESIAN_POINT('',(-2.100872043023,-7.,0.));
#345 = VECTOR('',#346,1.);
#346 = DIRECTION('',(1.,0.,-0.));
#347 = ORIENTED_EDGE('',*,*,#348,.F.);
#348 = EDGE_CURVE('',#349,#341,#351,.T.);
#349 = VERTEX_POINT('',#350);
#350 = CARTESIAN_POINT('',(-4.948610001744,-6.358602834302,0.));
#351 = LINE('',#352,#353);
#352 = CARTESIAN_POINT('',(-5.397633813766,-5.722181550597,0.));
#353 = VECTOR('',#354,1.);
#354 = DIRECTION('',(0.576499167389,-0.817097735892,0.));
#355 = ORIENTED_EDGE('',*,*,#356,.F.);
#356 = EDGE_CURVE('',#357,#349,#359,.T.);
#357 = VERTEX_POINT('',#358);
#358 = CARTESIAN_POINT('',(-5.027098373837,-6.238417514535,0.));
#359 = B_SPLINE_CURVE_WITH_KNOTS('',4,(#360,#361,#362,#363,#364),
  .UNSPECIFIED.,.F.,.F.,(5,5),(0.,1.),.PIECEWISE_BEZIER_KNOTS.);
#360 = CARTESIAN_POINT('',(-5.027098373837,-6.238417514535,0.));
#361 = CARTESIAN_POINT('',(-5.006890909557,-6.270871926864,0.));
#362 = CARTESIAN_POINT('',(-4.987071740635,-6.301726775784,0.));
#363 = CARTESIAN_POINT('',(-4.967643859196,-6.330973041227,0.));
#364 = CARTESIAN_POINT('',(-4.948610001744,-6.358602834302,0.));
#365 = ORIENTED_EDGE('',*,*,#366,.F.);
#366 = EDGE_CURVE('',#367,#357,#369,.T.);
#367 = VERTEX_POINT('',#368);
#368 = CARTESIAN_POINT('',(-5.112945030814,-6.37331940407,0.));
#369 = B_SPLINE_CURVE_WITH_KNOTS('',5,(#370,#371,#372,#373,#374,#375),
  .UNSPECIFIED.,.F.,.F.,(6,6),(0.,1.),.PIECEWISE_BEZIER_KNOTS.);
#370 = CARTESIAN_POINT('',(-5.112945030814,-6.37331940407,0.));
#371 = CARTESIAN_POINT('',(-5.102546289925,-6.358464059943,0.));
#372 = CARTESIAN_POINT('',(-5.088681198866,-6.337407166317,0.));
#373 = CARTESIAN_POINT('',(-5.071410766014,-6.310251553226,0.));
#374 = CARTESIAN_POINT('',(-5.050839352051,-6.277178295292,0.));
#375 = CARTESIAN_POINT('',(-5.027098373837,-6.238417514535,0.));
#376 = ORIENTED_EDGE('',*,*,#377,.F.);
#377 = EDGE_CURVE('',#378,#367,#380,.T.);
#378 = VERTEX_POINT('',#379);
#379 = CARTESIAN_POINT('',(-5.564253170349,-7.,0.));
#380 = LINE('',#381,#382);
#381 = CARTESIAN_POINT('',(-2.728719488758,-3.062614914964,0.));
#382 = VECTOR('',#383,1.);
#383 = DIRECTION('',(0.584388390386,0.811474096433,-0.));
#384 = ORIENTED_EDGE('',*,*,#385,.F.);
#385 = EDGE_CURVE('',#256,#378,#386,.T.);
#386 = LINE('',#387,#388);
#387 = CARTESIAN_POINT('',(-2.782126585174,-7.,0.));
#388 = VECTOR('',#389,1.);
#389 = DIRECTION('',(1.,0.,-0.));
#390 = FACE_BOUND('',#391,.T.);
#391 = EDGE_LOOP('',(#392,#402,#410,#418,#426,#434,#442,#450));
#392 = ORIENTED_EDGE('',*,*,#393,.F.);
#393 = EDGE_CURVE('',#394,#396,#398,.T.);
#394 = VERTEX_POINT('',#395);
#395 = CARTESIAN_POINT('',(-3.535410510465,-5.407994186047,0.));
#396 = VERTEX_POINT('',#397);
#397 = CARTESIAN_POINT('',(-3.535410510465,-7.,0.));
#398 = LINE('',#399,#400);
#399 = CARTESIAN_POINT('',(-3.535410510465,-3.5,0.));
#400 = VECTOR('',#401,1.);
#401 = DIRECTION('',(0.,-1.,0.));
#402 = ORIENTED_EDGE('',*,*,#403,.F.);
#403 = EDGE_CURVE('',#404,#394,#406,.T.);
#404 = VERTEX_POINT('',#405);
#405 = CARTESIAN_POINT('',(-4.127752443605,-5.407994186047,0.));
#406 = LINE('',#407,#408);
#407 = CARTESIAN_POINT('',(-1.767705255233,-5.407994186047,0.));
#408 = VECTOR('',#409,1.);
#409 = DIRECTION('',(1.,0.,-0.));
#410 = ORIENTED_EDGE('',*,*,#411,.F.);
#411 = EDGE_CURVE('',#412,#404,#414,.T.);
#412 = VERTEX_POINT('',#413);
#413 = CARTESIAN_POINT('',(-4.127752443605,-5.2,0.));
#414 = LINE('',#415,#416);
#415 = CARTESIAN_POINT('',(-4.127752443605,-2.703997093023,0.));
#416 = VECTOR('',#417,1.);
#417 = DIRECTION('',(0.,-1.,0.));
#418 = ORIENTED_EDGE('',*,*,#419,.F.);
#419 = EDGE_CURVE('',#420,#412,#422,.T.);
#420 = VERTEX_POINT('',#421);
#421 = CARTESIAN_POINT('',(-2.702697937791,-5.2,0.));
#422 = LINE('',#423,#424);
#423 = CARTESIAN_POINT('',(-2.063876221802,-5.2,0.));
#424 = VECTOR('',#425,1.);
#425 = DIRECTION('',(-1.,0.,0.));
#426 = ORIENTED_EDGE('',*,*,#427,.F.);
#427 = EDGE_CURVE('',#428,#420,#430,.T.);
#428 = VERTEX_POINT('',#429);
#429 = CARTESIAN_POINT('',(-2.702697937791,-5.407994186047,0.));
#430 = LINE('',#431,#432);
#431 = CARTESIAN_POINT('',(-2.702697937791,-2.6,0.));
#432 = VECTOR('',#433,1.);
#433 = DIRECTION('',(0.,1.,0.));
#434 = ORIENTED_EDGE('',*,*,#435,.F.);
#435 = EDGE_CURVE('',#436,#428,#438,.T.);
#436 = VERTEX_POINT('',#437);
#437 = CARTESIAN_POINT('',(-3.297492632558,-5.407994186047,0.));
#438 = LINE('',#439,#440);
#439 = CARTESIAN_POINT('',(-1.351348968895,-5.407994186047,0.));
#440 = VECTOR('',#441,1.);
#441 = DIRECTION('',(1.,0.,-0.));
#442 = ORIENTED_EDGE('',*,*,#443,.F.);
#443 = EDGE_CURVE('',#444,#436,#446,.T.);
#444 = VERTEX_POINT('',#445);
#445 = CARTESIAN_POINT('',(-3.297492632558,-7.,0.));
#446 = LINE('',#447,#448);
#447 = CARTESIAN_POINT('',(-3.297492632558,-2.703997093023,0.));
#448 = VECTOR('',#449,1.);
#449 = DIRECTION('',(0.,1.,0.));
#450 = ORIENTED_EDGE('',*,*,#451,.F.);
#451 = EDGE_CURVE('',#396,#444,#452,.T.);
#452 = LINE('',#453,#454);
#453 = CARTESIAN_POINT('',(-1.648746316279,-7.,0.));
#454 = VECTOR('',#455,1.);
#455 = DIRECTION('',(1.,0.,-0.));
#456 = FACE_BOUND('',#457,.T.);
#457 = EDGE_LOOP('',(#458,#468,#479,#492,#505,#516,#528,#543,#556,#571,
    #586,#599,#614,#629,#644,#661,#678,#693,#708));
#458 = ORIENTED_EDGE('',*,*,#459,.F.);
#459 = EDGE_CURVE('',#460,#462,#464,.T.);
#460 = VERTEX_POINT('',#461);
#461 = CARTESIAN_POINT('',(-1.62331930407,-5.65523255814,0.));
#462 = VERTEX_POINT('',#463);
#463 = CARTESIAN_POINT('',(-1.403797138372,-5.638063226744,0.));
#464 = LINE('',#465,#466);
#465 = CARTESIAN_POINT('',(-0.487023701688,-5.566360276389,0.));
#466 = VECTOR('',#467,1.);
#467 = DIRECTION('',(0.996955380034,7.797416380157E-02,-0.));
#468 = ORIENTED_EDGE('',*,*,#469,.F.);
#469 = EDGE_CURVE('',#470,#460,#472,.T.);
#470 = VERTEX_POINT('',#471);
#471 = CARTESIAN_POINT('',(-1.706713199419,-5.467759811047,0.));
#472 = B_SPLINE_CURVE_WITH_KNOTS('',5,(#473,#474,#475,#476,#477,#478),
  .UNSPECIFIED.,.F.,.F.,(6,6),(0.,1.),.PIECEWISE_BEZIER_KNOTS.);
#473 = CARTESIAN_POINT('',(-1.706713199419,-5.467759811047,0.));
#474 = CARTESIAN_POINT('',(-1.684933532867,-5.491321450316,0.));
#475 = CARTESIAN_POINT('',(-1.665711057068,-5.522019110043,0.));
#476 = CARTESIAN_POINT('',(-1.649058790387,-5.559729838672,0.));
#477 = CARTESIAN_POINT('',(-1.634947485496,-5.604230062382,0.));
#478 = CARTESIAN_POINT('',(-1.62331930407,-5.65523255814,0.));
#479 = ORIENTED_EDGE('',*,*,#480,.F.);
#480 = EDGE_CURVE('',#481,#470,#483,.T.);
#481 = VERTEX_POINT('',#482);
#482 = CARTESIAN_POINT('',(-1.92746174593,-5.37398255814,0.));
#483 = B_SPLINE_CURVE_WITH_KNOTS('',4,(#484,#485,#486,#487,#488,#489,
    #490,#491),.UNSPECIFIED.,.F.,.F.,(5,3,5),(0.,0.519065020781,1.),
  .UNSPECIFIED.);
#484 = CARTESIAN_POINT('',(-1.92746174593,-5.37398255814,0.));
#485 = CARTESIAN_POINT('',(-1.893530419566,-5.37398255814,0.));
#486 = CARTESIAN_POINT('',(-1.861337687371,-5.378162536651,0.));
#487 = CARTESIAN_POINT('',(-1.830971497149,-5.386589921065,0.));
#488 = CARTESIAN_POINT('',(-1.776089295425,-5.410965618113,0.));
#489 = CARTESIAN_POINT('',(-1.751307134222,-5.426316052465,0.));
#490 = CARTESIAN_POINT('',(-1.728178564624,-5.445275086032,0.));
#491 = CARTESIAN_POINT('',(-1.706713199419,-5.467759811047,0.));
#492 = ORIENTED_EDGE('',*,*,#493,.F.);
#493 = EDGE_CURVE('',#494,#481,#496,.T.);
#494 = VERTEX_POINT('',#495);
#495 = CARTESIAN_POINT('',(-2.112645248837,-5.432521802326,0.));
#496 = B_SPLINE_CURVE_WITH_KNOTS('',4,(#497,#498,#499,#500,#501,#502,
    #503,#504),.UNSPECIFIED.,.F.,.F.,(5,3,5),(0.,0.33580795938,1.),
  .UNSPECIFIED.);
#497 = CARTESIAN_POINT('',(-2.112645248837,-5.432521802326,0.));
#498 = CARTESIAN_POINT('',(-2.099261104762,-5.42269303601,0.));
#499 = CARTESIAN_POINT('',(-2.085385022713,-5.413958618202,0.));
#500 = CARTESIAN_POINT('',(-2.0710196521,-5.406324382076,0.));
#501 = CARTESIAN_POINT('',(-2.026797232537,-5.386872474672,0.));
#502 = CARTESIAN_POINT('',(-1.995528106418,-5.378264295287,0.));
#503 = CARTESIAN_POINT('',(-1.962396619417,-5.37398255814,0.));
#504 = CARTESIAN_POINT('',(-1.92746174593,-5.37398255814,0.));
#505 = ORIENTED_EDGE('',*,*,#506,.F.);
#506 = EDGE_CURVE('',#507,#494,#509,.T.);
#507 = VERTEX_POINT('',#508);
#508 = CARTESIAN_POINT('',(-2.276980277907,-5.653352107558,0.));
#509 = B_SPLINE_CURVE_WITH_KNOTS('',5,(#510,#511,#512,#513,#514,#515),
  .UNSPECIFIED.,.F.,.F.,(6,6),(0.,1.),.PIECEWISE_BEZIER_KNOTS.);
#510 = CARTESIAN_POINT('',(-2.276980277907,-5.653352107558,0.));
#511 = CARTESIAN_POINT('',(-2.253171584233,-5.595822529374,0.));
#512 = CARTESIAN_POINT('',(-2.224870934614,-5.544731250798,0.));
#513 = CARTESIAN_POINT('',(-2.19200549481,-5.500368659836,0.));
#514 = CARTESIAN_POINT('',(-2.154569556693,-5.462937476652,0.));
#515 = CARTESIAN_POINT('',(-2.112645248837,-5.432521802326,0.));
#516 = ORIENTED_EDGE('',*,*,#517,.F.);
#517 = EDGE_CURVE('',#518,#507,#520,.T.);
#518 = VERTEX_POINT('',#519);
#519 = CARTESIAN_POINT('',(-2.339525699419,-6.066969476744,0.));
#520 = B_SPLINE_CURVE_WITH_KNOTS('',6,(#521,#522,#523,#524,#525,#526,
    #527),.UNSPECIFIED.,.F.,.F.,(7,7),(0.,1.),.PIECEWISE_BEZIER_KNOTS.);
#521 = CARTESIAN_POINT('',(-2.339525699419,-6.066969476744,0.));
#522 = CARTESIAN_POINT('',(-2.33874304725,-5.981321241042,0.));
#523 = CARTESIAN_POINT('',(-2.334423759727,-5.901519121457,0.));
#524 = CARTESIAN_POINT('',(-2.326309201719,-5.828182903784,0.));
#525 = CARTESIAN_POINT('',(-2.314151154678,-5.76197036179,0.));
#526 = CARTESIAN_POINT('',(-2.297743031932,-5.703521700958,0.));
#527 = CARTESIAN_POINT('',(-2.276980277907,-5.653352107558,0.));
#528 = ORIENTED_EDGE('',*,*,#529,.F.);
#529 = EDGE_CURVE('',#530,#518,#532,.T.);
#530 = VERTEX_POINT('',#531);
#531 = CARTESIAN_POINT('',(-2.14453115,-5.886773255814,0.));
#532 = B_SPLINE_CURVE_WITH_KNOTS('',5,(#533,#534,#535,#536,#537,#538,
    #539,#540,#541,#542),.UNSPECIFIED.,.F.,.F.,(6,4,6),(0.,
    7.980286633475E-02,1.),.UNSPECIFIED.);
#533 = CARTESIAN_POINT('',(-2.14453115,-5.886773255814,0.));
#534 = CARTESIAN_POINT('',(-2.148219945749,-5.888656896196,0.));
#535 = CARTESIAN_POINT('',(-2.151886098782,-5.890580569631,0.));
#536 = CARTESIAN_POINT('',(-2.155529568125,-5.89254426174,0.));
#537 = CARTESIAN_POINT('',(-2.159150314667,-5.894547954833,0.));
#538 = CARTESIAN_POINT('',(-2.2042362453,-5.920156973256,0.));
#539 = CARTESIAN_POINT('',(-2.242698412292,-5.949038335807,0.));
#540 = CARTESIAN_POINT('',(-2.27807630839,-5.983203064929,0.));
#541 = CARTESIAN_POINT('',(-2.310348517996,-6.022560310353,0.));
#542 = CARTESIAN_POINT('',(-2.339525699419,-6.066969476744,0.));
#543 = ORIENTED_EDGE('',*,*,#544,.F.);
#544 = EDGE_CURVE('',#545,#530,#547,.T.);
#545 = VERTEX_POINT('',#546);
#546 = CARTESIAN_POINT('',(-1.902934129651,-5.827906976744,0.));
#547 = B_SPLINE_CURVE_WITH_KNOTS('',4,(#548,#549,#550,#551,#552,#553,
    #554,#555),.UNSPECIFIED.,.F.,.F.,(5,3,5),(0.,0.387881525091,1.),
  .UNSPECIFIED.);
#548 = CARTESIAN_POINT('',(-1.902934129651,-5.827906976744,0.));
#549 = CARTESIAN_POINT('',(-1.927423034043,-5.827906976744,0.));
#550 = CARTESIAN_POINT('',(-1.951651976053,-5.829381964177,0.));
#551 = CARTESIAN_POINT('',(-1.975611877773,-5.832336449491,0.));
#552 = CARTESIAN_POINT('',(-2.036668663375,-5.84376388824,0.));
#553 = CARTESIAN_POINT('',(-2.073352605754,-5.854439729995,0.));
#554 = CARTESIAN_POINT('',(-2.109314723696,-5.868790399829,0.));
#555 = CARTESIAN_POINT('',(-2.14453115,-5.886773255814,0.));
#556 = ORIENTED_EDGE('',*,*,#557,.F.);
#557 = EDGE_CURVE('',#558,#545,#560,.T.);
#558 = VERTEX_POINT('',#559);
#559 = CARTESIAN_POINT('',(-1.527089289535,-5.991342659884,0.));
#560 = B_SPLINE_CURVE_WITH_KNOTS('',5,(#561,#562,#563,#564,#565,#566,
    #567,#568,#569,#570),.UNSPECIFIED.,.F.,.F.,(6,4,6),(0.,
    0.533284386134,1.),.UNSPECIFIED.);
#561 = CARTESIAN_POINT('',(-1.527089289535,-5.991342659884,0.));
#562 = CARTESIAN_POINT('',(-1.559830800705,-5.956840666827,0.));
#563 = CARTESIAN_POINT('',(-1.59463956585,-5.926639396575,0.));
#564 = CARTESIAN_POINT('',(-1.631496501577,-5.90094795605,0.));
#565 = CARTESIAN_POINT('',(-1.67034354904,-5.8799041887,0.));
#566 = CARTESIAN_POINT('',(-1.746718319074,-5.849238210695,0.));
#567 = CARTESIAN_POINT('',(-1.783807057687,-5.838517518832,0.));
#568 = CARTESIAN_POINT('',(-1.822267917633,-5.831417397271,0.));
#569 = CARTESIAN_POINT('',(-1.862011418681,-5.827906976744,0.));
#570 = CARTESIAN_POINT('',(-1.902934129651,-5.827906976744,0.));
#571 = ORIENTED_EDGE('',*,*,#572,.F.);
#572 = EDGE_CURVE('',#573,#558,#575,.T.);
#573 = VERTEX_POINT('',#574);
#574 = CARTESIAN_POINT('',(-1.371911237209,-6.413626453488,0.));
#575 = B_SPLINE_CURVE_WITH_KNOTS('',5,(#576,#577,#578,#579,#580,#581,
    #582,#583,#584,#585),.UNSPECIFIED.,.F.,.F.,(6,4,6),(0.,0.74768393935
    ,1.),.UNSPECIFIED.);
#576 = CARTESIAN_POINT('',(-1.371911237209,-6.413626453488,0.));
#577 = CARTESIAN_POINT('',(-1.371911237209,-6.337881441114,0.));
#578 = CARTESIAN_POINT('',(-1.380210791323,-6.266155787326,0.));
#579 = CARTESIAN_POINT('',(-1.397288583414,-6.19904358015,0.));
#580 = CARTESIAN_POINT('',(-1.423375557815,-6.137050589201,0.));
#581 = CARTESIAN_POINT('',(-1.470046011099,-6.061406383029,0.));
#582 = CARTESIAN_POINT('',(-1.482825243058,-6.042938340563,0.));
#583 = CARTESIAN_POINT('',(-1.496600794476,-6.025100006437,0.));
#584 = CARTESIAN_POINT('',(-1.511360910607,-6.007899720525,0.));
#585 = CARTESIAN_POINT('',(-1.527089289535,-5.991342659884,0.));
#586 = ORIENTED_EDGE('',*,*,#587,.F.);
#587 = EDGE_CURVE('',#588,#573,#590,.T.);
#588 = VERTEX_POINT('',#589);
#589 = CARTESIAN_POINT('',(-1.444921775,-6.729950944767,0.));
#590 = B_SPLINE_CURVE_WITH_KNOTS('',4,(#591,#592,#593,#594,#595,#596,
    #597,#598),.UNSPECIFIED.,.F.,.F.,(5,3,5),(0.,0.307713285442,1.),
  .UNSPECIFIED.);
#591 = CARTESIAN_POINT('',(-1.444921775,-6.729950944767,0.));
#592 = CARTESIAN_POINT('',(-1.433685805545,-6.707453841312,0.));
#593 = CARTESIAN_POINT('',(-1.423594987989,-6.684563245587,0.));
#594 = CARTESIAN_POINT('',(-1.414656615417,-6.661285539339,0.));
#595 = CARTESIAN_POINT('',(-1.389362744767,-6.58440618096,0.));
#596 = CARTESIAN_POINT('',(-1.37769881436,-6.529264480331,0.));
#597 = CARTESIAN_POINT('',(-1.371911237209,-6.472296237904,0.));
#598 = CARTESIAN_POINT('',(-1.371911237209,-6.413626453488,0.));
#599 = ORIENTED_EDGE('',*,*,#600,.F.);
#600 = EDGE_CURVE('',#601,#588,#603,.T.);
#601 = VERTEX_POINT('',#602);
#602 = CARTESIAN_POINT('',(-1.645394158721,-6.953724563953,0.));
#603 = B_SPLINE_CURVE_WITH_KNOTS('',5,(#604,#605,#606,#607,#608,#609,
    #610,#611,#612,#613),.UNSPECIFIED.,.F.,.F.,(6,4,6),(0.,
    0.215549180113,1.),.UNSPECIFIED.);
#604 = CARTESIAN_POINT('',(-1.645394158721,-6.953724563953,0.));
#605 = CARTESIAN_POINT('',(-1.63437919463,-6.947016733257,0.));
#606 = CARTESIAN_POINT('',(-1.623615214492,-6.93998770924,0.));
#607 = CARTESIAN_POINT('',(-1.613103752656,-6.932637804701,0.));
#608 = CARTESIAN_POINT('',(-1.602846125376,-6.924967615226,0.));
#609 = CARTESIAN_POINT('',(-1.556440499723,-6.887901382657,0.));
#610 = CARTESIAN_POINT('',(-1.523413633971,-6.854594016228,0.));
#611 = CARTESIAN_POINT('',(-1.493817030587,-6.8170989507,0.));
#612 = CARTESIAN_POINT('',(-1.46766172568,-6.775507325781,0.));
#613 = CARTESIAN_POINT('',(-1.444921775,-6.729950944767,0.));
#614 = ORIENTED_EDGE('',*,*,#615,.F.);
#615 = EDGE_CURVE('',#616,#601,#618,.T.);
#616 = VERTEX_POINT('',#617);
#617 = CARTESIAN_POINT('',(-1.934820030814,-7.031395348837,0.));
#618 = B_SPLINE_CURVE_WITH_KNOTS('',5,(#619,#620,#621,#622,#623,#624,
    #625,#626,#627,#628),.UNSPECIFIED.,.F.,.F.,(6,4,6),(0.,
    0.771420213846,1.),.UNSPECIFIED.);
#619 = CARTESIAN_POINT('',(-1.934820030814,-7.031395348837,0.));
#620 = CARTESIAN_POINT('',(-1.885154653081,-7.031395348837,0.));
#621 = CARTESIAN_POINT('',(-1.837317197416,-7.026826085899,0.));
#622 = CARTESIAN_POINT('',(-1.791399969976,-7.017616807321,0.));
#623 = CARTESIAN_POINT('',(-1.747478750227,-7.003741267232,0.));
#624 = CARTESIAN_POINT('',(-1.693203705305,-6.979737984586,0.));
#625 = CARTESIAN_POINT('',(-1.680977689429,-6.973843817799,0.));
#626 = CARTESIAN_POINT('',(-1.66893327661,-6.967542788246,0.));
#627 = CARTESIAN_POINT('',(-1.657071734717,-6.96083590831,0.));
#628 = CARTESIAN_POINT('',(-1.645394158721,-6.953724563953,0.));
#629 = ORIENTED_EDGE('',*,*,#630,.F.);
#630 = EDGE_CURVE('',#631,#616,#633,.T.);
#631 = VERTEX_POINT('',#632);
#632 = CARTESIAN_POINT('',(-2.384901789535,-6.827816133721,0.));
#633 = B_SPLINE_CURVE_WITH_KNOTS('',5,(#634,#635,#636,#637,#638,#639,
    #640,#641,#642,#643),.UNSPECIFIED.,.F.,.F.,(6,4,6),(0.,
    0.457430261055,1.),.UNSPECIFIED.);
#634 = CARTESIAN_POINT('',(-2.384901789535,-6.827816133721,0.));
#635 = CARTESIAN_POINT('',(-2.353359998047,-6.864688932221,0.));
#636 = CARTESIAN_POINT('',(-2.319466493013,-6.89769710567,0.));
#637 = CARTESIAN_POINT('',(-2.283230213347,-6.926608093124,0.));
#638 = CARTESIAN_POINT('',(-2.244710239054,-6.951259988298,0.));
#639 = CARTESIAN_POINT('',(-2.155782912956,-6.995706361267,0.));
#640 = CARTESIAN_POINT('',(-2.10449129434,-7.013745818378,0.));
#641 = CARTESIAN_POINT('',(-2.050368306705,-7.025601619122,0.));
#642 = CARTESIAN_POINT('',(-1.99370176702,-7.031395348837,0.));
#643 = CARTESIAN_POINT('',(-1.934820030814,-7.031395348837,0.));
#644 = ORIENTED_EDGE('',*,*,#645,.F.);
#645 = EDGE_CURVE('',#646,#631,#648,.T.);
#646 = VERTEX_POINT('',#647);
#647 = CARTESIAN_POINT('',(-2.559047865116,-6.156577034884,0.));
#648 = B_SPLINE_CURVE_WITH_KNOTS('',6,(#649,#650,#651,#652,#653,#654,
    #655,#656,#657,#658,#659,#660),.UNSPECIFIED.,.F.,.F.,(7,5,7),(0.,
    0.524222520676,1.),.UNSPECIFIED.);
#649 = CARTESIAN_POINT('',(-2.559047865116,-6.156577034884,0.));
#650 = CARTESIAN_POINT('',(-2.559047865116,-6.229892902078,0.));
#651 = CARTESIAN_POINT('',(-2.556478962472,-6.301128190309,0.));
#652 = CARTESIAN_POINT('',(-2.551102792778,-6.369983403532,0.));
#653 = CARTESIAN_POINT('',(-2.542657633631,-6.436078864818,0.));
#654 = CARTESIAN_POINT('',(-2.530872369541,-6.498967420706,0.));
#655 = CARTESIAN_POINT('',(-2.50156988307,-6.611912685459,0.));
#656 = CARTESIAN_POINT('',(-2.484682413055,-6.662619013111,0.));
#657 = CARTESIAN_POINT('',(-2.464678239141,-6.709927112782,0.));
#658 = CARTESIAN_POINT('',(-2.441412979283,-6.753451671651,0.));
#659 = CARTESIAN_POINT('',(-2.414809989931,-6.792838984807,0.));
#660 = CARTESIAN_POINT('',(-2.384901789535,-6.827816133721,0.));
#661 = ORIENTED_EDGE('',*,*,#662,.F.);
#662 = EDGE_CURVE('',#663,#646,#665,.T.);
#663 = VERTEX_POINT('',#664);
#664 = CARTESIAN_POINT('',(-2.366506077326,-5.396220930233,0.));
#665 = B_SPLINE_CURVE_WITH_KNOTS('',6,(#666,#667,#668,#669,#670,#671,
    #672,#673,#674,#675,#676,#677),.UNSPECIFIED.,.F.,.F.,(7,5,7),(0.,
    0.474807206508,1.),.UNSPECIFIED.);
#666 = CARTESIAN_POINT('',(-2.366506077326,-5.396220930233,0.));
#667 = CARTESIAN_POINT('',(-2.399883831393,-5.437393913487,0.));
#668 = CARTESIAN_POINT('',(-2.429480591647,-5.483330245794,0.));
#669 = CARTESIAN_POINT('',(-2.455270048119,-5.533669761758,0.));
#670 = CARTESIAN_POINT('',(-2.477371480919,-5.58796059219,0.));
#671 = CARTESIAN_POINT('',(-2.495973943899,-5.645741771441,0.));
#672 = CARTESIAN_POINT('',(-2.528245542703,-5.773887637453,0.));
#673 = CARTESIAN_POINT('',(-2.541181659866,-5.84493716755,0.));
#674 = CARTESIAN_POINT('',(-2.550409095448,-5.919185042459,0.));
#675 = CARTESIAN_POINT('',(-2.556260650041,-5.996130670288,0.));
#676 = CARTESIAN_POINT('',(-2.559047865116,-6.075364178796,0.));
#677 = CARTESIAN_POINT('',(-2.559047865116,-6.156577034884,0.));
#678 = ORIENTED_EDGE('',*,*,#679,.F.);
#679 = EDGE_CURVE('',#680,#663,#682,.T.);
#680 = VERTEX_POINT('',#681);
#681 = CARTESIAN_POINT('',(-1.913971556977,-5.189534883721,0.));
#682 = B_SPLINE_CURVE_WITH_KNOTS('',5,(#683,#684,#685,#686,#687,#688,
    #689,#690,#691,#692),.UNSPECIFIED.,.F.,.F.,(6,4,6),(0.,0.58927136246
    ,1.),.UNSPECIFIED.);
#683 = CARTESIAN_POINT('',(-1.913971556977,-5.189534883721,0.));
#684 = CARTESIAN_POINT('',(-1.979557767416,-5.189534883721,0.));
#685 = CARTESIAN_POINT('',(-2.042230690121,-5.196399097305,0.));
#686 = CARTESIAN_POINT('',(-2.101505134646,-5.210527580154,0.));
#687 = CARTESIAN_POINT('',(-2.156954036814,-5.232115522792,0.));
#688 = CARTESIAN_POINT('',(-2.244065242096,-5.281124898156,0.));
#689 = CARTESIAN_POINT('',(-2.277848423709,-5.304799342666,0.));
#690 = CARTESIAN_POINT('',(-2.309539228731,-5.331965399675,0.));
#691 = CARTESIAN_POINT('',(-2.339093156537,-5.362498368796,0.));
#692 = CARTESIAN_POINT('',(-2.366506077326,-5.396220930233,0.));
#693 = ORIENTED_EDGE('',*,*,#694,.F.);
#694 = EDGE_CURVE('',#695,#680,#697,.T.);
#695 = VERTEX_POINT('',#696);
#696 = CARTESIAN_POINT('',(-1.566333475581,-5.308739098837,0.));
#697 = B_SPLINE_CURVE_WITH_KNOTS('',5,(#698,#699,#700,#701,#702,#703,
    #704,#705,#706,#707),.UNSPECIFIED.,.F.,.F.,(6,4,6),(0.,
    0.187890939524,1.),.UNSPECIFIED.);
#698 = CARTESIAN_POINT('',(-1.566333475581,-5.308739098837,0.));
#699 = CARTESIAN_POINT('',(-1.576566570384,-5.299734963519,0.));
#700 = CARTESIAN_POINT('',(-1.587079673778,-5.291150159672,0.));
#701 = CARTESIAN_POINT('',(-1.597871338875,-5.282987666319,0.));
#702 = CARTESIAN_POINT('',(-1.608939636557,-5.275249756904,0.));
#703 = CARTESIAN_POINT('',(-1.669307203723,-5.236334854297,0.));
#704 = CARTESIAN_POINT('',(-1.723458730985,-5.212690610617,0.));
#705 = CARTESIAN_POINT('',(-1.78253296435,-5.197140884808,0.));
#706 = CARTESIAN_POINT('',(-1.84618177007,-5.189534883721,0.));
#707 = CARTESIAN_POINT('',(-1.913971556977,-5.189534883721,0.));
#708 = ORIENTED_EDGE('',*,*,#709,.F.);
#709 = EDGE_CURVE('',#462,#695,#710,.T.);
#710 = B_SPLINE_CURVE_WITH_KNOTS('',5,(#711,#712,#713,#714,#715,#716,
    #717,#718,#719,#720),.UNSPECIFIED.,.F.,.F.,(6,4,6),(0.,
    0.808114036136,1.),.UNSPECIFIED.);
#711 = CARTESIAN_POINT('',(-1.403797138372,-5.638063226744,0.));
#712 = CARTESIAN_POINT('',(-1.412376614018,-5.571247310354,0.));
#713 = CARTESIAN_POINT('',(-1.427912096185,-5.50944326633,0.));
#714 = CARTESIAN_POINT('',(-1.450678000598,-5.453114724537,0.));
#715 = CARTESIAN_POINT('',(-1.480777330747,-5.402619007698,0.));
#716 = CARTESIAN_POINT('',(-1.526904331032,-5.347576574311,0.));
#717 = CARTESIAN_POINT('',(-1.536160236202,-5.337353673219,0.));
#718 = CARTESIAN_POINT('',(-1.545818952969,-5.327472080073,0.));
#719 = CARTESIAN_POINT('',(-1.555877818257,-5.317933518849,0.));
#720 = CARTESIAN_POINT('',(-1.566333475581,-5.308739098837,0.));
#721 = FACE_BOUND('',#722,.T.);
#722 = EDGE_LOOP('',(#723,#737,#748,#763,#774,#787,#798,#809,#821,#832,
    #847,#862));
#723 = ORIENTED_EDGE('',*,*,#724,.F.);
#724 = EDGE_CURVE('',#725,#727,#729,.T.);
#725 = VERTEX_POINT('',#726);
#726 = CARTESIAN_POINT('',(-1.086573301163,-5.596202761628,0.));
#727 = VERTEX_POINT('',#728);
#728 = CARTESIAN_POINT('',(-1.152143795349,-6.111119186047,0.));
#729 = B_SPLINE_CURVE_WITH_KNOTS('',6,(#730,#731,#732,#733,#734,#735,
    #736),.UNSPECIFIED.,.F.,.F.,(7,7),(0.,1.),.PIECEWISE_BEZIER_KNOTS.);
#730 = CARTESIAN_POINT('',(-1.086573301163,-5.596202761628,0.));
#731 = CARTESIAN_POINT('',(-1.109398290707,-5.664080068439,0.));
#732 = CARTESIAN_POINT('',(-1.127128145275,-5.740064942248,0.));
#733 = CARTESIAN_POINT('',(-1.139958973987,-5.823486772496,0.));
#734 = CARTESIAN_POINT('',(-1.148189001162,-5.913598460505,0.));
#735 = CARTESIAN_POINT('',(-1.152143795349,-6.009686605805,0.));
#736 = CARTESIAN_POINT('',(-1.152143795349,-6.111119186047,0.));
#737 = ORIENTED_EDGE('',*,*,#738,.F.);
#738 = EDGE_CURVE('',#739,#725,#741,.T.);
#739 = VERTEX_POINT('',#740);
#740 = CARTESIAN_POINT('',(-0.891578751744,-5.295330668605,0.));
#741 = B_SPLINE_CURVE_WITH_KNOTS('',5,(#742,#743,#744,#745,#746,#747),
  .UNSPECIFIED.,.F.,.F.,(6,6),(0.,1.),.PIECEWISE_BEZIER_KNOTS.);
#742 = CARTESIAN_POINT('',(-0.891578751744,-5.295330668605,0.));
#743 = CARTESIAN_POINT('',(-0.943796924256,-5.338042625134,0.));
#744 = CARTESIAN_POINT('',(-0.989472824611,-5.389805144948,0.));
#745 = CARTESIAN_POINT('',(-1.028432124782,-5.450415849233,0.));
#746 = CARTESIAN_POINT('',(-1.060731241233,-5.519416765373,0.));
#747 = CARTESIAN_POINT('',(-1.086573301163,-5.596202761628,0.));
#748 = ORIENTED_EDGE('',*,*,#749,.F.);
#749 = EDGE_CURVE('',#750,#739,#752,.T.);
#750 = VERTEX_POINT('',#751);
#751 = CARTESIAN_POINT('',(-0.565933766279,-5.189534883721,0.));
#752 = B_SPLINE_CURVE_WITH_KNOTS('',5,(#753,#754,#755,#756,#757,#758,
    #759,#760,#761,#762),.UNSPECIFIED.,.F.,.F.,(6,4,6),(0.,0.837854054,
    1.),.UNSPECIFIED.);
#753 = CARTESIAN_POINT('',(-0.565933766279,-5.189534883721,0.));
#754 = CARTESIAN_POINT('',(-0.630788327352,-5.189534883721,0.));
#755 = CARTESIAN_POINT('',(-0.691694807732,-5.196758216729,0.));
#756 = CARTESIAN_POINT('',(-0.748300812622,-5.211477894312,0.));
#757 = CARTESIAN_POINT('',(-0.800327976493,-5.233811251916,0.));
#758 = CARTESIAN_POINT('',(-0.856762395886,-5.269427095609,0.));
#759 = CARTESIAN_POINT('',(-0.865735453533,-5.275483292979,0.));
#760 = CARTESIAN_POINT('',(-0.874529810737,-5.281819999977,0.));
#761 = CARTESIAN_POINT('',(-0.88314450393,-5.288436217138,0.));
#762 = CARTESIAN_POINT('',(-0.891578751744,-5.295330668605,0.));
#763 = ORIENTED_EDGE('',*,*,#764,.F.);
#764 = EDGE_CURVE('',#765,#750,#767,.T.);
#765 = VERTEX_POINT('',#766);
#766 = CARTESIAN_POINT('',(-0.312072937791,-5.247992369186,0.));
#767 = B_SPLINE_CURVE_WITH_KNOTS('',5,(#768,#769,#770,#771,#772,#773),
  .UNSPECIFIED.,.F.,.F.,(6,6),(0.,1.),.PIECEWISE_BEZIER_KNOTS.);
#768 = CARTESIAN_POINT('',(-0.312072937791,-5.247992369186,0.));
#769 = CARTESIAN_POINT('',(-0.355898089434,-5.224520471489,0.));
#770 = CARTESIAN_POINT('',(-0.403288078602,-5.206948898741,0.));
#771 = CARTESIAN_POINT('',(-0.454170401318,-5.195303167946,0.));
#772 = CARTESIAN_POINT('',(-0.508433371193,-5.189534883721,0.));
#773 = CARTESIAN_POINT('',(-0.565933766279,-5.189534883721,0.));
#774 = ORIENTED_EDGE('',*,*,#775,.F.);
#775 = EDGE_CURVE('',#776,#765,#778,.T.);
#776 = VERTEX_POINT('',#777);
#777 = CARTESIAN_POINT('',(-0.13179495814,-5.416578851744,0.));
#778 = B_SPLINE_CURVE_WITH_KNOTS('',4,(#779,#780,#781,#782,#783,#784,
    #785,#786),.UNSPECIFIED.,.F.,.F.,(5,3,5),(0.,0.724233589338,1.),
  .UNSPECIFIED.);
#779 = CARTESIAN_POINT('',(-0.13179495814,-5.416578851744,0.));
#780 = CARTESIAN_POINT('',(-0.157474386544,-5.376820012593,0.));
#781 = CARTESIAN_POINT('',(-0.186526307726,-5.341443750744,0.));
#782 = CARTESIAN_POINT('',(-0.218957540461,-5.310557143084,0.));
#783 = CARTESIAN_POINT('',(-0.268336367347,-5.274159890541,0.));
#784 = CARTESIAN_POINT('',(-0.282436283693,-5.264779001978,0.));
#785 = CARTESIAN_POINT('',(-0.297016408631,-5.256056352968,0.));
#786 = CARTESIAN_POINT('',(-0.312072937791,-5.247992369186,0.));
#787 = ORIENTED_EDGE('',*,*,#788,.F.);
#788 = EDGE_CURVE('',#789,#776,#791,.T.);
#789 = VERTEX_POINT('',#790);
#790 = CARTESIAN_POINT('',(-2.019430406977E-02,-5.684747456395,0.));
#791 = B_SPLINE_CURVE_WITH_KNOTS('',5,(#792,#793,#794,#795,#796,#797),
  .UNSPECIFIED.,.F.,.F.,(6,6),(0.,1.),.PIECEWISE_BEZIER_KNOTS.);
#792 = CARTESIAN_POINT('',(-2.019430406977E-02,-5.684747456395,0.));
#793 = CARTESIAN_POINT('',(-3.622716488585E-02,-5.62210593555,0.));
#794 = CARTESIAN_POINT('',(-5.535876636891E-02,-5.56382306577,0.));
#795 = CARTESIAN_POINT('',(-7.764479937604E-02,-5.510056467542,0.));
#796 = CARTESIAN_POINT('',(-0.103120900339,-5.460941244617,0.));
#797 = CARTESIAN_POINT('',(-0.13179495814,-5.416578851744,0.));
#798 = ORIENTED_EDGE('',*,*,#799,.F.);
#799 = EDGE_CURVE('',#800,#789,#802,.T.);
#800 = VERTEX_POINT('',#801);
#801 = CARTESIAN_POINT('',(2.02762627907E-02,-6.111119186047,0.));
#802 = B_SPLINE_CURVE_WITH_KNOTS('',5,(#803,#804,#805,#806,#807,#808),
  .UNSPECIFIED.,.F.,.F.,(6,6),(0.,1.),.PIECEWISE_BEZIER_KNOTS.);
#803 = CARTESIAN_POINT('',(2.02762627907E-02,-6.111119186047,0.));
#804 = CARTESIAN_POINT('',(2.02762627907E-02,-6.008086861795,0.));
#805 = CARTESIAN_POINT('',(1.654444625447E-02,-5.912938266077,0.));
#806 = CARTESIAN_POINT('',(8.753645313504E-03,-5.826637059422,0.));
#807 = CARTESIAN_POINT('',(-3.424788258121E-03,-5.750267140395,0.));
#808 = CARTESIAN_POINT('',(-2.019430406977E-02,-5.684747456395,0.));
#809 = ORIENTED_EDGE('',*,*,#810,.F.);
#810 = EDGE_CURVE('',#811,#800,#813,.T.);
#811 = VERTEX_POINT('',#812);
#812 = CARTESIAN_POINT('',(-4.472192034884E-02,-6.623582848837,0.));
#813 = B_SPLINE_CURVE_WITH_KNOTS('',6,(#814,#815,#816,#817,#818,#819,
    #820),.UNSPECIFIED.,.F.,.F.,(7,7),(0.,1.),.PIECEWISE_BEZIER_KNOTS.);
#814 = CARTESIAN_POINT('',(-4.472192034884E-02,-6.623582848837,0.));
#815 = CARTESIAN_POINT('',(-2.211928484108E-02,-6.555746511326,0.));
#816 = CARTESIAN_POINT('',(-4.550084722159E-03,-6.479988695415,0.));
#817 = CARTESIAN_POINT('',(8.176025996141E-03,-6.396951732462,0.));
#818 = CARTESIAN_POINT('',(1.634653729403E-02,-6.307350270141,0.));
#819 = CARTESIAN_POINT('',(2.02762627907E-02,-6.211869354422,0.));
#820 = CARTESIAN_POINT('',(2.02762627907E-02,-6.111119186047,0.));
#821 = ORIENTED_EDGE('',*,*,#822,.F.);
#822 = EDGE_CURVE('',#823,#811,#825,.T.);
#823 = VERTEX_POINT('',#824);
#824 = CARTESIAN_POINT('',(-0.239144158721,-6.925027252907,0.));
#825 = B_SPLINE_CURVE_WITH_KNOTS('',5,(#826,#827,#828,#829,#830,#831),
  .UNSPECIFIED.,.F.,.F.,(6,6),(0.,1.),.PIECEWISE_BEZIER_KNOTS.);
#826 = CARTESIAN_POINT('',(-0.239144158721,-6.925027252907,0.));
#827 = CARTESIAN_POINT('',(-0.18690543061,-6.882061476533,0.));
#828 = CARTESIAN_POINT('',(-0.141275069112,-6.830119927252,0.));
#829 = CARTESIAN_POINT('',(-0.102429353877,-6.769401034329,0.));
#830 = CARTESIAN_POINT('',(-7.031292855736E-02,-6.700355873463,0.));
#831 = CARTESIAN_POINT('',(-4.472192034884E-02,-6.623582848837,0.));
#832 = ORIENTED_EDGE('',*,*,#833,.F.);
#833 = EDGE_CURVE('',#834,#823,#836,.T.);
#834 = VERTEX_POINT('',#835);
#835 = CARTESIAN_POINT('',(-0.565933766279,-7.031395348837,0.));
#836 = B_SPLINE_CURVE_WITH_KNOTS('',5,(#837,#838,#839,#840,#841,#842,
    #843,#844,#845,#846),.UNSPECIFIED.,.F.,.F.,(6,4,6),(0.,
    0.843857395394,1.),.UNSPECIFIED.);
#837 = CARTESIAN_POINT('',(-0.565933766279,-7.031395348837,0.));
#838 = CARTESIAN_POINT('',(-0.500233033704,-7.031395348837,0.));
#839 = CARTESIAN_POINT('',(-0.438605264048,-7.024034493773,0.));
#840 = CARTESIAN_POINT('',(-0.381421553122,-7.009025850447,0.));
#841 = CARTESIAN_POINT('',(-0.328974893053,-6.986245259379,0.));
#842 = CARTESIAN_POINT('',(-0.272640098829,-6.950172468274,0.));
#843 = CARTESIAN_POINT('',(-0.264011789056,-6.944277658142,0.));
#844 = CARTESIAN_POINT('',(-0.255552471228,-6.938121204451,0.));
#845 = CARTESIAN_POINT('',(-0.24726302285,-6.931704017908,0.));
#846 = CARTESIAN_POINT('',(-0.239144158721,-6.925027252907,0.));
#847 = ORIENTED_EDGE('',*,*,#848,.F.);
#848 = EDGE_CURVE('',#849,#834,#851,.T.);
#849 = VERTEX_POINT('',#850);
#850 = CARTESIAN_POINT('',(-0.974318577326,-6.84441315407,0.));
#851 = B_SPLINE_CURVE_WITH_KNOTS('',5,(#852,#853,#854,#855,#856,#857,
    #858,#859,#860,#861),.UNSPECIFIED.,.F.,.F.,(6,4,6),(0.,
    0.386630821982,1.),.UNSPECIFIED.);
#852 = CARTESIAN_POINT('',(-0.974318577326,-6.84441315407,0.));
#853 = CARTESIAN_POINT('',(-0.951467652735,-6.873206578058,0.));
#854 = CARTESIAN_POINT('',(-0.926830398966,-6.89939557559,0.));
#855 = CARTESIAN_POINT('',(-0.900409406643,-6.922864344371,0.));
#856 = CARTESIAN_POINT('',(-0.872233862733,-6.943532085672,0.));
#857 = CARTESIAN_POINT('',(-0.794980975786,-6.989648957361,0.));
#858 = CARTESIAN_POINT('',(-0.743329296168,-7.010798051483,0.));
#859 = CARTESIAN_POINT('',(-0.687663703653,-7.024654006672,0.));
#860 = CARTESIAN_POINT('',(-0.628378237458,-7.031395348837,0.));
#861 = CARTESIAN_POINT('',(-0.565933766279,-7.031395348837,0.));
#862 = ORIENTED_EDGE('',*,*,#863,.F.);
#863 = EDGE_CURVE('',#727,#849,#864,.T.);
#864 = B_SPLINE_CURVE_WITH_KNOTS('',6,(#865,#866,#867,#868,#869,#870,
    #871,#872,#873,#874,#875,#876),.UNSPECIFIED.,.F.,.F.,(7,5,7),(0.,
    0.52736795803,1.),.UNSPECIFIED.);
#865 = CARTESIAN_POINT('',(-1.152143795349,-6.111119186047,0.));
#866 = CARTESIAN_POINT('',(-1.152143795349,-6.190367180161,0.));
#867 = CARTESIAN_POINT('',(-1.149548630504,-6.267577453419,0.));
#868 = CARTESIAN_POINT('',(-1.144101174876,-6.342442707777,0.));
#869 = CARTESIAN_POINT('',(-1.135511806057,-6.414557129336,0.));
#870 = CARTESIAN_POINT('',(-1.123469857074,-6.48342650439,0.));
#871 = CARTESIAN_POINT('',(-1.093543188245,-6.606834455067,0.));
#872 = CARTESIAN_POINT('',(-1.07639483667,-6.662117839439,0.));
#873 = CARTESIAN_POINT('',(-1.056039840033,-6.713949583832,0.));
#874 = CARTESIAN_POINT('',(-1.032300213408,-6.761886658953,0.));
#875 = CARTESIAN_POINT('',(-1.005057084046,-6.805491844871,0.));
#876 = CARTESIAN_POINT('',(-0.974318577326,-6.84441315407,0.));
#877 = FACE_BOUND('',#878,.T.);
#878 = EDGE_LOOP('',(#879));
#879 = ORIENTED_EDGE('',*,*,#880,.F.);
#880 = EDGE_CURVE('',#881,#881,#883,.T.);
#881 = VERTEX_POINT('',#882);
#882 = CARTESIAN_POINT('',(-9.25,0.,0.));
#883 = CIRCLE('',#884,3.5);
#884 = AXIS2_PLACEMENT_3D('',#885,#886,#887);
#885 = CARTESIAN_POINT('',(-12.75,0.,0.));
#886 = DIRECTION('',(0.,0.,1.));
#887 = DIRECTION('',(1.,0.,0.));
#888 = FACE_BOUND('',#889,.T.);
#889 = EDGE_LOOP('',(#890,#900,#908,#916));
#890 = ORIENTED_EDGE('',*,*,#891,.F.);
#891 = EDGE_CURVE('',#892,#894,#896,.T.);
#892 = VERTEX_POINT('',#893);
#893 = CARTESIAN_POINT('',(3.56925882093,-6.236046511628,0.));
#894 = VERTEX_POINT('',#895);
#895 = CARTESIAN_POINT('',(3.56925882093,-6.455813953488,0.));
#896 = LINE('',#897,#898);
#897 = CARTESIAN_POINT('',(3.56925882093,-3.227906976744,0.));
#898 = VECTOR('',#899,1.);
#899 = DIRECTION('',(0.,-1.,0.));
#900 = ORIENTED_EDGE('',*,*,#901,.F.);
#901 = EDGE_CURVE('',#902,#892,#904,.T.);
#902 = VERTEX_POINT('',#903);
#903 = CARTESIAN_POINT('',(4.247447411047,-6.236046511628,0.));
#904 = LINE('',#905,#906);
#905 = CARTESIAN_POINT('',(1.784629410465,-6.236046511628,0.));
#906 = VECTOR('',#907,1.);
#907 = DIRECTION('',(-1.,0.,0.));
#908 = ORIENTED_EDGE('',*,*,#909,.F.);
#909 = EDGE_CURVE('',#910,#902,#912,.T.);
#910 = VERTEX_POINT('',#911);
#911 = CARTESIAN_POINT('',(4.247447411047,-6.455813953488,0.));
#912 = LINE('',#913,#914);
#913 = CARTESIAN_POINT('',(4.247447411047,-3.118023255814,0.));
#914 = VECTOR('',#915,1.);
#915 = DIRECTION('',(0.,1.,0.));
#916 = ORIENTED_EDGE('',*,*,#917,.F.);
#917 = EDGE_CURVE('',#894,#910,#918,.T.);
#918 = LINE('',#919,#920);
#919 = CARTESIAN_POINT('',(2.123723705523,-6.455813953488,0.));
#920 = VECTOR('',#921,1.);
#921 = DIRECTION('',(1.,0.,-0.));
#922 = FACE_BOUND('',#923,.T.);
#923 = EDGE_LOOP('',(#924,#934,#942,#953,#966,#979,#992,#1003,#1018,
    #1033,#1046,#1057,#1067,#1078));
#924 = ORIENTED_EDGE('',*,*,#925,.F.);
#925 = EDGE_CURVE('',#926,#928,#930,.T.);
#926 = VERTEX_POINT('',#927);
#927 = CARTESIAN_POINT('',(0.324663980814,-5.2,0.));
#928 = VERTEX_POINT('',#929);
#929 = CARTESIAN_POINT('',(0.324663980814,-7.,0.));
#930 = LINE('',#931,#932);
#931 = CARTESIAN_POINT('',(0.324663980814,-3.5,0.));
#932 = VECTOR('',#933,1.);
#933 = DIRECTION('',(0.,-1.,0.));
#934 = ORIENTED_EDGE('',*,*,#935,.F.);
#935 = EDGE_CURVE('',#936,#926,#938,.T.);
#936 = VERTEX_POINT('',#937);
#937 = CARTESIAN_POINT('',(0.999173428488,-5.2,0.));
#938 = LINE('',#939,#940);
#939 = CARTESIAN_POINT('',(0.162331990407,-5.2,0.));
#940 = VECTOR('',#941,1.);
#941 = DIRECTION('',(-1.,0.,0.));
#942 = ORIENTED_EDGE('',*,*,#943,.F.);
#943 = EDGE_CURVE('',#944,#936,#946,.T.);
#944 = VERTEX_POINT('',#945);
#945 = CARTESIAN_POINT('',(1.329642178488,-5.254696584302,0.));
#946 = B_SPLINE_CURVE_WITH_KNOTS('',5,(#947,#948,#949,#950,#951,#952),
  .UNSPECIFIED.,.F.,.F.,(6,6),(0.,1.),.PIECEWISE_BEZIER_KNOTS.);
#947 = CARTESIAN_POINT('',(1.329642178488,-5.254696584302,0.));
#948 = CARTESIAN_POINT('',(1.278918636496,-5.232400888118,0.));
#949 = CARTESIAN_POINT('',(1.220065038905,-5.215936512071,0.));
#950 = CARTESIAN_POINT('',(1.153461222771,-5.20521459326,0.));
#951 = CARTESIAN_POINT('',(1.07964095893,-5.2,0.));
#952 = CARTESIAN_POINT('',(0.999173428488,-5.2,0.));
#953 = ORIENTED_EDGE('',*,*,#954,.F.);
#954 = EDGE_CURVE('',#955,#944,#957,.T.);
#955 = VERTEX_POINT('',#956);
#956 = CARTESIAN_POINT('',(1.524636727907,-5.423037790698,0.));
#957 = B_SPLINE_CURVE_WITH_KNOTS('',4,(#958,#959,#960,#961,#962,#963,
    #964,#965),.UNSPECIFIED.,.F.,.F.,(5,3,5),(0.,0.455907508986,1.),
  .UNSPECIFIED.);
#958 = CARTESIAN_POINT('',(1.524636727907,-5.423037790698,0.));
#959 = CARTESIAN_POINT('',(1.508594739636,-5.39715100916,0.));
#960 = CARTESIAN_POINT('',(1.490659551865,-5.373263257477,0.));
#961 = CARTESIAN_POINT('',(1.47083029839,-5.351410947652,0.));
#962 = CARTESIAN_POINT('',(1.423221776344,-5.307980656381,0.));
#963 = CARTESIAN_POINT('',(1.394646524353,-5.287273248438,0.));
#964 = CARTESIAN_POINT('',(1.363430876641,-5.269516577977,0.));
#965 = CARTESIAN_POINT('',(1.329642178488,-5.254696584302,0.));
#966 = ORIENTED_EDGE('',*,*,#967,.F.);
#967 = EDGE_CURVE('',#968,#955,#970,.T.);
#968 = VERTEX_POINT('',#969);
#969 = CARTESIAN_POINT('',(1.59519450407,-5.660710392442,0.));
#970 = B_SPLINE_CURVE_WITH_KNOTS('',4,(#971,#972,#973,#974,#975,#976,
    #977,#978),.UNSPECIFIED.,.F.,.F.,(5,3,5),(0.,0.251704264243,1.),
  .UNSPECIFIED.);
#971 = CARTESIAN_POINT('',(1.59519450407,-5.660710392442,0.));
#972 = CARTESIAN_POINT('',(1.59519450407,-5.645089254087,0.));
#973 = CARTESIAN_POINT('',(1.594448331229,-5.629571557057,0.));
#974 = CARTESIAN_POINT('',(1.592954614954,-5.614160659044,0.));
#975 = CARTESIAN_POINT('',(1.584052056594,-5.553371130292,0.));
#976 = CARTESIAN_POINT('',(1.570787044478,-5.508853798827,0.));
#977 = CARTESIAN_POINT('',(1.550931893695,-5.465390375223,0.));
#978 = CARTESIAN_POINT('',(1.524636727907,-5.423037790698,0.));
#979 = ORIENTED_EDGE('',*,*,#980,.F.);
#980 = EDGE_CURVE('',#981,#968,#983,.T.);
#981 = VERTEX_POINT('',#982);
#982 = CARTESIAN_POINT('',(1.532649082558,-5.878270348837,0.));
#983 = B_SPLINE_CURVE_WITH_KNOTS('',4,(#984,#985,#986,#987,#988,#989,
    #990,#991),.UNSPECIFIED.,.F.,.F.,(5,3,5),(0.,0.620145243153,1.),
  .UNSPECIFIED.);
#984 = CARTESIAN_POINT('',(1.532649082558,-5.878270348837,0.));
#985 = CARTESIAN_POINT('',(1.551999694921,-5.846702291022,0.));
#986 = CARTESIAN_POINT('',(1.567397482544,-5.81421087927,0.));
#987 = CARTESIAN_POINT('',(1.578787772684,-5.780819102686,0.));
#988 = CARTESIAN_POINT('',(1.590680426221,-5.725577788373,0.));
#989 = CARTESIAN_POINT('',(1.593691505681,-5.704269225624,0.));
#990 = CARTESIAN_POINT('',(1.59519450407,-5.682643679649,0.));
#991 = CARTESIAN_POINT('',(1.59519450407,-5.660710392442,0.));
#992 = ORIENTED_EDGE('',*,*,#993,.F.);
#993 = EDGE_CURVE('',#994,#981,#996,.T.);
#994 = VERTEX_POINT('',#995);
#995 = CARTESIAN_POINT('',(1.343786437209,-6.04285065407,0.));
#996 = B_SPLINE_CURVE_WITH_KNOTS('',5,(#997,#998,#999,#1000,#1001,#1002)
  ,.UNSPECIFIED.,.F.,.F.,(6,6),(0.,1.),.PIECEWISE_BEZIER_KNOTS.);
#997 = CARTESIAN_POINT('',(1.343786437209,-6.04285065407,0.));
#998 = CARTESIAN_POINT('',(1.393963295464,-6.017973324993,0.));
#999 = CARTESIAN_POINT('',(1.438110080153,-5.989089273852,0.));
#1000 = CARTESIAN_POINT('',(1.476015705644,-5.956158601666,0.));
#1001 = CARTESIAN_POINT('',(1.507543703761,-5.91919375715,0.));
#1002 = CARTESIAN_POINT('',(1.532649082558,-5.878270348837,0.));
#1003 = ORIENTED_EDGE('',*,*,#1004,.F.);
#1004 = EDGE_CURVE('',#1005,#994,#1007,.T.);
#1005 = VERTEX_POINT('',#1006);
#1006 = CARTESIAN_POINT('',(1.594540434302,-6.206041061047,0.));
#1007 = B_SPLINE_CURVE_WITH_KNOTS('',5,(#1008,#1009,#1010,#1011,#1012,
    #1013,#1014,#1015,#1016,#1017),.UNSPECIFIED.,.F.,.F.,(6,4,6),(0.,
    0.113514322671,1.),.UNSPECIFIED.);
#1008 = CARTESIAN_POINT('',(1.594540434302,-6.206041061047,0.));
#1009 = CARTESIAN_POINT('',(1.590544468033,-6.200781444996,0.));
#1010 = CARTESIAN_POINT('',(1.586449967677,-6.195608914561,0.));
#1011 = CARTESIAN_POINT('',(1.582257048185,-6.190523728408,0.));
#1012 = CARTESIAN_POINT('',(1.577965856935,-6.185526116776,0.));
#1013 = CARTESIAN_POINT('',(1.539298637651,-6.142273114052,0.));
#1014 = CARTESIAN_POINT('',(1.499037240782,-6.109282001551,0.));
#1015 = CARTESIAN_POINT('',(1.452880403877,-6.081743432301,0.));
#1016 = CARTESIAN_POINT('',(1.401032923997,-6.059637217865,0.));
#1017 = CARTESIAN_POINT('',(1.343786437209,-6.04285065407,0.));
#1018 = ORIENTED_EDGE('',*,*,#1019,.F.);
#1019 = EDGE_CURVE('',#1020,#1005,#1022,.T.);
#1020 = VERTEX_POINT('',#1021);
#1021 = CARTESIAN_POINT('',(1.68226754186,-6.478461119186,0.));
#1022 = B_SPLINE_CURVE_WITH_KNOTS('',5,(#1023,#1024,#1025,#1026,#1027,
    #1028,#1029,#1030,#1031,#1032),.UNSPECIFIED.,.F.,.F.,(6,4,6),(0.,
    0.693479320807,1.),.UNSPECIFIED.);
#1023 = CARTESIAN_POINT('',(1.68226754186,-6.478461119186,0.));
#1024 = CARTESIAN_POINT('',(1.68226754186,-6.435165394715,0.));
#1025 = CARTESIAN_POINT('',(1.678100955134,-6.393671721013,0.));
#1026 = CARTESIAN_POINT('',(1.669699099745,-6.354069050734,0.));
#1027 = CARTESIAN_POINT('',(1.657036214376,-6.316429074896,0.));
#1028 = CARTESIAN_POINT('',(1.632667026015,-6.265056060234,0.));
#1029 = CARTESIAN_POINT('',(1.62436962125,-6.249702531751,0.));
#1030 = CARTESIAN_POINT('',(1.615246531773,-6.234746710549,0.));
#1031 = CARTESIAN_POINT('',(1.605301596684,-6.220192039723,0.));
#1032 = CARTESIAN_POINT('',(1.594540434302,-6.206041061047,0.));
#1033 = ORIENTED_EDGE('',*,*,#1034,.F.);
#1034 = EDGE_CURVE('',#1035,#1020,#1037,.T.);
#1035 = VERTEX_POINT('',#1036);
#1036 = CARTESIAN_POINT('',(1.628879097093,-6.71351744186,0.));
#1037 = B_SPLINE_CURVE_WITH_KNOTS('',4,(#1038,#1039,#1040,#1041,#1042,
    #1043,#1044,#1045),.UNSPECIFIED.,.F.,.F.,(5,3,5),(0.,0.291828135983,
    1.),.UNSPECIFIED.);
#1038 = CARTESIAN_POINT('',(1.628879097093,-6.71351744186,0.));
#1039 = CARTESIAN_POINT('',(1.636671167069,-6.697658849214,0.));
#1040 = CARTESIAN_POINT('',(1.643707709659,-6.681542927229,0.));
#1041 = CARTESIAN_POINT('',(1.649986246074,-6.665171977026,0.));
#1042 = CARTESIAN_POINT('',(1.668900085172,-6.608209871098,0.));
#1043 = CARTESIAN_POINT('',(1.677825071111,-6.566385701894,0.));
#1044 = CARTESIAN_POINT('',(1.68226754186,-6.523117171363,0.));
#1045 = CARTESIAN_POINT('',(1.68226754186,-6.478461119186,0.));
#1046 = ORIENTED_EDGE('',*,*,#1047,.F.);
#1047 = EDGE_CURVE('',#1048,#1035,#1050,.T.);
#1048 = VERTEX_POINT('',#1049);
#1049 = CARTESIAN_POINT('',(1.497084038953,-6.881041061047,0.));
#1050 = B_SPLINE_CURVE_WITH_KNOTS('',5,(#1051,#1052,#1053,#1054,#1055,
    #1056),.UNSPECIFIED.,.F.,.F.,(6,6),(0.,1.),
  .PIECEWISE_BEZIER_KNOTS.);
#1051 = CARTESIAN_POINT('',(1.497084038953,-6.881041061047,0.));
#1052 = CARTESIAN_POINT('',(1.528598795608,-6.857372165684,0.));
#1053 = CARTESIAN_POINT('',(1.557547444413,-6.828724287522,0.));
#1054 = CARTESIAN_POINT('',(1.583907333799,-6.795139620615,0.));
#1055 = CARTESIAN_POINT('',(1.607678293739,-6.756699446238,0.));
#1056 = CARTESIAN_POINT('',(1.628879097093,-6.71351744186,0.));
#1057 = ORIENTED_EDGE('',*,*,#1058,.F.);
#1058 = EDGE_CURVE('',#1059,#1048,#1061,.T.);
#1059 = VERTEX_POINT('',#1060);
#1060 = CARTESIAN_POINT('',(1.300209038953,-6.969994549419,0.));
#1061 = B_SPLINE_CURVE_WITH_KNOTS('',4,(#1062,#1063,#1064,#1065,#1066),
  .UNSPECIFIED.,.F.,.F.,(5,5),(0.,1.),.PIECEWISE_BEZIER_KNOTS.);
#1062 = CARTESIAN_POINT('',(1.300209038953,-6.969994549419,0.));
#1063 = CARTESIAN_POINT('',(1.359060226358,-6.955037894056,0.));
#1064 = CARTESIAN_POINT('',(1.411622983808,-6.935268041738,0.));
#1065 = CARTESIAN_POINT('',(1.457670801651,-6.910600989023,0.));
#1066 = CARTESIAN_POINT('',(1.497084038953,-6.881041061047,0.));
#1067 = ORIENTED_EDGE('',*,*,#1068,.F.);
#1068 = EDGE_CURVE('',#1069,#1059,#1071,.T.);
#1069 = VERTEX_POINT('',#1070);
#1070 = CARTESIAN_POINT('',(1.010210855814,-7.,0.));
#1071 = B_SPLINE_CURVE_WITH_KNOTS('',5,(#1072,#1073,#1074,#1075,#1076,
    #1077),.UNSPECIFIED.,.F.,.F.,(6,6),(0.,1.),
  .PIECEWISE_BEZIER_KNOTS.);
#1072 = CARTESIAN_POINT('',(1.010210855814,-7.,0.));
#1073 = CARTESIAN_POINT('',(1.077906424838,-7.,0.));
#1074 = CARTESIAN_POINT('',(1.140962167842,-6.997084619945,0.));
#1075 = CARTESIAN_POINT('',(1.199159552537,-6.991159603049,0.));
#1076 = CARTESIAN_POINT('',(1.252296847996,-6.982146431991,0.));
#1077 = CARTESIAN_POINT('',(1.300209038953,-6.969994549419,0.));
#1078 = ORIENTED_EDGE('',*,*,#1079,.F.);
#1079 = EDGE_CURVE('',#928,#1069,#1080,.T.);
#1080 = LINE('',#1081,#1082);
#1081 = CARTESIAN_POINT('',(0.505105427907,-7.,0.));
#1082 = VECTOR('',#1083,1.);
#1083 = DIRECTION('',(1.,0.,-0.));
#1084 = FACE_BOUND('',#1085,.T.);
#1085 = EDGE_LOOP('',(#1086,#1096,#1104,#1112,#1120,#1128,#1136,#1144,
    #1152,#1160,#1168,#1176));
#1086 = ORIENTED_EDGE('',*,*,#1087,.F.);
#1087 = EDGE_CURVE('',#1088,#1090,#1092,.T.);
#1088 = VERTEX_POINT('',#1089);
#1089 = CARTESIAN_POINT('',(2.013799155233,-5.2,0.));
#1090 = VERTEX_POINT('',#1091);
#1091 = CARTESIAN_POINT('',(2.013799155233,-7.,0.));
#1092 = LINE('',#1093,#1094);
#1093 = CARTESIAN_POINT('',(2.013799155233,-3.5,0.));
#1094 = VECTOR('',#1095,1.);
#1095 = DIRECTION('',(0.,-1.,0.));
#1096 = ORIENTED_EDGE('',*,*,#1097,.F.);
#1097 = EDGE_CURVE('',#1098,#1088,#1100,.T.);
#1098 = VERTEX_POINT('',#1099);
#1099 = CARTESIAN_POINT('',(3.313762818023,-5.2,0.));
#1100 = LINE('',#1101,#1102);
#1101 = CARTESIAN_POINT('',(1.006899577616,-5.2,0.));
#1102 = VECTOR('',#1103,1.);
#1103 = DIRECTION('',(-1.,0.,0.));
#1104 = ORIENTED_EDGE('',*,*,#1105,.F.);
#1105 = EDGE_CURVE('',#1106,#1098,#1108,.T.);
#1106 = VERTEX_POINT('',#1107);
#1107 = CARTESIAN_POINT('',(3.313762818023,-5.407994186047,0.));
#1108 = LINE('',#1109,#1110);
#1109 = CARTESIAN_POINT('',(3.313762818023,-2.6,0.));
#1110 = VECTOR('',#1111,1.);
#1111 = DIRECTION('',(0.,1.,0.));
#1112 = ORIENTED_EDGE('',*,*,#1113,.F.);
#1113 = EDGE_CURVE('',#1114,#1106,#1116,.T.);
#1114 = VERTEX_POINT('',#1115);
#1115 = CARTESIAN_POINT('',(2.25171703314,-5.407994186047,0.));
#1116 = LINE('',#1117,#1118);
#1117 = CARTESIAN_POINT('',(1.656881409012,-5.407994186047,0.));
#1118 = VECTOR('',#1119,1.);
#1119 = DIRECTION('',(1.,0.,-0.));
#1120 = ORIENTED_EDGE('',*,*,#1121,.F.);
#1121 = EDGE_CURVE('',#1122,#1114,#1124,.T.);
#1122 = VERTEX_POINT('',#1123);
#1123 = CARTESIAN_POINT('',(2.25171703314,-5.963953488372,0.));
#1124 = LINE('',#1125,#1126);
#1125 = CARTESIAN_POINT('',(2.25171703314,-2.703997093023,0.));
#1126 = VECTOR('',#1127,1.);
#1127 = DIRECTION('',(0.,1.,0.));
#1128 = ORIENTED_EDGE('',*,*,#1129,.F.);
#1129 = EDGE_CURVE('',#1130,#1122,#1132,.T.);
#1130 = VERTEX_POINT('',#1131);
#1131 = CARTESIAN_POINT('',(3.246311873256,-5.963953488372,0.));
#1132 = LINE('',#1133,#1134);
#1133 = CARTESIAN_POINT('',(1.12585851657,-5.963953488372,0.));
#1134 = VECTOR('',#1135,1.);
#1135 = DIRECTION('',(-1.,0.,0.));
#1136 = ORIENTED_EDGE('',*,*,#1137,.F.);
#1137 = EDGE_CURVE('',#1138,#1130,#1140,.T.);
#1138 = VERTEX_POINT('',#1139);
#1139 = CARTESIAN_POINT('',(3.246311873256,-6.171947674419,0.));
#1140 = LINE('',#1141,#1142);
#1141 = CARTESIAN_POINT('',(3.246311873256,-2.981976744186,0.));
#1142 = VECTOR('',#1143,1.);
#1143 = DIRECTION('',(0.,1.,0.));
#1144 = ORIENTED_EDGE('',*,*,#1145,.F.);
#1145 = EDGE_CURVE('',#1146,#1138,#1148,.T.);
#1146 = VERTEX_POINT('',#1147);
#1147 = CARTESIAN_POINT('',(2.25171703314,-6.171947674419,0.));
#1148 = LINE('',#1149,#1150);
#1149 = CARTESIAN_POINT('',(1.623155936628,-6.171947674419,0.));
#1150 = VECTOR('',#1151,1.);
#1151 = DIRECTION('',(1.,0.,-0.));
#1152 = ORIENTED_EDGE('',*,*,#1153,.F.);
#1153 = EDGE_CURVE('',#1154,#1146,#1156,.T.);
#1154 = VERTEX_POINT('',#1155);
#1155 = CARTESIAN_POINT('',(2.25171703314,-6.792005813953,0.));
#1156 = LINE('',#1157,#1158);
#1157 = CARTESIAN_POINT('',(2.25171703314,-3.085973837209,0.));
#1158 = VECTOR('',#1159,1.);
#1159 = DIRECTION('',(0.,1.,0.));
#1160 = ORIENTED_EDGE('',*,*,#1161,.F.);
#1161 = EDGE_CURVE('',#1162,#1154,#1164,.T.);
#1162 = VERTEX_POINT('',#1163);
#1163 = CARTESIAN_POINT('',(3.355459765698,-6.792005813953,0.));
#1164 = LINE('',#1165,#1166);
#1165 = CARTESIAN_POINT('',(1.12585851657,-6.792005813953,0.));
#1166 = VECTOR('',#1167,1.);
#1167 = DIRECTION('',(-1.,0.,0.));
#1168 = ORIENTED_EDGE('',*,*,#1169,.F.);
#1169 = EDGE_CURVE('',#1170,#1162,#1172,.T.);
#1170 = VERTEX_POINT('',#1171);
#1171 = CARTESIAN_POINT('',(3.355459765698,-7.,0.));
#1172 = LINE('',#1173,#1174);
#1173 = CARTESIAN_POINT('',(3.355459765698,-3.396002906977,0.));
#1174 = VECTOR('',#1175,1.);
#1175 = DIRECTION('',(0.,1.,0.));
#1176 = ORIENTED_EDGE('',*,*,#1177,.F.);
#1177 = EDGE_CURVE('',#1090,#1170,#1178,.T.);
#1178 = LINE('',#1179,#1180);
#1179 = CARTESIAN_POINT('',(1.677729882849,-7.,0.));
#1180 = VECTOR('',#1181,1.);
#1181 = DIRECTION('',(1.,0.,-0.));
#1182 = FACE_BOUND('',#1183,.T.);
#1183 = EDGE_LOOP('',(#1184,#1194,#1202,#1210,#1221,#1232,#1240,#1248,
    #1256,#1264,#1272,#1280,#1288,#1296,#1304));
#1184 = ORIENTED_EDGE('',*,*,#1185,.F.);
#1185 = EDGE_CURVE('',#1186,#1188,#1190,.T.);
#1186 = VERTEX_POINT('',#1187);
#1187 = CARTESIAN_POINT('',(4.51316325407,-5.2,0.));
#1188 = VERTEX_POINT('',#1189);
#1189 = CARTESIAN_POINT('',(4.51316325407,-7.,0.));
#1190 = LINE('',#1191,#1192);
#1191 = CARTESIAN_POINT('',(4.51316325407,-3.5,0.));
#1192 = VECTOR('',#1193,1.);
#1193 = DIRECTION('',(0.,-1.,0.));
#1194 = ORIENTED_EDGE('',*,*,#1195,.F.);
#1195 = EDGE_CURVE('',#1196,#1186,#1198,.T.);
#1196 = VERTEX_POINT('',#1197);
#1197 = CARTESIAN_POINT('',(4.871266451744,-5.2,0.));
#1198 = LINE('',#1199,#1200);
#1199 = CARTESIAN_POINT('',(2.256581627035,-5.2,0.));
#1200 = VECTOR('',#1201,1.);
#1201 = DIRECTION('',(-1.,0.,0.));
#1202 = ORIENTED_EDGE('',*,*,#1203,.F.);
#1203 = EDGE_CURVE('',#1204,#1196,#1206,.T.);
#1204 = VERTEX_POINT('',#1205);
#1205 = CARTESIAN_POINT('',(5.296820594186,-6.474781976744,0.));
#1206 = LINE('',#1207,#1208);
#1207 = CARTESIAN_POINT('',(3.846136101275,-2.129138823341,0.));
#1208 = VECTOR('',#1209,1.);
#1209 = DIRECTION('',(-0.316647498316,0.9485432841,0.));
#1210 = ORIENTED_EDGE('',*,*,#1211,.F.);
#1211 = EDGE_CURVE('',#1212,#1204,#1214,.T.);
#1212 = VERTEX_POINT('',#1213);
#1213 = CARTESIAN_POINT('',(5.382667251163,-6.741233648256,0.));
#1214 = B_SPLINE_CURVE_WITH_KNOTS('',5,(#1215,#1216,#1217,#1218,#1219,
    #1220),.UNSPECIFIED.,.F.,.F.,(6,6),(0.,1.),
  .PIECEWISE_BEZIER_KNOTS.);
#1215 = CARTESIAN_POINT('',(5.382667251163,-6.741233648256,0.));
#1216 = CARTESIAN_POINT('',(5.371632547592,-6.705086634438,0.));
#1217 = CARTESIAN_POINT('',(5.357359976515,-6.659876397911,0.));
#1218 = CARTESIAN_POINT('',(5.339995526239,-6.606027398558,0.));
#1219 = CARTESIAN_POINT('',(5.319744290147,-6.544126157025,0.));
#1220 = CARTESIAN_POINT('',(5.296820594186,-6.474781976744,0.));
#1221 = ORIENTED_EDGE('',*,*,#1222,.F.);
#1222 = EDGE_CURVE('',#1223,#1212,#1225,.T.);
#1223 = VERTEX_POINT('',#1224);
#1224 = CARTESIAN_POINT('',(5.478324954651,-6.452625363372,0.));
#1225 = B_SPLINE_CURVE_WITH_KNOTS('',5,(#1226,#1227,#1228,#1229,#1230,
    #1231),.UNSPECIFIED.,.F.,.F.,(6,6),(0.,1.),
  .PIECEWISE_BEZIER_KNOTS.);
#1226 = CARTESIAN_POINT('',(5.478324954651,-6.452625363372,0.));
#1227 = CARTESIAN_POINT('',(5.45307993688,-6.526550396544,0.));
#1228 = CARTESIAN_POINT('',(5.430655167953,-6.593017713963,0.));
#1229 = CARTESIAN_POINT('',(5.411294479971,-6.651366096175,0.));
#1230 = CARTESIAN_POINT('',(5.395238965549,-6.700937113076,0.));
#1231 = CARTESIAN_POINT('',(5.382667251163,-6.741233648256,0.));
#1232 = ORIENTED_EDGE('',*,*,#1233,.F.);
#1233 = EDGE_CURVE('',#1234,#1223,#1236,.T.);
#1234 = VERTEX_POINT('',#1235);
#1235 = CARTESIAN_POINT('',(5.908784620349,-5.2,0.));
#1236 = LINE('',#1237,#1238);
#1237 = CARTESIAN_POINT('',(6.18062340498,-4.408956881418,0.));
#1238 = VECTOR('',#1239,1.);
#1239 = DIRECTION('',(-0.324991786148,-0.945716838666,0.));
#1240 = ORIENTED_EDGE('',*,*,#1241,.F.);
#1241 = EDGE_CURVE('',#1242,#1234,#1244,.T.);
#1242 = VERTEX_POINT('',#1243);
#1243 = CARTESIAN_POINT('',(6.228870012791,-5.2,0.));
#1244 = LINE('',#1245,#1246);
#1245 = CARTESIAN_POINT('',(2.954392310174,-5.2,0.));
#1246 = VECTOR('',#1247,1.);
#1247 = DIRECTION('',(-1.,0.,0.));
#1248 = ORIENTED_EDGE('',*,*,#1249,.F.);
#1249 = EDGE_CURVE('',#1250,#1242,#1252,.T.);
#1250 = VERTEX_POINT('',#1251);
#1251 = CARTESIAN_POINT('',(6.228870012791,-7.,0.));
#1252 = LINE('',#1253,#1254);
#1253 = CARTESIAN_POINT('',(6.228870012791,-2.6,0.));
#1254 = VECTOR('',#1255,1.);
#1255 = DIRECTION('',(0.,1.,0.));
#1256 = ORIENTED_EDGE('',*,*,#1257,.F.);
#1257 = EDGE_CURVE('',#1258,#1250,#1260,.T.);
#1258 = VERTEX_POINT('',#1259);
#1259 = CARTESIAN_POINT('',(5.999536800581,-7.,0.));
#1260 = LINE('',#1261,#1262);
#1261 = CARTESIAN_POINT('',(3.114435006395,-7.,0.));
#1262 = VECTOR('',#1263,1.);
#1263 = DIRECTION('',(1.,0.,-0.));
#1264 = ORIENTED_EDGE('',*,*,#1265,.F.);
#1265 = EDGE_CURVE('',#1266,#1258,#1268,.T.);
#1266 = VERTEX_POINT('',#1267);
#1267 = CARTESIAN_POINT('',(5.999536800581,-5.493105014535,0.));
#1268 = LINE('',#1269,#1270);
#1269 = CARTESIAN_POINT('',(5.999536800581,-3.5,0.));
#1270 = VECTOR('',#1271,1.);
#1271 = DIRECTION('',(0.,-1.,0.));
#1272 = ORIENTED_EDGE('',*,*,#1273,.F.);
#1273 = EDGE_CURVE('',#1274,#1266,#1276,.T.);
#1274 = VERTEX_POINT('',#1275);
#1275 = CARTESIAN_POINT('',(5.477098573837,-7.,0.));
#1276 = LINE('',#1277,#1278);
#1277 = CARTESIAN_POINT('',(6.527704986075,-3.969682819413,
    2.775557561563E-17));
#1278 = VECTOR('',#1279,1.);
#1279 = DIRECTION('',(0.327570063092,0.944826890899,-0.));
#1280 = ORIENTED_EDGE('',*,*,#1281,.F.);
#1281 = EDGE_CURVE('',#1282,#1274,#1284,.T.);
#1282 = VERTEX_POINT('',#1283);
#1283 = CARTESIAN_POINT('',(5.262481931395,-7.,0.));
#1284 = LINE('',#1285,#1286);
#1285 = CARTESIAN_POINT('',(2.738549286919,-7.,0.));
#1286 = VECTOR('',#1287,1.);
#1287 = DIRECTION('',(1.,0.,-0.));
#1288 = ORIENTED_EDGE('',*,*,#1289,.F.);
#1289 = EDGE_CURVE('',#1290,#1282,#1292,.T.);
#1290 = VERTEX_POINT('',#1291);
#1291 = CARTESIAN_POINT('',(4.742496466279,-5.467351017442,0.));
#1292 = LINE('',#1293,#1294);
#1293 = CARTESIAN_POINT('',(3.925994980546,-3.060725726318,0.));
#1294 = VECTOR('',#1295,1.);
#1295 = DIRECTION('',(0.32128501932,-0.946982542796,0.));
#1296 = ORIENTED_EDGE('',*,*,#1297,.F.);
#1297 = EDGE_CURVE('',#1298,#1290,#1300,.T.);
#1298 = VERTEX_POINT('',#1299);
#1299 = CARTESIAN_POINT('',(4.742496466279,-7.,0.));
#1300 = LINE('',#1301,#1302);
#1301 = CARTESIAN_POINT('',(4.742496466279,-2.733675508721,0.));
#1302 = VECTOR('',#1303,1.);
#1303 = DIRECTION('',(0.,1.,0.));
#1304 = ORIENTED_EDGE('',*,*,#1305,.F.);
#1305 = EDGE_CURVE('',#1188,#1298,#1306,.T.);
#1306 = LINE('',#1307,#1308);
#1307 = CARTESIAN_POINT('',(2.37124823314,-7.,0.));
#1308 = VECTOR('',#1309,1.);
#1309 = DIRECTION('',(1.,0.,-0.));
#1310 = FACE_BOUND('',#1311,.T.);
#1311 = EDGE_LOOP('',(#1312,#1322,#1330,#1338,#1346,#1354));
#1312 = ORIENTED_EDGE('',*,*,#1313,.F.);
#1313 = EDGE_CURVE('',#1314,#1316,#1318,.T.);
#1314 = VERTEX_POINT('',#1315);
#1315 = CARTESIAN_POINT('',(5.496705242984,3.95,1.665334536938E-16));
#1316 = VERTEX_POINT('',#1317);
#1317 = CARTESIAN_POINT('',(-7.8,3.95,1.665334536938E-16));
#1318 = LINE('',#1319,#1320);
#1319 = CARTESIAN_POINT('',(5.27409090033,3.95,0.));
#1320 = VECTOR('',#1321,1.);
#1321 = DIRECTION('',(-1.,0.,0.));
#1322 = ORIENTED_EDGE('',*,*,#1323,.F.);
#1323 = EDGE_CURVE('',#1324,#1314,#1326,.T.);
#1324 = VERTEX_POINT('',#1325);
#1325 = CARTESIAN_POINT('',(7.8,1.391932017518,-4.718447854657E-16));
#1326 = LINE('',#1327,#1328);
#1327 = CARTESIAN_POINT('',(7.671572412739,1.534565303179,
    4.440892098501E-16));
#1328 = VECTOR('',#1329,1.);
#1329 = DIRECTION('',(-0.669130606359,0.743144825477,0.));
#1330 = ORIENTED_EDGE('',*,*,#1331,.F.);
#1331 = EDGE_CURVE('',#1332,#1324,#1334,.T.);
#1332 = VERTEX_POINT('',#1333);
#1333 = CARTESIAN_POINT('',(7.8,-1.391932017518,-3.053113317719E-16));
#1334 = LINE('',#1335,#1336);
#1335 = CARTESIAN_POINT('',(7.8,-1.2,0.));
#1336 = VECTOR('',#1337,1.);
#1337 = DIRECTION('',(0.,1.,0.));
#1338 = ORIENTED_EDGE('',*,*,#1339,.F.);
#1339 = EDGE_CURVE('',#1340,#1332,#1342,.T.);
#1340 = VERTEX_POINT('',#1341);
#1341 = CARTESIAN_POINT('',(5.496705242984,-3.95,1.665334536938E-16));
#1342 = LINE('',#1343,#1344);
#1343 = CARTESIAN_POINT('',(5.645663313069,-3.784565303179,
    4.440892098501E-16));
#1344 = VECTOR('',#1345,1.);
#1345 = DIRECTION('',(0.669130606359,0.743144825477,0.));
#1346 = ORIENTED_EDGE('',*,*,#1347,.F.);
#1347 = EDGE_CURVE('',#1348,#1340,#1350,.T.);
#1348 = VERTEX_POINT('',#1349);
#1349 = CARTESIAN_POINT('',(-7.8,-3.95,1.665334536938E-16));
#1350 = LINE('',#1351,#1352);
#1351 = CARTESIAN_POINT('',(-7.3,-3.95,0.));
#1352 = VECTOR('',#1353,1.);
#1353 = DIRECTION('',(1.,0.,0.));
#1354 = ORIENTED_EDGE('',*,*,#1355,.F.);
#1355 = EDGE_CURVE('',#1316,#1348,#1356,.T.);
#1356 = LINE('',#1357,#1358);
#1357 = CARTESIAN_POINT('',(-7.8,3.45,0.));
#1358 = VECTOR('',#1359,1.);
#1359 = DIRECTION('',(0.,-1.,0.));
#1360 = FACE_BOUND('',#1361,.T.);
#1361 = EDGE_LOOP('',(#1362));
#1362 = ORIENTED_EDGE('',*,*,#1363,.F.);
#1363 = EDGE_CURVE('',#1364,#1364,#1366,.T.);
#1364 = VERTEX_POINT('',#1365);
#1365 = CARTESIAN_POINT('',(16.25,0.,0.));
#1366 = CIRCLE('',#1367,3.5);
#1367 = AXIS2_PLACEMENT_3D('',#1368,#1369,#1370);
#1368 = CARTESIAN_POINT('',(12.75,0.,0.));
#1369 = DIRECTION('',(0.,0.,1.));
#1370 = DIRECTION('',(1.,0.,0.));
#1371 = FACE_BOUND('',#1372,.T.);
#1372 = EDGE_LOOP('',(#1373,#1383,#1391,#1399,#1407,#1415,#1423,#1431,
    #1439,#1447,#1455,#1463));
#1373 = ORIENTED_EDGE('',*,*,#1374,.F.);
#1374 = EDGE_CURVE('',#1375,#1377,#1379,.T.);
#1375 = VERTEX_POINT('',#1376);
#1376 = CARTESIAN_POINT('',(-7.660674055233,6.180959302326,0.));
#1377 = VERTEX_POINT('',#1378);
#1378 = CARTESIAN_POINT('',(-7.660674055233,5.687790697674,0.));
#1379 = LINE('',#1380,#1381);
#1380 = CARTESIAN_POINT('',(-7.660674055233,2.843895348837,0.));
#1381 = VECTOR('',#1382,1.);
#1382 = DIRECTION('',(0.,-1.,0.));
#1383 = ORIENTED_EDGE('',*,*,#1384,.F.);
#1384 = EDGE_CURVE('',#1385,#1375,#1387,.T.);
#1385 = VERTEX_POINT('',#1386);
#1386 = CARTESIAN_POINT('',(-8.15,6.180959302326,0.));
#1387 = LINE('',#1388,#1389);
#1388 = CARTESIAN_POINT('',(-3.830337027616,6.180959302326,0.));
#1389 = VECTOR('',#1390,1.);
#1390 = DIRECTION('',(1.,0.,-0.));
#1391 = ORIENTED_EDGE('',*,*,#1392,.F.);
#1392 = EDGE_CURVE('',#1393,#1385,#1395,.T.);
#1393 = VERTEX_POINT('',#1394);
#1394 = CARTESIAN_POINT('',(-8.15,6.388953488372,0.));
#1395 = LINE('',#1396,#1397);
#1396 = CARTESIAN_POINT('',(-8.15,3.090479651163,0.));
#1397 = VECTOR('',#1398,1.);
#1398 = DIRECTION('',(0.,-1.,0.));
#1399 = ORIENTED_EDGE('',*,*,#1400,.F.);
#1400 = EDGE_CURVE('',#1401,#1393,#1403,.T.);
#1401 = VERTEX_POINT('',#1402);
#1402 = CARTESIAN_POINT('',(-7.660674055233,6.388953488372,0.));
#1403 = LINE('',#1404,#1405);
#1404 = CARTESIAN_POINT('',(-4.075,6.388953488372,0.));
#1405 = VECTOR('',#1406,1.);
#1406 = DIRECTION('',(-1.,0.,0.));
#1407 = ORIENTED_EDGE('',*,*,#1408,.F.);
#1408 = EDGE_CURVE('',#1409,#1401,#1411,.T.);
#1409 = VERTEX_POINT('',#1410);
#1410 = CARTESIAN_POINT('',(-7.660674055233,6.875581395349,0.));
#1411 = LINE('',#1412,#1413);
#1412 = CARTESIAN_POINT('',(-7.660674055233,3.194476744186,0.));
#1413 = VECTOR('',#1414,1.);
#1414 = DIRECTION('',(0.,-1.,0.));
#1415 = ORIENTED_EDGE('',*,*,#1416,.F.);
#1416 = EDGE_CURVE('',#1417,#1409,#1419,.T.);
#1417 = VERTEX_POINT('',#1418);
#1418 = CARTESIAN_POINT('',(-7.45218931686,6.875581395349,0.));
#1419 = LINE('',#1420,#1421);
#1420 = CARTESIAN_POINT('',(-3.830337027616,6.875581395349,0.));
#1421 = VECTOR('',#1422,1.);
#1422 = DIRECTION('',(-1.,0.,0.));
#1423 = ORIENTED_EDGE('',*,*,#1424,.F.);
#1424 = EDGE_CURVE('',#1425,#1417,#1427,.T.);
#1425 = VERTEX_POINT('',#1426);
#1426 = CARTESIAN_POINT('',(-7.45218931686,6.388953488372,0.));
#1427 = LINE('',#1428,#1429);
#1428 = CARTESIAN_POINT('',(-7.45218931686,3.437790697674,0.));
#1429 = VECTOR('',#1430,1.);
#1430 = DIRECTION('',(0.,1.,0.));
#1431 = ORIENTED_EDGE('',*,*,#1432,.F.);
#1432 = EDGE_CURVE('',#1433,#1425,#1435,.T.);
#1433 = VERTEX_POINT('',#1434);
#1434 = CARTESIAN_POINT('',(-6.962863372093,6.388953488372,0.));
#1435 = LINE('',#1436,#1437);
#1436 = CARTESIAN_POINT('',(-3.72609465843,6.388953488372,0.));
#1437 = VECTOR('',#1438,1.);
#1438 = DIRECTION('',(-1.,0.,0.));
#1439 = ORIENTED_EDGE('',*,*,#1440,.F.);
#1440 = EDGE_CURVE('',#1441,#1433,#1443,.T.);
#1441 = VERTEX_POINT('',#1442);
#1442 = CARTESIAN_POINT('',(-6.962863372093,6.180959302326,0.));
#1443 = LINE('',#1444,#1445);
#1444 = CARTESIAN_POINT('',(-6.962863372093,3.194476744186,0.));
#1445 = VECTOR('',#1446,1.);
#1446 = DIRECTION('',(0.,1.,0.));
#1447 = ORIENTED_EDGE('',*,*,#1448,.F.);
#1448 = EDGE_CURVE('',#1449,#1441,#1451,.T.);
#1449 = VERTEX_POINT('',#1450);
#1450 = CARTESIAN_POINT('',(-7.45218931686,6.180959302326,0.));
#1451 = LINE('',#1452,#1453);
#1452 = CARTESIAN_POINT('',(-3.481431686047,6.180959302326,0.));
#1453 = VECTOR('',#1454,1.);
#1454 = DIRECTION('',(1.,0.,-0.));
#1455 = ORIENTED_EDGE('',*,*,#1456,.F.);
#1456 = EDGE_CURVE('',#1457,#1449,#1459,.T.);
#1457 = VERTEX_POINT('',#1458);
#1458 = CARTESIAN_POINT('',(-7.45218931686,5.687790697674,0.));
#1459 = LINE('',#1460,#1461);
#1460 = CARTESIAN_POINT('',(-7.45218931686,3.090479651163,0.));
#1461 = VECTOR('',#1462,1.);
#1462 = DIRECTION('',(0.,1.,0.));
#1463 = ORIENTED_EDGE('',*,*,#1464,.F.);
#1464 = EDGE_CURVE('',#1377,#1457,#1465,.T.);
#1465 = LINE('',#1466,#1467);
#1466 = CARTESIAN_POINT('',(-3.72609465843,5.687790697674,0.));
#1467 = VECTOR('',#1468,1.);
#1468 = DIRECTION('',(1.,0.,-0.));
#1469 = FACE_BOUND('',#1470,.T.);
#1470 = EDGE_LOOP('',(#1471,#1481,#1489,#1497,#1505,#1513,#1521,#1529));
#1471 = ORIENTED_EDGE('',*,*,#1472,.F.);
#1472 = EDGE_CURVE('',#1473,#1475,#1477,.T.);
#1473 = VERTEX_POINT('',#1474);
#1474 = CARTESIAN_POINT('',(-2.794313226744,7.2,0.));
#1475 = VERTEX_POINT('',#1476);
#1476 = CARTESIAN_POINT('',(-3.484765625,5.4,0.));
#1477 = LINE('',#1478,#1479);
#1478 = CARTESIAN_POINT('',(-4.16411703937,3.628940113823,
    2.775557561563E-17));
#1479 = VECTOR('',#1480,1.);
#1480 = DIRECTION('',(-0.358140599612,-0.933667666201,0.));
#1481 = ORIENTED_EDGE('',*,*,#1482,.F.);
#1482 = EDGE_CURVE('',#1483,#1473,#1485,.T.);
#1483 = VERTEX_POINT('',#1484);
#1484 = CARTESIAN_POINT('',(-2.537999636628,7.2,0.));
#1485 = LINE('',#1486,#1487);
#1486 = CARTESIAN_POINT('',(-1.397156613372,7.2,0.));
#1487 = VECTOR('',#1488,1.);
#1488 = DIRECTION('',(-1.,0.,0.));
#1489 = ORIENTED_EDGE('',*,*,#1490,.F.);
#1490 = EDGE_CURVE('',#1491,#1483,#1493,.T.);
#1491 = VERTEX_POINT('',#1492);
#1492 = CARTESIAN_POINT('',(-1.802171148256,5.4,0.));
#1493 = LINE('',#1494,#1495);
#1494 = CARTESIAN_POINT('',(-1.095359994752,3.670982849385,
    2.775557561563E-17));
#1495 = VECTOR('',#1496,1.);
#1496 = DIRECTION('',(-0.378397088703,0.92564336721,0.));
#1497 = ORIENTED_EDGE('',*,*,#1498,.F.);
#1498 = EDGE_CURVE('',#1499,#1491,#1501,.T.);
#1499 = VERTEX_POINT('',#1500);
#1500 = CARTESIAN_POINT('',(-2.07320130814,5.4,0.));
#1501 = LINE('',#1502,#1503);
#1502 = CARTESIAN_POINT('',(-0.901085574128,5.4,0.));
#1503 = VECTOR('',#1504,1.);
#1504 = DIRECTION('',(1.,0.,-0.));
#1505 = ORIENTED_EDGE('',*,*,#1506,.F.);
#1506 = EDGE_CURVE('',#1507,#1499,#1509,.T.);
#1507 = VERTEX_POINT('',#1508);
#1508 = CARTESIAN_POINT('',(-2.282912427326,5.941569767442,0.));
#1509 = LINE('',#1510,#1511);
#1510 = CARTESIAN_POINT('',(-1.028847548792,2.703002221473,0.));
#1511 = VECTOR('',#1512,1.);
#1512 = DIRECTION('',(0.361100736281,-0.932526813694,0.));
#1513 = ORIENTED_EDGE('',*,*,#1514,.F.);
#1514 = EDGE_CURVE('',#1515,#1507,#1517,.T.);
#1515 = VERTEX_POINT('',#1516);
#1516 = CARTESIAN_POINT('',(-3.034683866279,5.941569767442,0.));
#1517 = LINE('',#1518,#1519);
#1518 = CARTESIAN_POINT('',(-1.141456213663,5.941569767442,0.));
#1519 = VECTOR('',#1520,1.);
#1520 = DIRECTION('',(1.,0.,-0.));
#1521 = ORIENTED_EDGE('',*,*,#1522,.F.);
#1522 = EDGE_CURVE('',#1523,#1515,#1525,.T.);
#1523 = VERTEX_POINT('',#1524);
#1524 = CARTESIAN_POINT('',(-3.232131177326,5.4,0.));
#1525 = LINE('',#1526,#1527);
#1526 = CARTESIAN_POINT('',(-3.812683420077,3.807628134167,
    2.775557561563E-17));
#1527 = VECTOR('',#1528,1.);
#1528 = DIRECTION('',(0.342528723811,0.939507356738,-0.));
#1529 = ORIENTED_EDGE('',*,*,#1530,.F.);
#1530 = EDGE_CURVE('',#1475,#1523,#1531,.T.);
#1531 = LINE('',#1532,#1533);
#1532 = CARTESIAN_POINT('',(-1.616065588663,5.4,0.));
#1533 = VECTOR('',#1534,1.);
#1534 = DIRECTION('',(1.,0.,-0.));
#1535 = FACE_BOUND('',#1536,.T.);
#1536 = EDGE_LOOP('',(#1537,#1547,#1555,#1563,#1576,#1586,#1597,#1610,
    #1625,#1640,#1651,#1659,#1667,#1675,#1686,#1699,#1709,#1722,#1733,
    #1741,#1749,#1757,#1768,#1783,#1796,#1809,#1820,#1828));
#1537 = ORIENTED_EDGE('',*,*,#1538,.F.);
#1538 = EDGE_CURVE('',#1539,#1541,#1543,.T.);
#1539 = VERTEX_POINT('',#1540);
#1540 = CARTESIAN_POINT('',(-1.641106468023,6.702906976744,0.));
#1541 = VERTEX_POINT('',#1542);
#1542 = CARTESIAN_POINT('',(-1.641106468023,5.4,0.));
#1543 = LINE('',#1544,#1545);
#1544 = CARTESIAN_POINT('',(-1.641106468023,2.7,0.));
#1545 = VECTOR('',#1546,1.);
#1546 = DIRECTION('',(0.,-1.,0.));
#1547 = ORIENTED_EDGE('',*,*,#1548,.F.);
#1548 = EDGE_CURVE('',#1549,#1539,#1551,.T.);
#1549 = VERTEX_POINT('',#1550);
#1550 = CARTESIAN_POINT('',(-1.443659156977,6.702906976744,0.));
#1551 = LINE('',#1552,#1553);
#1552 = CARTESIAN_POINT('',(-0.820553234012,6.702906976744,0.));
#1553 = VECTOR('',#1554,1.);
#1554 = DIRECTION('',(-1.,0.,0.));
#1555 = ORIENTED_EDGE('',*,*,#1556,.F.);
#1556 = EDGE_CURVE('',#1557,#1549,#1559,.T.);
#1557 = VERTEX_POINT('',#1558);
#1558 = CARTESIAN_POINT('',(-1.443659156977,6.518541061047,0.));
#1559 = LINE('',#1560,#1561);
#1560 = CARTESIAN_POINT('',(-1.443659156977,3.351453488372,0.));
#1561 = VECTOR('',#1562,1.);
#1562 = DIRECTION('',(0.,1.,0.));
#1563 = ORIENTED_EDGE('',*,*,#1564,.F.);
#1564 = EDGE_CURVE('',#1565,#1557,#1567,.T.);
#1565 = VERTEX_POINT('',#1566);
#1566 = CARTESIAN_POINT('',(-1.280550508721,6.671266351744,0.));
#1567 = B_SPLINE_CURVE_WITH_KNOTS('',4,(#1568,#1569,#1570,#1571,#1572,
    #1573,#1574,#1575),.UNSPECIFIED.,.F.,.F.,(5,3,5),(0.,0.656132731466,
    1.),.UNSPECIFIED.);
#1568 = CARTESIAN_POINT('',(-1.280550508721,6.671266351744,0.));
#1569 = CARTESIAN_POINT('',(-1.313882851186,6.652337864898,0.));
#1570 = CARTESIAN_POINT('',(-1.344376566959,6.630724915002,0.));
#1571 = CARTESIAN_POINT('',(-1.371983324443,6.606423127781,0.));
#1572 = CARTESIAN_POINT('',(-1.409626938836,6.5653212814,0.));
#1573 = CARTESIAN_POINT('',(-1.421772768058,6.550455315858,0.));
#1574 = CARTESIAN_POINT('',(-1.433117087989,6.53486018384,0.));
#1575 = CARTESIAN_POINT('',(-1.443659156977,6.518541061047,0.));
#1576 = ORIENTED_EDGE('',*,*,#1577,.F.);
#1577 = EDGE_CURVE('',#1578,#1565,#1580,.T.);
#1578 = VERTEX_POINT('',#1579);
#1579 = CARTESIAN_POINT('',(-1.048764534884,6.729069767442,0.));
#1580 = B_SPLINE_CURVE_WITH_KNOTS('',4,(#1581,#1582,#1583,#1584,#1585),
  .UNSPECIFIED.,.F.,.F.,(5,5),(0.,1.),.PIECEWISE_BEZIER_KNOTS.);
#1581 = CARTESIAN_POINT('',(-1.048764534884,6.729069767442,0.));
#1582 = CARTESIAN_POINT('',(-1.113483275318,6.729069767442,0.));
#1583 = CARTESIAN_POINT('',(-1.173837488167,6.719519090777,0.));
#1584 = CARTESIAN_POINT('',(-1.229568257254,6.700217718642,0.));
#1585 = CARTESIAN_POINT('',(-1.280550508721,6.671266351744,0.));
#1586 = ORIENTED_EDGE('',*,*,#1587,.F.);
#1587 = EDGE_CURVE('',#1588,#1578,#1590,.T.);
#1588 = VERTEX_POINT('',#1589);
#1589 = CARTESIAN_POINT('',(-0.811500726744,6.669385901163,0.));
#1590 = B_SPLINE_CURVE_WITH_KNOTS('',5,(#1591,#1592,#1593,#1594,#1595,
    #1596),.UNSPECIFIED.,.F.,.F.,(6,6),(0.,1.),
  .PIECEWISE_BEZIER_KNOTS.);
#1591 = CARTESIAN_POINT('',(-0.811500726744,6.669385901163,0.));
#1592 = CARTESIAN_POINT('',(-0.848756986577,6.69341158109,0.));
#1593 = CARTESIAN_POINT('',(-0.891251607048,6.711363851331,0.));
#1594 = CARTESIAN_POINT('',(-0.938882052754,6.723221728929,0.));
#1595 = CARTESIAN_POINT('',(-0.991465923444,6.729069767442,0.));
#1596 = CARTESIAN_POINT('',(-1.048764534884,6.729069767442,0.));
#1597 = ORIENTED_EDGE('',*,*,#1598,.F.);
#1598 = EDGE_CURVE('',#1599,#1588,#1601,.T.);
#1599 = VERTEX_POINT('',#1600);
#1600 = CARTESIAN_POINT('',(-0.680850290698,6.502598110465,0.));
#1601 = B_SPLINE_CURVE_WITH_KNOTS('',4,(#1602,#1603,#1604,#1605,#1606,
    #1607,#1608,#1609),.UNSPECIFIED.,.F.,.F.,(5,3,5),(0.,0.576124709713,
    1.),.UNSPECIFIED.);
#1602 = CARTESIAN_POINT('',(-0.680850290698,6.502598110465,0.));
#1603 = CARTESIAN_POINT('',(-0.691775197883,6.5333993004,0.));
#1604 = CARTESIAN_POINT('',(-0.705730795037,6.561648911404,0.));
#1605 = CARTESIAN_POINT('',(-0.722735384558,6.587287465695,0.));
#1606 = CARTESIAN_POINT('',(-0.757504429874,6.627211917792,0.));
#1607 = CARTESIAN_POINT('',(-0.77388056946,6.64270748538,0.));
#1608 = CARTESIAN_POINT('',(-0.791886157339,6.656765405932,0.));
#1609 = CARTESIAN_POINT('',(-0.811500726744,6.669385901163,0.));
#1610 = ORIENTED_EDGE('',*,*,#1611,.F.);
#1611 = EDGE_CURVE('',#1612,#1599,#1614,.T.);
#1612 = VERTEX_POINT('',#1613);
#1613 = CARTESIAN_POINT('',(-0.278597383721,6.729069767442,0.));
#1614 = B_SPLINE_CURVE_WITH_KNOTS('',5,(#1615,#1616,#1617,#1618,#1619,
    #1620,#1621,#1622,#1623,#1624),.UNSPECIFIED.,.F.,.F.,(6,4,6),(0.,
    0.382258534956,1.),.UNSPECIFIED.);
#1615 = CARTESIAN_POINT('',(-0.278597383721,6.729069767442,0.));
#1616 = CARTESIAN_POINT('',(-0.316284527798,6.729069767442,0.));
#1617 = CARTESIAN_POINT('',(-0.35289046507,6.725793903414,0.));
#1618 = CARTESIAN_POINT('',(-0.388296071066,6.719149299897,0.));
#1619 = CARTESIAN_POINT('',(-0.422396917468,6.709098223155,0.));
#1620 = CARTESIAN_POINT('',(-0.507974214789,6.673983087359,0.));
#1621 = CARTESIAN_POINT('',(-0.557224595349,6.643480273722,0.));
#1622 = CARTESIAN_POINT('',(-0.602489546111,6.604311351903,0.));
#1623 = CARTESIAN_POINT('',(-0.643676479438,6.557080362946,0.));
#1624 = CARTESIAN_POINT('',(-0.680850290698,6.502598110465,0.));
#1625 = ORIENTED_EDGE('',*,*,#1626,.F.);
#1626 = EDGE_CURVE('',#1627,#1612,#1629,.T.);
#1627 = VERTEX_POINT('',#1628);
#1628 = CARTESIAN_POINT('',(1.941315406977E-02,6.621965843023,0.));
#1629 = B_SPLINE_CURVE_WITH_KNOTS('',5,(#1630,#1631,#1632,#1633,#1634,
    #1635,#1636,#1637,#1638,#1639),.UNSPECIFIED.,.F.,.F.,(6,4,6),(0.,
    0.110096559637,1.),.UNSPECIFIED.);
#1630 = CARTESIAN_POINT('',(1.941315406977E-02,6.621965843023,0.));
#1631 = CARTESIAN_POINT('',(1.4786130516E-02,6.62671988291,0.));
#1632 = CARTESIAN_POINT('',(1.004785772599E-02,6.631343072302,0.));
#1633 = CARTESIAN_POINT('',(5.198578480607E-03,6.635834947827,0.));
#1634 = CARTESIAN_POINT('',(2.386013584487E-04,6.640195122714,0.));
#1635 = CARTESIAN_POINT('',(-4.58146144673E-02,6.678599266238,0.));
#1636 = CARTESIAN_POINT('',(-9.400946988412E-02,6.704153907386,0.));
#1637 = CARTESIAN_POINT('',(-0.149208493057,6.720909024964,0.));
#1638 = CARTESIAN_POINT('',(-0.210941669246,6.729069767442,0.));
#1639 = CARTESIAN_POINT('',(-0.278597383721,6.729069767442,0.));
#1640 = ORIENTED_EDGE('',*,*,#1641,.F.);
#1641 = EDGE_CURVE('',#1642,#1627,#1644,.T.);
#1642 = VERTEX_POINT('',#1643);
#1643 = CARTESIAN_POINT('',(0.123655523256,6.292151162791,0.));
#1644 = B_SPLINE_CURVE_WITH_KNOTS('',5,(#1645,#1646,#1647,#1648,#1649,
    #1650),.UNSPECIFIED.,.F.,.F.,(6,6),(0.,1.),
  .PIECEWISE_BEZIER_KNOTS.);
#1645 = CARTESIAN_POINT('',(0.123655523256,6.292151162791,0.));
#1646 = CARTESIAN_POINT('',(0.123655523256,6.378553553655,0.));
#1647 = CARTESIAN_POINT('',(0.113849087135,6.455904166075,0.));
#1648 = CARTESIAN_POINT('',(9.34109604178E-02,6.522886617911,0.));
#1649 = CARTESIAN_POINT('',(6.183250423763E-02,6.578382040106,0.));
#1650 = CARTESIAN_POINT('',(1.941315406977E-02,6.621965843023,0.));
#1651 = ORIENTED_EDGE('',*,*,#1652,.F.);
#1652 = EDGE_CURVE('',#1653,#1642,#1655,.T.);
#1653 = VERTEX_POINT('',#1654);
#1654 = CARTESIAN_POINT('',(0.123655523256,5.4,0.));
#1655 = LINE('',#1656,#1657);
#1656 = CARTESIAN_POINT('',(0.123655523256,3.146075581395,0.));
#1657 = VECTOR('',#1658,1.);
#1658 = DIRECTION('',(0.,1.,0.));
#1659 = ORIENTED_EDGE('',*,*,#1660,.F.);
#1660 = EDGE_CURVE('',#1661,#1653,#1663,.T.);
#1661 = VERTEX_POINT('',#1662);
#1662 = CARTESIAN_POINT('',(-9.586664244186E-02,5.4,0.));
#1663 = LINE('',#1664,#1665);
#1664 = CARTESIAN_POINT('',(6.182776162791E-02,5.4,0.));
#1665 = VECTOR('',#1666,1.);
#1666 = DIRECTION('',(1.,0.,-0.));
#1667 = ORIENTED_EDGE('',*,*,#1668,.F.);
#1668 = EDGE_CURVE('',#1669,#1661,#1671,.T.);
#1669 = VERTEX_POINT('',#1670);
#1670 = CARTESIAN_POINT('',(-9.586664244186E-02,6.219631177326,0.));
#1671 = LINE('',#1672,#1673);
#1672 = CARTESIAN_POINT('',(-9.586664244186E-02,2.7,0.));
#1673 = VECTOR('',#1674,1.);
#1674 = DIRECTION('',(0.,-1.,0.));
#1675 = ORIENTED_EDGE('',*,*,#1676,.F.);
#1676 = EDGE_CURVE('',#1677,#1669,#1679,.T.);
#1677 = VERTEX_POINT('',#1678);
#1678 = CARTESIAN_POINT('',(-0.117369186047,6.410128997093,0.));
#1679 = B_SPLINE_CURVE_WITH_KNOTS('',5,(#1680,#1681,#1682,#1683,#1684,
    #1685),.UNSPECIFIED.,.F.,.F.,(6,6),(0.,1.),
  .PIECEWISE_BEZIER_KNOTS.);
#1680 = CARTESIAN_POINT('',(-0.117369186047,6.410128997093,0.));
#1681 = CARTESIAN_POINT('',(-0.108670192555,6.386578870226,0.));
#1682 = CARTESIAN_POINT('',(-0.102203963909,6.355541643531,0.));
#1683 = CARTESIAN_POINT('',(-9.795393766333E-02,6.317179531422,0.));
#1684 = CARTESIAN_POINT('',(-9.586664244186E-02,6.271764911824,0.));
#1685 = CARTESIAN_POINT('',(-9.586664244186E-02,6.219631177326,0.));
#1686 = ORIENTED_EDGE('',*,*,#1687,.F.);
#1687 = EDGE_CURVE('',#1688,#1677,#1690,.T.);
#1688 = VERTEX_POINT('',#1689);
#1689 = CARTESIAN_POINT('',(-0.195203488372,6.503824491279,0.));
#1690 = B_SPLINE_CURVE_WITH_KNOTS('',4,(#1691,#1692,#1693,#1694,#1695,
    #1696,#1697,#1698),.UNSPECIFIED.,.F.,.F.,(5,3,5),(0.,0.670086348109,
    1.),.UNSPECIFIED.);
#1691 = CARTESIAN_POINT('',(-0.195203488372,6.503824491279,0.));
#1692 = CARTESIAN_POINT('',(-0.176324349745,6.491949786693,0.));
#1693 = CARTESIAN_POINT('',(-0.160038535852,6.478365909404,0.));
#1694 = CARTESIAN_POINT('',(-0.146367705391,6.463071024769,0.));
#1695 = CARTESIAN_POINT('',(-0.129877154917,6.437705414123,0.));
#1696 = CARTESIAN_POINT('',(-0.125071970172,6.428924316612,0.));
#1697 = CARTESIAN_POINT('',(-0.12090273779,6.419731626258,0.));
#1698 = CARTESIAN_POINT('',(-0.117369186047,6.410128997093,0.));
#1699 = ORIENTED_EDGE('',*,*,#1700,.F.);
#1700 = EDGE_CURVE('',#1701,#1688,#1703,.T.);
#1701 = VERTEX_POINT('',#1702);
#1702 = CARTESIAN_POINT('',(-0.327652616279,6.539389534884,0.));
#1703 = B_SPLINE_CURVE_WITH_KNOTS('',4,(#1704,#1705,#1706,#1707,#1708),
  .UNSPECIFIED.,.F.,.F.,(5,5),(0.,1.),.PIECEWISE_BEZIER_KNOTS.);
#1704 = CARTESIAN_POINT('',(-0.327652616279,6.539389534884,0.));
#1705 = CARTESIAN_POINT('',(-0.289704909945,6.539389534884,0.));
#1706 = CARTESIAN_POINT('',(-0.254941734018,6.533483929837,0.));
#1707 = CARTESIAN_POINT('',(-0.223431949892,6.521620695281,0.));
#1708 = CARTESIAN_POINT('',(-0.195203488372,6.503824491279,0.));
#1709 = ORIENTED_EDGE('',*,*,#1710,.F.);
#1710 = EDGE_CURVE('',#1711,#1701,#1713,.T.);
#1711 = VERTEX_POINT('',#1712);
#1712 = CARTESIAN_POINT('',(-0.555759447674,6.448065043605,0.));
#1713 = B_SPLINE_CURVE_WITH_KNOTS('',4,(#1714,#1715,#1716,#1717,#1718,
    #1719,#1720,#1721),.UNSPECIFIED.,.F.,.F.,(5,3,5),(0.,0.389660987658,
    1.),.UNSPECIFIED.);
#1714 = CARTESIAN_POINT('',(-0.555759447674,6.448065043605,0.));
#1715 = CARTESIAN_POINT('',(-0.538098347118,6.465837520471,0.));
#1716 = CARTESIAN_POINT('',(-0.519225262608,6.481339839263,0.));
#1717 = CARTESIAN_POINT('',(-0.499146815572,6.494533642076,0.));
#1718 = CARTESIAN_POINT('',(-0.444580654266,6.522440078561,0.));
#1719 = CARTESIAN_POINT('',(-0.40837172871,6.533781107757,0.));
#1720 = CARTESIAN_POINT('',(-0.369342481549,6.539389534884,0.));
#1721 = CARTESIAN_POINT('',(-0.327652616279,6.539389534884,0.));
#1722 = ORIENTED_EDGE('',*,*,#1723,.F.);
#1723 = EDGE_CURVE('',#1724,#1711,#1726,.T.);
#1724 = VERTEX_POINT('',#1725);
#1725 = CARTESIAN_POINT('',(-0.646511627907,6.155941133721,0.));
#1726 = B_SPLINE_CURVE_WITH_KNOTS('',5,(#1727,#1728,#1729,#1730,#1731,
    #1732),.UNSPECIFIED.,.F.,.F.,(6,6),(0.,1.),
  .PIECEWISE_BEZIER_KNOTS.);
#1727 = CARTESIAN_POINT('',(-0.646511627907,6.155941133721,0.));
#1728 = CARTESIAN_POINT('',(-0.646511627907,6.234141433919,0.));
#1729 = CARTESIAN_POINT('',(-0.637915816821,6.303415851876,0.));
#1730 = CARTESIAN_POINT('',(-0.620084320964,6.362666280167,0.));
#1731 = CARTESIAN_POINT('',(-0.592632001764,6.410993178412,0.));
#1732 = CARTESIAN_POINT('',(-0.555759447674,6.448065043605,0.));
#1733 = ORIENTED_EDGE('',*,*,#1734,.F.);
#1734 = EDGE_CURVE('',#1735,#1724,#1737,.T.);
#1735 = VERTEX_POINT('',#1736);
#1736 = CARTESIAN_POINT('',(-0.646511627907,5.4,0.));
#1737 = LINE('',#1738,#1739);
#1738 = CARTESIAN_POINT('',(-0.646511627907,3.07797056686,0.));
#1739 = VECTOR('',#1740,1.);
#1740 = DIRECTION('',(0.,1.,0.));
#1741 = ORIENTED_EDGE('',*,*,#1742,.F.);
#1742 = EDGE_CURVE('',#1743,#1735,#1745,.T.);
#1743 = VERTEX_POINT('',#1744);
#1744 = CARTESIAN_POINT('',(-0.867260174419,5.4,0.));
#1745 = LINE('',#1746,#1747);
#1746 = CARTESIAN_POINT('',(-0.323255813953,5.4,0.));
#1747 = VECTOR('',#1748,1.);
#1748 = DIRECTION('',(1.,0.,-0.));
#1749 = ORIENTED_EDGE('',*,*,#1750,.F.);
#1750 = EDGE_CURVE('',#1751,#1743,#1753,.T.);
#1751 = VERTEX_POINT('',#1752);
#1752 = CARTESIAN_POINT('',(-0.867260174419,6.245385174419,0.));
#1753 = LINE('',#1754,#1755);
#1754 = CARTESIAN_POINT('',(-0.867260174419,2.7,0.));
#1755 = VECTOR('',#1756,1.);
#1756 = DIRECTION('',(0.,-1.,0.));
#1757 = ORIENTED_EDGE('',*,*,#1758,.F.);
#1758 = EDGE_CURVE('',#1759,#1751,#1761,.T.);
#1759 = VERTEX_POINT('',#1760);
#1760 = CARTESIAN_POINT('',(-0.921220930233,6.465888444767,0.));
#1761 = B_SPLINE_CURVE_WITH_KNOTS('',5,(#1762,#1763,#1764,#1765,#1766,
    #1767),.UNSPECIFIED.,.F.,.F.,(6,6),(0.,1.),
  .PIECEWISE_BEZIER_KNOTS.);
#1762 = CARTESIAN_POINT('',(-0.921220930233,6.465888444767,0.));
#1763 = CARTESIAN_POINT('',(-0.899418605783,6.436191036161,0.));
#1764 = CARTESIAN_POINT('',(-0.883174366484,6.399065696134,0.));
#1765 = CARTESIAN_POINT('',(-0.872496283915,6.35466787252,0.));
#1766 = CARTESIAN_POINT('',(-0.867260174419,6.303307840927,0.));
#1767 = CARTESIAN_POINT('',(-0.867260174419,6.245385174419,0.));
#1768 = ORIENTED_EDGE('',*,*,#1769,.F.);
#1769 = EDGE_CURVE('',#1770,#1759,#1772,.T.);
#1770 = VERTEX_POINT('',#1771);
#1771 = CARTESIAN_POINT('',(-1.097819767442,6.539389534884,0.));
#1772 = B_SPLINE_CURVE_WITH_KNOTS('',5,(#1773,#1774,#1775,#1776,#1777,
    #1778,#1779,#1780,#1781,#1782),.UNSPECIFIED.,.F.,.F.,(6,4,6),(0.,
    0.832601985324,1.),.UNSPECIFIED.);
#1773 = CARTESIAN_POINT('',(-1.097819767442,6.539389534884,0.));
#1774 = CARTESIAN_POINT('',(-1.057367803919,6.539389534884,0.));
#1775 = CARTESIAN_POINT('',(-1.021319662035,6.534391476969,0.));
#1776 = CARTESIAN_POINT('',(-0.98987982754,6.52426371587,0.));
#1777 = CARTESIAN_POINT('',(-0.963186238829,6.508953716002,0.));
#1778 = CARTESIAN_POINT('',(-0.936887783875,6.484400087638,0.));
#1779 = CARTESIAN_POINT('',(-0.932679378055,6.480082330864,0.));
#1780 = CARTESIAN_POINT('',(-0.928665282585,6.475557425596,0.));
#1781 = CARTESIAN_POINT('',(-0.924845760378,6.470825902799,0.));
#1782 = CARTESIAN_POINT('',(-0.921220930233,6.465888444767,0.));
#1783 = ORIENTED_EDGE('',*,*,#1784,.F.);
#1784 = EDGE_CURVE('',#1785,#1770,#1787,.T.);
#1785 = VERTEX_POINT('',#1786);
#1786 = CARTESIAN_POINT('',(-1.270167151163,6.490334302326,0.));
#1787 = B_SPLINE_CURVE_WITH_KNOTS('',4,(#1788,#1789,#1790,#1791,#1792,
    #1793,#1794,#1795),.UNSPECIFIED.,.F.,.F.,(5,3,5),(0.,0.49599751524,
    1.),.UNSPECIFIED.);
#1788 = CARTESIAN_POINT('',(-1.270167151163,6.490334302326,0.));
#1789 = CARTESIAN_POINT('',(-1.250556072896,6.502489929351,0.));
#1790 = CARTESIAN_POINT('',(-1.230353143376,6.512647539044,0.));
#1791 = CARTESIAN_POINT('',(-1.20956424515,6.520794662565,0.));
#1792 = CARTESIAN_POINT('',(-1.166487423883,6.533161777675,0.));
#1793 = CARTESIAN_POINT('',(-1.144180708325,6.537316270578,0.));
#1794 = CARTESIAN_POINT('',(-1.121287422096,6.539389534884,0.));
#1795 = CARTESIAN_POINT('',(-1.097819767442,6.539389534884,0.));
#1796 = ORIENTED_EDGE('',*,*,#1797,.F.);
#1797 = EDGE_CURVE('',#1798,#1785,#1800,.T.);
#1798 = VERTEX_POINT('',#1799);
#1799 = CARTESIAN_POINT('',(-1.384792877907,6.347011264535,0.));
#1800 = B_SPLINE_CURVE_WITH_KNOTS('',4,(#1801,#1802,#1803,#1804,#1805,
    #1806,#1807,#1808),.UNSPECIFIED.,.F.,.F.,(5,3,5),(0.,0.692208229977,
    1.),.UNSPECIFIED.);
#1801 = CARTESIAN_POINT('',(-1.384792877907,6.347011264535,0.));
#1802 = CARTESIAN_POINT('',(-1.372517255832,6.379576937809,0.));
#1803 = CARTESIAN_POINT('',(-1.356757392749,6.408617594666,0.));
#1804 = CARTESIAN_POINT('',(-1.337489821191,6.434055062856,0.));
#1805 = CARTESIAN_POINT('',(-1.304627658365,6.465558620931,0.));
#1806 = CARTESIAN_POINT('',(-1.293824924928,6.474537385647,0.));
#1807 = CARTESIAN_POINT('',(-1.282336615685,6.482796030093,0.));
#1808 = CARTESIAN_POINT('',(-1.270167151163,6.490334302326,0.));
#1809 = ORIENTED_EDGE('',*,*,#1810,.F.);
#1810 = EDGE_CURVE('',#1811,#1798,#1813,.T.);
#1811 = VERTEX_POINT('',#1812);
#1812 = CARTESIAN_POINT('',(-1.420357921512,6.075081758721,0.));
#1813 = B_SPLINE_CURVE_WITH_KNOTS('',5,(#1814,#1815,#1816,#1817,#1818,
    #1819),.UNSPECIFIED.,.F.,.F.,(6,6),(0.,1.),
  .PIECEWISE_BEZIER_KNOTS.);
#1814 = CARTESIAN_POINT('',(-1.420357921512,6.075081758721,0.));
#1815 = CARTESIAN_POINT('',(-1.420357921512,6.144600680011,0.));
#1816 = CARTESIAN_POINT('',(-1.416954404118,6.207035404947,0.));
#1817 = CARTESIAN_POINT('',(-1.409972125268,6.261870345455,0.));
#1818 = CARTESIAN_POINT('',(-1.399270920493,6.308636130967,0.));
#1819 = CARTESIAN_POINT('',(-1.384792877907,6.347011264535,0.));
#1820 = ORIENTED_EDGE('',*,*,#1821,.F.);
#1821 = EDGE_CURVE('',#1822,#1811,#1824,.T.);
#1822 = VERTEX_POINT('',#1823);
#1823 = CARTESIAN_POINT('',(-1.420357921512,5.4,0.));
#1824 = LINE('',#1825,#1826);
#1825 = CARTESIAN_POINT('',(-1.420357921512,3.03754087936,0.));
#1826 = VECTOR('',#1827,1.);
#1827 = DIRECTION('',(0.,1.,0.));
#1828 = ORIENTED_EDGE('',*,*,#1829,.F.);
#1829 = EDGE_CURVE('',#1541,#1822,#1830,.T.);
#1830 = LINE('',#1831,#1832);
#1831 = CARTESIAN_POINT('',(-0.710178960756,5.4,0.));
#1832 = VECTOR('',#1833,1.);
#1833 = DIRECTION('',(1.,0.,-0.));
#1834 = FACE_BOUND('',#1835,.T.);
#1835 = EDGE_LOOP('',(#1836,#1849,#1859,#1870,#1885,#1898,#1911,#1921,
    #1932,#1944,#1954,#1965,#1976,#1987,#1998,#2006,#2017,#2028,#2039,
    #2050,#2061,#2071,#2082,#2090,#2102,#2115,#2123));
#1836 = ORIENTED_EDGE('',*,*,#1837,.F.);
#1837 = EDGE_CURVE('',#1838,#1840,#1842,.T.);
#1838 = VERTEX_POINT('',#1839);
#1839 = CARTESIAN_POINT('',(1.065679505814,5.416515261628,0.));
#1840 = VERTEX_POINT('',#1841);
#1841 = CARTESIAN_POINT('',(1.30179869186,5.563108648256,0.));
#1842 = B_SPLINE_CURVE_WITH_KNOTS('',5,(#1843,#1844,#1845,#1846,#1847,
    #1848),.UNSPECIFIED.,.F.,.F.,(6,6),(0.,1.),
  .PIECEWISE_BEZIER_KNOTS.);
#1843 = CARTESIAN_POINT('',(1.065679505814,5.416515261628,0.));
#1844 = CARTESIAN_POINT('',(1.111491151424,5.433777142502,0.));
#1845 = CARTESIAN_POINT('',(1.158076326392,5.457199760355,0.));
#1846 = CARTESIAN_POINT('',(1.205368191027,5.486676322517,0.));
#1847 = CARTESIAN_POINT('',(1.253298265656,5.52204495407,0.));
#1848 = CARTESIAN_POINT('',(1.30179869186,5.563108648256,0.));
#1849 = ORIENTED_EDGE('',*,*,#1850,.F.);
#1850 = EDGE_CURVE('',#1851,#1838,#1853,.T.);
#1851 = VERTEX_POINT('',#1852);
#1852 = CARTESIAN_POINT('',(0.822283793605,5.373837209302,0.));
#1853 = B_SPLINE_CURVE_WITH_KNOTS('',4,(#1854,#1855,#1856,#1857,#1858),
  .UNSPECIFIED.,.F.,.F.,(5,5),(0.,1.),.PIECEWISE_BEZIER_KNOTS.);
#1854 = CARTESIAN_POINT('',(0.822283793605,5.373837209302,0.));
#1855 = CARTESIAN_POINT('',(0.887104038502,5.373837209302,0.));
#1856 = CARTESIAN_POINT('',(0.949347703196,5.380911179357,0.));
#1857 = CARTESIAN_POINT('',(1.008898599659,5.395145663205,0.));
#1858 = CARTESIAN_POINT('',(1.065679505814,5.416515261628,0.));
#1859 = ORIENTED_EDGE('',*,*,#1860,.F.);
#1860 = EDGE_CURVE('',#1861,#1851,#1863,.T.);
#1861 = VERTEX_POINT('',#1862);
#1862 = CARTESIAN_POINT('',(0.492387354651,5.478324854651,0.));
#1863 = B_SPLINE_CURVE_WITH_KNOTS('',5,(#1864,#1865,#1866,#1867,#1868,
    #1869),.UNSPECIFIED.,.F.,.F.,(6,6),(0.,1.),
  .PIECEWISE_BEZIER_KNOTS.);
#1864 = CARTESIAN_POINT('',(0.492387354651,5.478324854651,0.));
#1865 = CARTESIAN_POINT('',(0.539118132132,5.43596887336,0.));
#1866 = CARTESIAN_POINT('',(0.596035410003,5.404358319492,0.));
#1867 = CARTESIAN_POINT('',(0.662796680986,5.383775863914,0.));
#1868 = CARTESIAN_POINT('',(0.738559520754,5.373837209302,0.));
#1869 = CARTESIAN_POINT('',(0.822283793605,5.373837209302,0.));
#1870 = ORIENTED_EDGE('',*,*,#1871,.F.);
#1871 = EDGE_CURVE('',#1872,#1861,#1874,.T.);
#1872 = VERTEX_POINT('',#1873);
#1873 = CARTESIAN_POINT('',(0.37710755814,5.745512354651,0.));
#1874 = B_SPLINE_CURVE_WITH_KNOTS('',5,(#1875,#1876,#1877,#1878,#1879,
    #1880,#1881,#1882,#1883,#1884),.UNSPECIFIED.,.F.,.F.,(6,4,6),(0.,
    0.567331302291,1.),.UNSPECIFIED.);
#1875 = CARTESIAN_POINT('',(0.37710755814,5.745512354651,0.));
#1876 = CARTESIAN_POINT('',(0.37710755814,5.708869583208,0.));
#1877 = CARTESIAN_POINT('',(0.380765791801,5.673892120137,0.));
#1878 = CARTESIAN_POINT('',(0.388152889963,5.640670966024,0.));
#1879 = CARTESIAN_POINT('',(0.39929573942,5.609278729401,0.));
#1880 = CARTESIAN_POINT('',(0.425511471145,5.557257486226,0.));
#1881 = CARTESIAN_POINT('',(0.439023990695,5.53584204379,0.));
#1882 = CARTESIAN_POINT('',(0.454694890389,5.515540983665,0.));
#1883 = CARTESIAN_POINT('',(0.472496992535,5.496367246954,0.));
#1884 = CARTESIAN_POINT('',(0.492387354651,5.478324854651,0.));
#1885 = ORIENTED_EDGE('',*,*,#1886,.F.);
#1886 = EDGE_CURVE('',#1887,#1872,#1889,.T.);
#1887 = VERTEX_POINT('',#1888);
#1888 = CARTESIAN_POINT('',(0.420603197674,5.919658430233,0.));
#1889 = B_SPLINE_CURVE_WITH_KNOTS('',4,(#1890,#1891,#1892,#1893,#1894,
    #1895,#1896,#1897),.UNSPECIFIED.,.F.,.F.,(5,3,5),(0.,0.274872761264,
    1.),.UNSPECIFIED.);
#1890 = CARTESIAN_POINT('',(0.420603197674,5.919658430233,0.));
#1891 = CARTESIAN_POINT('',(0.41462379569,5.908823574005,0.));
#1892 = CARTESIAN_POINT('',(0.409191137815,5.89777837266,0.));
#1893 = CARTESIAN_POINT('',(0.404306372115,5.886523772792,0.));
#1894 = CARTESIAN_POINT('',(0.388530278388,5.8448216303,0.));
#1895 = CARTESIAN_POINT('',(0.380906721394,5.813133422638,0.));
#1896 = CARTESIAN_POINT('',(0.37710755814,5.7800188402,0.));
#1897 = CARTESIAN_POINT('',(0.37710755814,5.745512354651,0.));
#1898 = ORIENTED_EDGE('',*,*,#1899,.F.);
#1899 = EDGE_CURVE('',#1900,#1887,#1902,.T.);
#1900 = VERTEX_POINT('',#1901);
#1901 = CARTESIAN_POINT('',(0.534656613372,6.046220930233,0.));
#1902 = B_SPLINE_CURVE_WITH_KNOTS('',4,(#1903,#1904,#1905,#1906,#1907,
    #1908,#1909,#1910),.UNSPECIFIED.,.F.,.F.,(5,3,5),(0.,0.239895440238,
    1.),.UNSPECIFIED.);
#1903 = CARTESIAN_POINT('',(0.534656613372,6.046220930233,0.));
#1904 = CARTESIAN_POINT('',(0.526200560969,6.040501813584,0.));
#1905 = CARTESIAN_POINT('',(0.51800159964,6.034482223303,0.));
#1906 = CARTESIAN_POINT('',(0.510060411994,6.028162350738,0.));
#1907 = CARTESIAN_POINT('',(0.478034265431,6.00056810196,0.));
#1908 = CARTESIAN_POINT('',(0.456283793983,5.976583159635,0.));
#1909 = CARTESIAN_POINT('',(0.437141588344,5.949601295141,0.));
#1910 = CARTESIAN_POINT('',(0.420603197674,5.919658430233,0.));
#1911 = ORIENTED_EDGE('',*,*,#1912,.F.);
#1912 = EDGE_CURVE('',#1913,#1900,#1915,.T.);
#1913 = VERTEX_POINT('',#1914);
#1914 = CARTESIAN_POINT('',(0.69351380814,6.118332122093,0.));
#1915 = B_SPLINE_CURVE_WITH_KNOTS('',4,(#1916,#1917,#1918,#1919,#1920),
  .UNSPECIFIED.,.F.,.F.,(5,5),(0.,1.),.PIECEWISE_BEZIER_KNOTS.);
#1916 = CARTESIAN_POINT('',(0.69351380814,6.118332122093,0.));
#1917 = CARTESIAN_POINT('',(0.649425179929,6.106126103727,0.));
#1918 = CARTESIAN_POINT('',(0.608228538766,6.090045176036,0.));
#1919 = CARTESIAN_POINT('',(0.569964941365,6.070073485528,0.));
#1920 = CARTESIAN_POINT('',(0.534656613372,6.046220930233,0.));
#1921 = ORIENTED_EDGE('',*,*,#1922,.F.);
#1922 = EDGE_CURVE('',#1923,#1913,#1925,.T.);
#1923 = VERTEX_POINT('',#1924);
#1924 = CARTESIAN_POINT('',(0.889734738372,6.151362645349,0.));
#1925 = B_SPLINE_CURVE_WITH_KNOTS('',5,(#1926,#1927,#1928,#1929,#1930,
    #1931),.UNSPECIFIED.,.F.,.F.,(6,6),(0.,1.),
  .PIECEWISE_BEZIER_KNOTS.);
#1926 = CARTESIAN_POINT('',(0.889734738372,6.151362645349,0.));
#1927 = CARTESIAN_POINT('',(0.837959083269,6.145104404171,0.));
#1928 = CARTESIAN_POINT('',(0.792212788652,6.138668802141,0.));
#1929 = CARTESIAN_POINT('',(0.752754387668,6.132058100819,0.));
#1930 = CARTESIAN_POINT('',(0.719804128217,6.125276734944,0.));
#1931 = CARTESIAN_POINT('',(0.69351380814,6.118332122093,0.));
#1932 = ORIENTED_EDGE('',*,*,#1933,.F.);
#1933 = EDGE_CURVE('',#1934,#1923,#1936,.T.);
#1934 = VERTEX_POINT('',#1935);
#1935 = CARTESIAN_POINT('',(1.283402979651,6.226744186047,0.));
#1936 = B_SPLINE_CURVE_WITH_KNOTS('',6,(#1937,#1938,#1939,#1940,#1941,
    #1942,#1943),.UNSPECIFIED.,.F.,.F.,(7,7),(0.,1.),
  .PIECEWISE_BEZIER_KNOTS.);
#1937 = CARTESIAN_POINT('',(1.283402979651,6.226744186047,0.));
#1938 = CARTESIAN_POINT('',(1.239469477651,6.211530966907,0.));
#1939 = CARTESIAN_POINT('',(1.185892419353,6.197401246346,0.));
#1940 = CARTESIAN_POINT('',(1.123329624364,6.184358901807,0.));
#1941 = CARTESIAN_POINT('',(1.052589689008,6.172371988661,0.));
#1942 = CARTESIAN_POINT('',(0.974479193933,6.161392035044,0.));
#1943 = CARTESIAN_POINT('',(0.889734738372,6.151362645349,0.));
#1944 = ORIENTED_EDGE('',*,*,#1945,.F.);
#1945 = EDGE_CURVE('',#1946,#1934,#1948,.T.);
#1946 = VERTEX_POINT('',#1947);
#1947 = CARTESIAN_POINT('',(1.284629360465,6.283566497093,0.));
#1948 = B_SPLINE_CURVE_WITH_KNOTS('',4,(#1949,#1950,#1951,#1952,#1953),
  .UNSPECIFIED.,.F.,.F.,(5,5),(0.,1.),.PIECEWISE_BEZIER_KNOTS.);
#1949 = CARTESIAN_POINT('',(1.284629360465,6.283566497093,0.));
#1950 = CARTESIAN_POINT('',(1.284629360465,6.277507293602,0.));
#1951 = CARTESIAN_POINT('',(1.28442434924,6.265997978012,0.));
#1952 = CARTESIAN_POINT('',(1.284014823504,6.249056091881,0.));
#1953 = CARTESIAN_POINT('',(1.283402979651,6.226744186047,0.));
#1954 = ORIENTED_EDGE('',*,*,#1955,.F.);
#1955 = EDGE_CURVE('',#1956,#1946,#1958,.T.);
#1956 = VERTEX_POINT('',#1957);
#1957 = CARTESIAN_POINT('',(1.222083938953,6.470875726744,0.));
#1958 = B_SPLINE_CURVE_WITH_KNOTS('',5,(#1959,#1960,#1961,#1962,#1963,
    #1964),.UNSPECIFIED.,.F.,.F.,(6,6),(0.,1.),
  .PIECEWISE_BEZIER_KNOTS.);
#1959 = CARTESIAN_POINT('',(1.222083938953,6.470875726744,0.));
#1960 = CARTESIAN_POINT('',(1.247281972749,6.448971553575,0.));
#1961 = CARTESIAN_POINT('',(1.266127578783,6.419103653578,0.));
#1962 = CARTESIAN_POINT('',(1.278540753765,6.381357701229,0.));
#1963 = CARTESIAN_POINT('',(1.284629360465,6.336032287559,0.));
#1964 = CARTESIAN_POINT('',(1.284629360465,6.283566497093,0.));
#1965 = ORIENTED_EDGE('',*,*,#1966,.F.);
#1966 = EDGE_CURVE('',#1967,#1956,#1969,.T.);
#1967 = VERTEX_POINT('',#1968);
#1968 = CARTESIAN_POINT('',(0.970675872093,6.544622093023,0.));
#1969 = B_SPLINE_CURVE_WITH_KNOTS('',5,(#1970,#1971,#1972,#1973,#1974,
    #1975),.UNSPECIFIED.,.F.,.F.,(6,6),(0.,1.),
  .PIECEWISE_BEZIER_KNOTS.);
#1970 = CARTESIAN_POINT('',(0.970675872093,6.544622093023,0.));
#1971 = CARTESIAN_POINT('',(1.036219492777,6.544622093023,0.));
#1972 = CARTESIAN_POINT('',(1.094631822872,6.5375041511,0.));
#1973 = CARTESIAN_POINT('',(1.145332908731,6.522921156422,0.));
#1974 = CARTESIAN_POINT('',(1.187879820739,6.50068453315,0.));
#1975 = CARTESIAN_POINT('',(1.222083938953,6.470875726744,0.));
#1976 = ORIENTED_EDGE('',*,*,#1977,.F.);
#1977 = EDGE_CURVE('',#1978,#1967,#1980,.T.);
#1978 = VERTEX_POINT('',#1979);
#1979 = CARTESIAN_POINT('',(0.740688590116,6.489598473837,0.));
#1980 = B_SPLINE_CURVE_WITH_KNOTS('',5,(#1981,#1982,#1983,#1984,#1985,
    #1986),.UNSPECIFIED.,.F.,.F.,(6,6),(0.,1.),
  .PIECEWISE_BEZIER_KNOTS.);
#1981 = CARTESIAN_POINT('',(0.740688590116,6.489598473837,0.));
#1982 = CARTESIAN_POINT('',(0.770738679746,6.51187128256,0.));
#1983 = CARTESIAN_POINT('',(0.809048595677,6.528444164909,0.));
#1984 = CARTESIAN_POINT('',(0.85542227202,6.539310257649,0.));
#1985 = CARTESIAN_POINT('',(0.909464019522,6.544622093023,0.));
#1986 = CARTESIAN_POINT('',(0.970675872093,6.544622093023,0.));
#1987 = ORIENTED_EDGE('',*,*,#1988,.F.);
#1988 = EDGE_CURVE('',#1989,#1978,#1991,.T.);
#1989 = VERTEX_POINT('',#1990);
#1990 = CARTESIAN_POINT('',(0.630968386628,6.29476744186,0.));
#1991 = B_SPLINE_CURVE_WITH_KNOTS('',5,(#1992,#1993,#1994,#1995,#1996,
    #1997),.UNSPECIFIED.,.F.,.F.,(6,6),(0.,1.),
  .PIECEWISE_BEZIER_KNOTS.);
#1992 = CARTESIAN_POINT('',(0.630968386628,6.29476744186,0.));
#1993 = CARTESIAN_POINT('',(0.644993200491,6.349899468771,0.));
#1994 = CARTESIAN_POINT('',(0.662903008017,6.397319426395,0.));
#1995 = CARTESIAN_POINT('',(0.684810414184,6.436589375299,0.));
#1996 = CARTESIAN_POINT('',(0.710759236625,6.467390695558,0.));
#1997 = CARTESIAN_POINT('',(0.740688590116,6.489598473837,0.));
#1998 = ORIENTED_EDGE('',*,*,#1999,.F.);
#1999 = EDGE_CURVE('',#2000,#1989,#2002,.T.);
#2000 = VERTEX_POINT('',#2001);
#2001 = CARTESIAN_POINT('',(0.415125363372,6.324200581395,0.));
#2002 = LINE('',#2003,#2004);
#2003 = CARTESIAN_POINT('',(0.742597141227,6.279545338961,
    2.775557561563E-17));
#2004 = VECTOR('',#2005,1.);
#2005 = DIRECTION('',(0.990830168044,-0.135113204733,0.));
#2006 = ORIENTED_EDGE('',*,*,#2007,.F.);
#2007 = EDGE_CURVE('',#2008,#2000,#2010,.T.);
#2008 = VERTEX_POINT('',#2009);
#2009 = CARTESIAN_POINT('',(0.512009447674,6.550099927326,0.));
#2010 = B_SPLINE_CURVE_WITH_KNOTS('',5,(#2011,#2012,#2013,#2014,#2015,
    #2016),.UNSPECIFIED.,.F.,.F.,(6,6),(0.,1.),
  .PIECEWISE_BEZIER_KNOTS.);
#2011 = CARTESIAN_POINT('',(0.512009447674,6.550099927326,0.));
#2012 = CARTESIAN_POINT('',(0.484848777312,6.51546595736,0.));
#2013 = CARTESIAN_POINT('',(0.461594640593,6.475440408341,0.));
#2014 = CARTESIAN_POINT('',(0.442254772285,6.43011529231,0.));
#2015 = CARTESIAN_POINT('',(0.426789808965,6.379639099198,0.));
#2016 = CARTESIAN_POINT('',(0.415125363372,6.324200581395,0.));
#2017 = ORIENTED_EDGE('',*,*,#2018,.F.);
#2018 = EDGE_CURVE('',#2019,#2008,#2021,.T.);
#2019 = VERTEX_POINT('',#2020);
#2020 = CARTESIAN_POINT('',(0.707003997093,6.682630813953,0.));
#2021 = B_SPLINE_CURVE_WITH_KNOTS('',5,(#2022,#2023,#2024,#2025,#2026,
    #2027),.UNSPECIFIED.,.F.,.F.,(6,6),(0.,1.),
  .PIECEWISE_BEZIER_KNOTS.);
#2022 = CARTESIAN_POINT('',(0.707003997093,6.682630813953,0.));
#2023 = CARTESIAN_POINT('',(0.656377728479,6.66419765974,0.));
#2024 = CARTESIAN_POINT('',(0.611395695565,6.641760303637,0.));
#2025 = CARTESIAN_POINT('',(0.572260179949,6.615261551499,0.));
#2026 = CARTESIAN_POINT('',(0.539111206507,6.584691626781,0.));
#2027 = CARTESIAN_POINT('',(0.512009447674,6.550099927326,0.));
#2028 = ORIENTED_EDGE('',*,*,#2029,.F.);
#2029 = EDGE_CURVE('',#2030,#2019,#2032,.T.);
#2030 = VERTEX_POINT('',#2031);
#2031 = CARTESIAN_POINT('',(1.002561773256,6.729069767442,0.));
#2032 = B_SPLINE_CURVE_WITH_KNOTS('',5,(#2033,#2034,#2035,#2036,#2037,
    #2038),.UNSPECIFIED.,.F.,.F.,(6,6),(0.,1.),
  .PIECEWISE_BEZIER_KNOTS.);
#2033 = CARTESIAN_POINT('',(1.002561773256,6.729069767442,0.));
#2034 = CARTESIAN_POINT('',(0.936028941272,6.729069767442,0.));
#2035 = CARTESIAN_POINT('',(0.873059651048,6.724518388754,0.));
#2036 = CARTESIAN_POINT('',(0.813812284614,6.715305411299,0.));
#2037 = CARTESIAN_POINT('',(0.758424864712,6.701353283702,0.));
#2038 = CARTESIAN_POINT('',(0.707003997093,6.682630813953,0.));
#2039 = ORIENTED_EDGE('',*,*,#2040,.F.);
#2040 = EDGE_CURVE('',#2041,#2030,#2043,.T.);
#2041 = VERTEX_POINT('',#2042);
#2042 = CARTESIAN_POINT('',(1.27359193314,6.689907340116,0.));
#2043 = B_SPLINE_CURVE_WITH_KNOTS('',5,(#2044,#2045,#2046,#2047,#2048,
    #2049),.UNSPECIFIED.,.F.,.F.,(6,6),(0.,1.),
  .PIECEWISE_BEZIER_KNOTS.);
#2044 = CARTESIAN_POINT('',(1.27359193314,6.689907340116,0.));
#2045 = CARTESIAN_POINT('',(1.23135957401,6.705773457781,0.));
#2046 = CARTESIAN_POINT('',(1.18291380606,6.717545904777,0.));
#2047 = CARTESIAN_POINT('',(1.128449086724,6.725275256461,0.));
#2048 = CARTESIAN_POINT('',(1.068231675217,6.729069767442,0.));
#2049 = CARTESIAN_POINT('',(1.002561773256,6.729069767442,0.));
#2050 = ORIENTED_EDGE('',*,*,#2051,.F.);
#2051 = EDGE_CURVE('',#2052,#2041,#2054,.T.);
#2052 = VERTEX_POINT('',#2053);
#2053 = CARTESIAN_POINT('',(1.426889534884,6.591388081395,0.));
#2054 = B_SPLINE_CURVE_WITH_KNOTS('',5,(#2055,#2056,#2057,#2058,#2059,
    #2060),.UNSPECIFIED.,.F.,.F.,(6,6),(0.,1.),
  .PIECEWISE_BEZIER_KNOTS.);
#2055 = CARTESIAN_POINT('',(1.426889534884,6.591388081395,0.));
#2056 = CARTESIAN_POINT('',(1.407165902131,6.615253677026,0.));
#2057 = CARTESIAN_POINT('',(1.381895388107,6.637043673445,0.));
#2058 = CARTESIAN_POINT('',(1.351133433109,6.65674282384,0.));
#2059 = CARTESIAN_POINT('',(1.314984648883,6.674356664947,0.));
#2060 = CARTESIAN_POINT('',(1.27359193314,6.689907340116,0.));
#2061 = ORIENTED_EDGE('',*,*,#2062,.F.);
#2062 = EDGE_CURVE('',#2063,#2052,#2065,.T.);
#2063 = VERTEX_POINT('',#2064);
#2064 = CARTESIAN_POINT('',(1.495566860465,6.441442587209,0.));
#2065 = B_SPLINE_CURVE_WITH_KNOTS('',4,(#2066,#2067,#2068,#2069,#2070),
  .UNSPECIFIED.,.F.,.F.,(5,5),(0.,1.),.PIECEWISE_BEZIER_KNOTS.);
#2066 = CARTESIAN_POINT('',(1.495566860465,6.441442587209,0.));
#2067 = CARTESIAN_POINT('',(1.485786948719,6.486593179772,0.));
#2068 = CARTESIAN_POINT('',(1.471104388409,6.526702333672,0.));
#2069 = CARTESIAN_POINT('',(1.451466127174,6.561650404724,0.));
#2070 = CARTESIAN_POINT('',(1.426889534884,6.591388081395,0.));
#2071 = ORIENTED_EDGE('',*,*,#2072,.F.);
#2072 = EDGE_CURVE('',#2073,#2063,#2075,.T.);
#2073 = VERTEX_POINT('',#2074);
#2074 = CARTESIAN_POINT('',(1.506604287791,6.238353924419,0.));
#2075 = B_SPLINE_CURVE_WITH_KNOTS('',5,(#2076,#2077,#2078,#2079,#2080,
    #2081),.UNSPECIFIED.,.F.,.F.,(6,6),(0.,1.),
  .PIECEWISE_BEZIER_KNOTS.);
#2076 = CARTESIAN_POINT('',(1.506604287791,6.238353924419,0.));
#2077 = CARTESIAN_POINT('',(1.506604287791,6.295936358127,0.));
#2078 = CARTESIAN_POINT('',(1.505543443616,6.345505216929,0.));
#2079 = CARTESIAN_POINT('',(1.503370742874,6.386540094527,0.));
#2080 = CARTESIAN_POINT('',(1.500048616575,6.418602230144,0.));
#2081 = CARTESIAN_POINT('',(1.495566860465,6.441442587209,0.));
#2082 = ORIENTED_EDGE('',*,*,#2083,.F.);
#2083 = EDGE_CURVE('',#2084,#2073,#2086,.T.);
#2084 = VERTEX_POINT('',#2085);
#2085 = CARTESIAN_POINT('',(1.506604287791,5.944594840116,0.));
#2086 = LINE('',#2087,#2088);
#2087 = CARTESIAN_POINT('',(1.506604287791,3.119176962209,0.));
#2088 = VECTOR('',#2089,1.);
#2089 = DIRECTION('',(0.,1.,0.));
#2090 = ORIENTED_EDGE('',*,*,#2091,.F.);
#2091 = EDGE_CURVE('',#2092,#2084,#2094,.T.);
#2092 = VERTEX_POINT('',#2093);
#2093 = CARTESIAN_POINT('',(1.520666787791,5.555995639535,0.));
#2094 = B_SPLINE_CURVE_WITH_KNOTS('',6,(#2095,#2096,#2097,#2098,#2099,
    #2100,#2101),.UNSPECIFIED.,.F.,.F.,(7,7),(0.,1.),
  .PIECEWISE_BEZIER_KNOTS.);
#2095 = CARTESIAN_POINT('',(1.520666787791,5.555995639535,0.));
#2096 = CARTESIAN_POINT('',(1.515672008868,5.584918894225,0.));
#2097 = CARTESIAN_POINT('',(1.51181829666,5.630486062271,0.));
#2098 = CARTESIAN_POINT('',(1.509095733288,5.691411530467,0.));
#2099 = CARTESIAN_POINT('',(1.507397578903,5.765430881445,0.));
#2100 = CARTESIAN_POINT('',(1.506604287791,5.850405844475,0.));
#2101 = CARTESIAN_POINT('',(1.506604287791,5.944594840116,0.));
#2102 = ORIENTED_EDGE('',*,*,#2103,.F.);
#2103 = EDGE_CURVE('',#2104,#2092,#2106,.T.);
#2104 = VERTEX_POINT('',#2105);
#2105 = CARTESIAN_POINT('',(1.576507994186,5.4,0.));
#2106 = B_SPLINE_CURVE_WITH_KNOTS('',4,(#2107,#2108,#2109,#2110,#2111,
    #2112,#2113,#2114),.UNSPECIFIED.,.F.,.F.,(5,3,5),(0.,0.804050558854,
    1.),.UNSPECIFIED.);
#2107 = CARTESIAN_POINT('',(1.576507994186,5.4,0.));
#2108 = CARTESIAN_POINT('',(1.559757163776,5.429987270911,0.));
#2109 = CARTESIAN_POINT('',(1.545959421131,5.460716094174,0.));
#2110 = CARTESIAN_POINT('',(1.535129398018,5.492178637871,0.));
#2111 = CARTESIAN_POINT('',(1.525354394912,5.532207686947,0.));
#2112 = CARTESIAN_POINT('',(1.523615405075,5.540094287105,0.));
#2113 = CARTESIAN_POINT('',(1.522052870588,5.548023660442,0.));
#2114 = CARTESIAN_POINT('',(1.520666787791,5.555995639535,0.));
#2115 = ORIENTED_EDGE('',*,*,#2116,.F.);
#2116 = EDGE_CURVE('',#2117,#2104,#2119,.T.);
#2117 = VERTEX_POINT('',#2118);
#2118 = CARTESIAN_POINT('',(1.345948401163,5.4,0.));
#2119 = LINE('',#2120,#2121);
#2120 = CARTESIAN_POINT('',(0.788253997093,5.4,0.));
#2121 = VECTOR('',#2122,1.);
#2122 = DIRECTION('',(1.,0.,-0.));
#2123 = ORIENTED_EDGE('',*,*,#2124,.F.);
#2124 = EDGE_CURVE('',#1840,#2117,#2125,.T.);
#2125 = B_SPLINE_CURVE_WITH_KNOTS('',4,(#2126,#2127,#2128,#2129,#2130),
  .UNSPECIFIED.,.F.,.F.,(5,5),(0.,1.),.PIECEWISE_BEZIER_KNOTS.);
#2126 = CARTESIAN_POINT('',(1.30179869186,5.563108648256,0.));
#2127 = CARTESIAN_POINT('',(1.306689222558,5.516567097782,0.));
#2128 = CARTESIAN_POINT('',(1.315655026078,5.47382199319,0.));
#2129 = CARTESIAN_POINT('',(1.328739166604,5.434951135902,0.));
#2130 = CARTESIAN_POINT('',(1.345948401163,5.4,0.));
#2131 = FACE_BOUND('',#2132,.T.);
#2132 = EDGE_LOOP('',(#2133,#2143,#2158,#2169,#2180,#2193,#2206,#2217,
    #2229,#2242,#2252,#2262,#2272,#2282,#2292,#2303,#2314,#2325,#2333,
    #2346,#2357,#2368,#2381,#2391,#2401,#2412,#2424,#2437,#2448,#2461,
    #2472,#2483,#2495));
#2133 = ORIENTED_EDGE('',*,*,#2134,.F.);
#2134 = EDGE_CURVE('',#2135,#2137,#2139,.T.);
#2135 = VERTEX_POINT('',#2136);
#2136 = CARTESIAN_POINT('',(1.979006177326,5.823837209302,0.));
#2137 = VERTEX_POINT('',#2138);
#2138 = CARTESIAN_POINT('',(1.760710392442,5.789498546512,0.));
#2139 = LINE('',#2140,#2141);
#2140 = CARTESIAN_POINT('',(0.457254546225,5.58446054823,0.));
#2141 = VECTOR('',#2142,1.);
#2142 = DIRECTION('',(-0.987852796582,-0.155392574743,0.));
#2143 = ORIENTED_EDGE('',*,*,#2144,.F.);
#2144 = EDGE_CURVE('',#2145,#2135,#2147,.T.);
#2145 = VERTEX_POINT('',#2146);
#2146 = CARTESIAN_POINT('',(2.08136809593,5.62671693314,0.));
#2147 = B_SPLINE_CURVE_WITH_KNOTS('',5,(#2148,#2149,#2150,#2151,#2152,
    #2153,#2154,#2155,#2156,#2157),.UNSPECIFIED.,.F.,.F.,(6,4,6),(0.,
    0.176525636528,1.),.UNSPECIFIED.);
#2148 = CARTESIAN_POINT('',(2.08136809593,5.62671693314,0.));
#2149 = CARTESIAN_POINT('',(2.075425141767,5.631566198562,0.));
#2150 = CARTESIAN_POINT('',(2.069686090444,5.636604749012,0.));
#2151 = CARTESIAN_POINT('',(2.064151602443,5.641832379868,0.));
#2152 = CARTESIAN_POINT('',(2.058822209954,5.647248766478,0.));
#2153 = CARTESIAN_POINT('',(2.029795870347,5.678998815901,0.));
#2154 = CARTESIAN_POINT('',(2.010364984413,5.709242448013,0.));
#2155 = CARTESIAN_POINT('',(1.9954479987,5.74353835451,0.));
#2156 = CARTESIAN_POINT('',(1.985021219819,5.781785378891,0.));
#2157 = CARTESIAN_POINT('',(1.979006177326,5.823837209302,0.));
#2158 = ORIENTED_EDGE('',*,*,#2159,.F.);
#2159 = EDGE_CURVE('',#2160,#2145,#2162,.T.);
#2160 = VERTEX_POINT('',#2161);
#2161 = CARTESIAN_POINT('',(2.316260901163,5.558284883721,0.));
#2162 = B_SPLINE_CURVE_WITH_KNOTS('',5,(#2163,#2164,#2165,#2166,#2167,
    #2168),.UNSPECIFIED.,.F.,.F.,(6,6),(0.,1.),
  .PIECEWISE_BEZIER_KNOTS.);
#2163 = CARTESIAN_POINT('',(2.316260901163,5.558284883721,0.));
#2164 = CARTESIAN_POINT('',(2.256707168136,5.558284883721,0.));
#2165 = CARTESIAN_POINT('',(2.203114933195,5.564951359409,0.));
#2166 = CARTESIAN_POINT('',(2.155865719031,5.578528671746,0.));
#2167 = CARTESIAN_POINT('',(2.115240993405,5.599137540935,0.));
#2168 = CARTESIAN_POINT('',(2.08136809593,5.62671693314,0.));
#2169 = ORIENTED_EDGE('',*,*,#2170,.F.);
#2170 = EDGE_CURVE('',#2171,#2160,#2173,.T.);
#2171 = VERTEX_POINT('',#2172);
#2172 = CARTESIAN_POINT('',(2.54191497093,5.619031613372,0.));
#2173 = B_SPLINE_CURVE_WITH_KNOTS('',5,(#2174,#2175,#2176,#2177,#2178,
    #2179),.UNSPECIFIED.,.F.,.F.,(6,6),(0.,1.),
  .PIECEWISE_BEZIER_KNOTS.);
#2174 = CARTESIAN_POINT('',(2.54191497093,5.619031613372,0.));
#2175 = CARTESIAN_POINT('',(2.51217958715,5.594483402096,0.));
#2176 = CARTESIAN_POINT('',(2.474492546737,5.57618416246,0.));
#2177 = CARTESIAN_POINT('',(2.429017281487,5.564166623168,0.));
#2178 = CARTESIAN_POINT('',(2.376115539836,5.558284883721,0.));
#2179 = CARTESIAN_POINT('',(2.316260901163,5.558284883721,0.));
#2180 = ORIENTED_EDGE('',*,*,#2181,.F.);
#2181 = EDGE_CURVE('',#2182,#2171,#2184,.T.);
#2182 = VERTEX_POINT('',#2183);
#2183 = CARTESIAN_POINT('',(2.615497819767,5.761618822674,0.));
#2184 = B_SPLINE_CURVE_WITH_KNOTS('',4,(#2185,#2186,#2187,#2188,#2189,
    #2190,#2191,#2192),.UNSPECIFIED.,.F.,.F.,(5,3,5),(0.,0.295673956442,
    1.),.UNSPECIFIED.);
#2185 = CARTESIAN_POINT('',(2.615497819767,5.761618822674,0.));
#2186 = CARTESIAN_POINT('',(2.615497819767,5.74951445368,0.));
#2187 = CARTESIAN_POINT('',(2.614424738121,5.737709672315,0.));
#2188 = CARTESIAN_POINT('',(2.612275363493,5.726209407854,0.));
#2189 = CARTESIAN_POINT('',(2.601369504051,5.688356905497,0.));
#2190 = CARTESIAN_POINT('',(2.587586788443,5.663445512875,0.));
#2191 = CARTESIAN_POINT('',(2.567718833514,5.640334135483,0.));
#2192 = CARTESIAN_POINT('',(2.54191497093,5.619031613372,0.));
#2193 = ORIENTED_EDGE('',*,*,#2194,.F.);
#2194 = EDGE_CURVE('',#2195,#2182,#2197,.T.);
#2195 = VERTEX_POINT('',#2196);
#2196 = CARTESIAN_POINT('',(2.550499636628,5.877062136628,0.));
#2197 = B_SPLINE_CURVE_WITH_KNOTS('',4,(#2198,#2199,#2200,#2201,#2202,
    #2203,#2204,#2205),.UNSPECIFIED.,.F.,.F.,(5,3,5),(0.,0.560099297374,
    1.),.UNSPECIFIED.);
#2198 = CARTESIAN_POINT('',(2.550499636628,5.877062136628,0.));
#2199 = CARTESIAN_POINT('',(2.568660473706,5.865297569212,0.));
#2200 = CARTESIAN_POINT('',(2.583477022292,5.851882631604,0.));
#2201 = CARTESIAN_POINT('',(2.59489787087,5.836813926264,0.));
#2202 = CARTESIAN_POINT('',(2.609210155637,5.806989710678,0.));
#2203 = CARTESIAN_POINT('',(2.613406077326,5.792860939665,0.));
#2204 = CARTESIAN_POINT('',(2.615497819767,5.777731834817,0.));
#2205 = CARTESIAN_POINT('',(2.615497819767,5.761618822674,0.));
#2206 = ORIENTED_EDGE('',*,*,#2207,.F.);
#2207 = EDGE_CURVE('',#2208,#2195,#2210,.T.);
#2208 = VERTEX_POINT('',#2209);
#2209 = CARTESIAN_POINT('',(2.32484556686,5.950481468023,0.));
#2210 = B_SPLINE_CURVE_WITH_KNOTS('',5,(#2211,#2212,#2213,#2214,#2215,
    #2216),.UNSPECIFIED.,.F.,.F.,(6,6),(0.,1.),
  .PIECEWISE_BEZIER_KNOTS.);
#2211 = CARTESIAN_POINT('',(2.32484556686,5.950481468023,0.));
#2212 = CARTESIAN_POINT('',(2.394511473921,5.933294051497,0.));
#2213 = CARTESIAN_POINT('',(2.453075266979,5.917189089313,0.));
#2214 = CARTESIAN_POINT('',(2.499260637433,5.902340546741,0.));
#2215 = CARTESIAN_POINT('',(2.531901373483,5.88892481258,0.));
#2216 = CARTESIAN_POINT('',(2.550499636628,5.877062136628,0.));
#2217 = ORIENTED_EDGE('',*,*,#2218,.F.);
#2218 = EDGE_CURVE('',#2219,#2208,#2221,.T.);
#2219 = VERTEX_POINT('',#2220);
#2220 = CARTESIAN_POINT('',(1.98816315407,6.056359011628,0.));
#2221 = B_SPLINE_CURVE_WITH_KNOTS('',6,(#2222,#2223,#2224,#2225,#2226,
    #2227,#2228),.UNSPECIFIED.,.F.,.F.,(7,7),(0.,1.),
  .PIECEWISE_BEZIER_KNOTS.);
#2222 = CARTESIAN_POINT('',(1.98816315407,6.056359011628,0.));
#2223 = CARTESIAN_POINT('',(2.020743553033,6.040863456023,0.));
#2224 = CARTESIAN_POINT('',(2.063710130602,6.024350323927,0.));
#2225 = CARTESIAN_POINT('',(2.116455023219,6.006935556808,0.));
#2226 = CARTESIAN_POINT('',(2.178135984751,5.988744180104,0.));
#2227 = CARTESIAN_POINT('',(2.247874053684,5.969892802491,0.));
#2228 = CARTESIAN_POINT('',(2.32484556686,5.950481468023,0.));
#2229 = ORIENTED_EDGE('',*,*,#2230,.F.);
#2230 = EDGE_CURVE('',#2231,#2219,#2233,.T.);
#2231 = VERTEX_POINT('',#2232);
#2232 = CARTESIAN_POINT('',(1.845902979651,6.179978197674,0.));
#2233 = B_SPLINE_CURVE_WITH_KNOTS('',4,(#2234,#2235,#2236,#2237,#2238,
    #2239,#2240,#2241),.UNSPECIFIED.,.F.,.F.,(5,3,5),(0.,0.155812053512,
    1.),.UNSPECIFIED.);
#2234 = CARTESIAN_POINT('',(1.845902979651,6.179978197674,0.));
#2235 = CARTESIAN_POINT('',(1.849684267741,6.173824836787,0.));
#2236 = CARTESIAN_POINT('',(1.853649613171,6.167809443353,0.));
#2237 = CARTESIAN_POINT('',(1.85779890836,6.16193239059,0.));
#2238 = CARTESIAN_POINT('',(1.885608218061,6.125103261218,0.));
#2239 = CARTESIAN_POINT('',(1.91447805608,6.09808196941,0.));
#2240 = CARTESIAN_POINT('',(1.948705513687,6.075176212404,0.));
#2241 = CARTESIAN_POINT('',(1.98816315407,6.056359011628,0.));
#2242 = ORIENTED_EDGE('',*,*,#2243,.F.);
#2243 = EDGE_CURVE('',#2244,#2231,#2246,.T.);
#2244 = VERTEX_POINT('',#2245);
#2245 = CARTESIAN_POINT('',(1.79750181686,6.35445130814,0.));
#2246 = B_SPLINE_CURVE_WITH_KNOTS('',4,(#2247,#2248,#2249,#2250,#2251),
  .UNSPECIFIED.,.F.,.F.,(5,5),(0.,1.),.PIECEWISE_BEZIER_KNOTS.);
#2247 = CARTESIAN_POINT('',(1.79750181686,6.35445130814,0.));
#2248 = CARTESIAN_POINT('',(1.79750181686,6.306769294066,0.));
#2249 = CARTESIAN_POINT('',(1.805546645614,6.261735425995,0.));
#2250 = CARTESIAN_POINT('',(1.821710215328,6.219454904323,0.));
#2251 = CARTESIAN_POINT('',(1.845902979651,6.179978197674,0.));
#2252 = ORIENTED_EDGE('',*,*,#2253,.F.);
#2253 = EDGE_CURVE('',#2254,#2244,#2256,.T.);
#2254 = VERTEX_POINT('',#2255);
#2255 = CARTESIAN_POINT('',(1.837318313953,6.515434229651,0.));
#2256 = B_SPLINE_CURVE_WITH_KNOTS('',4,(#2257,#2258,#2259,#2260,#2261),
  .UNSPECIFIED.,.F.,.F.,(5,5),(0.,1.),.PIECEWISE_BEZIER_KNOTS.);
#2257 = CARTESIAN_POINT('',(1.837318313953,6.515434229651,0.));
#2258 = CARTESIAN_POINT('',(1.817412056221,6.478401232721,0.));
#2259 = CARTESIAN_POINT('',(1.80412415227,6.439198743921,0.));
#2260 = CARTESIAN_POINT('',(1.79750181686,6.397861126209,0.));
#2261 = CARTESIAN_POINT('',(1.79750181686,6.35445130814,0.));
#2262 = ORIENTED_EDGE('',*,*,#2263,.F.);
#2263 = EDGE_CURVE('',#2264,#2254,#2266,.T.);
#2264 = VERTEX_POINT('',#2265);
#2265 = CARTESIAN_POINT('',(1.945893895349,6.638481104651,0.));
#2266 = B_SPLINE_CURVE_WITH_KNOTS('',4,(#2267,#2268,#2269,#2270,#2271),
  .UNSPECIFIED.,.F.,.F.,(5,5),(0.,1.),.PIECEWISE_BEZIER_KNOTS.);
#2267 = CARTESIAN_POINT('',(1.945893895349,6.638481104651,0.));
#2268 = CARTESIAN_POINT('',(1.911572687107,6.614006814488,0.));
#2269 = CARTESIAN_POINT('',(1.882009821743,6.585329716624,0.));
#2270 = CARTESIAN_POINT('',(1.857258706818,6.552454713125,0.));
#2271 = CARTESIAN_POINT('',(1.837318313953,6.515434229651,0.));
#2272 = ORIENTED_EDGE('',*,*,#2273,.F.);
#2273 = EDGE_CURVE('',#2274,#2264,#2276,.T.);
#2274 = VERTEX_POINT('',#2275);
#2275 = CARTESIAN_POINT('',(2.086273619186,6.702743459302,0.));
#2276 = B_SPLINE_CURVE_WITH_KNOTS('',4,(#2277,#2278,#2279,#2280,#2281),
  .UNSPECIFIED.,.F.,.F.,(5,5),(0.,1.),.PIECEWISE_BEZIER_KNOTS.);
#2277 = CARTESIAN_POINT('',(2.086273619186,6.702743459302,0.));
#2278 = CARTESIAN_POINT('',(2.042053634727,6.689644255074,0.));
#2279 = CARTESIAN_POINT('',(2.003829280096,6.674578226462,0.));
#2280 = CARTESIAN_POINT('',(1.971748677373,6.657523356809,0.));
#2281 = CARTESIAN_POINT('',(1.945893895349,6.638481104651,0.));
#2282 = ORIENTED_EDGE('',*,*,#2283,.F.);
#2283 = EDGE_CURVE('',#2284,#2274,#2286,.T.);
#2284 = VERTEX_POINT('',#2285);
#2285 = CARTESIAN_POINT('',(2.277016715116,6.729069767442,0.));
#2286 = B_SPLINE_CURVE_WITH_KNOTS('',4,(#2287,#2288,#2289,#2290,#2291),
  .UNSPECIFIED.,.F.,.F.,(5,5),(0.,1.),.PIECEWISE_BEZIER_KNOTS.);
#2287 = CARTESIAN_POINT('',(2.277016715116,6.729069767442,0.));
#2288 = CARTESIAN_POINT('',(2.226221794975,6.729069767442,0.));
#2289 = CARTESIAN_POINT('',(2.177472992198,6.724699285341,0.));
#2290 = CARTESIAN_POINT('',(2.130813471415,6.715925290569,0.));
#2291 = CARTESIAN_POINT('',(2.086273619186,6.702743459302,0.));
#2292 = ORIENTED_EDGE('',*,*,#2293,.F.);
#2293 = EDGE_CURVE('',#2294,#2284,#2296,.T.);
#2294 = VERTEX_POINT('',#2295);
#2295 = CARTESIAN_POINT('',(2.546166424419,6.684593023256,0.));
#2296 = B_SPLINE_CURVE_WITH_KNOTS('',5,(#2297,#2298,#2299,#2300,#2301,
    #2302),.UNSPECIFIED.,.F.,.F.,(6,6),(0.,1.),
  .PIECEWISE_BEZIER_KNOTS.);
#2297 = CARTESIAN_POINT('',(2.546166424419,6.684593023256,0.));
#2298 = CARTESIAN_POINT('',(2.499522661528,6.702500014796,0.));
#2299 = CARTESIAN_POINT('',(2.44918936975,6.715861015285,0.));
#2300 = CARTESIAN_POINT('',(2.395250071655,6.724697213043,0.));
#2301 = CARTESIAN_POINT('',(2.337815710956,6.729069767442,0.));
#2302 = CARTESIAN_POINT('',(2.277016715116,6.729069767442,0.));
#2303 = ORIENTED_EDGE('',*,*,#2304,.F.);
#2304 = EDGE_CURVE('',#2305,#2294,#2307,.T.);
#2305 = VERTEX_POINT('',#2306);
#2306 = CARTESIAN_POINT('',(2.717287427326,6.564080668605,0.));
#2307 = B_SPLINE_CURVE_WITH_KNOTS('',5,(#2308,#2309,#2310,#2311,#2312,
    #2313),.UNSPECIFIED.,.F.,.F.,(6,6),(0.,1.),
  .PIECEWISE_BEZIER_KNOTS.);
#2308 = CARTESIAN_POINT('',(2.717287427326,6.564080668605,0.));
#2309 = CARTESIAN_POINT('',(2.695105792394,6.594642032288,0.));
#2310 = CARTESIAN_POINT('',(2.666810836117,6.621988996458,0.));
#2311 = CARTESIAN_POINT('',(2.632459402031,6.646085692212,0.));
#2312 = CARTESIAN_POINT('',(2.592181985377,6.666939662775,0.));
#2313 = CARTESIAN_POINT('',(2.546166424419,6.684593023256,0.));
#2314 = ORIENTED_EDGE('',*,*,#2315,.F.);
#2315 = EDGE_CURVE('',#2316,#2305,#2318,.T.);
#2316 = VERTEX_POINT('',#2317);
#2317 = CARTESIAN_POINT('',(2.793323037791,6.360828488372,0.));
#2318 = B_SPLINE_CURVE_WITH_KNOTS('',5,(#2319,#2320,#2321,#2322,#2323,
    #2324),.UNSPECIFIED.,.F.,.F.,(6,6),(0.,1.),
  .PIECEWISE_BEZIER_KNOTS.);
#2319 = CARTESIAN_POINT('',(2.793323037791,6.360828488372,0.));
#2320 = CARTESIAN_POINT('',(2.785055175116,6.411311085174,0.));
#2321 = CARTESIAN_POINT('',(2.773367300211,6.457020459657,0.));
#2322 = CARTESIAN_POINT('',(2.758194843217,6.497794862037,0.));
#2323 = CARTESIAN_POINT('',(2.739501334597,6.5335077503,0.));
#2324 = CARTESIAN_POINT('',(2.717287427326,6.564080668605,0.));
#2325 = ORIENTED_EDGE('',*,*,#2326,.F.);
#2326 = EDGE_CURVE('',#2327,#2316,#2329,.T.);
#2327 = VERTEX_POINT('',#2328);
#2328 = CARTESIAN_POINT('',(2.577480014535,6.331395348837,0.));
#2329 = LINE('',#2330,#2331);
#2330 = CARTESIAN_POINT('',(0.996382844562,6.115791189295,
    2.775557561563E-17));
#2331 = VECTOR('',#2332,1.);
#2332 = DIRECTION('',(0.990830168044,0.135113204733,-0.));
#2333 = ORIENTED_EDGE('',*,*,#2334,.F.);
#2334 = EDGE_CURVE('',#2335,#2327,#2337,.T.);
#2335 = VERTEX_POINT('',#2336);
#2336 = CARTESIAN_POINT('',(2.492205668605,6.488208575581,0.));
#2337 = B_SPLINE_CURVE_WITH_KNOTS('',4,(#2338,#2339,#2340,#2341,#2342,
    #2343,#2344,#2345),.UNSPECIFIED.,.F.,.F.,(5,3,5),(0.,0.28771355697,
    1.),.UNSPECIFIED.);
#2338 = CARTESIAN_POINT('',(2.492205668605,6.488208575581,0.));
#2339 = CARTESIAN_POINT('',(2.502360508521,6.480101177317,0.));
#2340 = CARTESIAN_POINT('',(2.511749718214,6.47137973264,0.));
#2341 = CARTESIAN_POINT('',(2.520368678109,6.462044944952,0.));
#2342 = CARTESIAN_POINT('',(2.547640860291,6.427477870716,0.));
#2343 = CARTESIAN_POINT('',(2.562332503972,6.399113442734,0.));
#2344 = CARTESIAN_POINT('',(2.572258235105,6.367048498388,0.));
#2345 = CARTESIAN_POINT('',(2.577480014535,6.331395348837,0.));
#2346 = ORIENTED_EDGE('',*,*,#2347,.F.);
#2347 = EDGE_CURVE('',#2348,#2335,#2350,.T.);
#2348 = VERTEX_POINT('',#2349);
#2349 = CARTESIAN_POINT('',(2.292959665698,6.544622093023,0.));
#2350 = B_SPLINE_CURVE_WITH_KNOTS('',5,(#2351,#2352,#2353,#2354,#2355,
    #2356),.UNSPECIFIED.,.F.,.F.,(6,6),(0.,1.),
  .PIECEWISE_BEZIER_KNOTS.);
#2351 = CARTESIAN_POINT('',(2.292959665698,6.544622093023,0.));
#2352 = CARTESIAN_POINT('',(2.343950926603,6.544622093023,0.));
#2353 = CARTESIAN_POINT('',(2.389585790653,6.539093367976,0.));
#2354 = CARTESIAN_POINT('',(2.429611438115,6.527881220857,0.));
#2355 = CARTESIAN_POINT('',(2.4638458993,6.510909551011,0.));
#2356 = CARTESIAN_POINT('',(2.492205668605,6.488208575581,0.));
#2357 = ORIENTED_EDGE('',*,*,#2358,.F.);
#2358 = EDGE_CURVE('',#2359,#2348,#2361,.T.);
#2359 = VERTEX_POINT('',#2360);
#2360 = CARTESIAN_POINT('',(2.075890261628,6.494912790698,0.));
#2361 = B_SPLINE_CURVE_WITH_KNOTS('',5,(#2362,#2363,#2364,#2365,#2366,
    #2367),.UNSPECIFIED.,.F.,.F.,(6,6),(0.,1.),
  .PIECEWISE_BEZIER_KNOTS.);
#2362 = CARTESIAN_POINT('',(2.075890261628,6.494912790698,0.));
#2363 = CARTESIAN_POINT('',(2.102217347387,6.515047216033,0.));
#2364 = CARTESIAN_POINT('',(2.137391001825,6.530022029132,0.));
#2365 = CARTESIAN_POINT('',(2.181209784028,6.539831659733,0.));
#2366 = CARTESIAN_POINT('',(2.233245957266,6.544622093023,0.));
#2367 = CARTESIAN_POINT('',(2.292959665698,6.544622093023,0.));
#2368 = ORIENTED_EDGE('',*,*,#2369,.F.);
#2369 = EDGE_CURVE('',#2370,#2359,#2372,.T.);
#2370 = VERTEX_POINT('',#2371);
#2371 = CARTESIAN_POINT('',(2.010892078488,6.378651889535,0.));
#2372 = B_SPLINE_CURVE_WITH_KNOTS('',4,(#2373,#2374,#2375,#2376,#2377,
    #2378,#2379,#2380),.UNSPECIFIED.,.F.,.F.,(5,3,5),(0.,0.251722593584,
    1.),.UNSPECIFIED.);
#2373 = CARTESIAN_POINT('',(2.010892078488,6.378651889535,0.));
#2374 = CARTESIAN_POINT('',(2.010892078488,6.387044556999,0.));
#2375 = CARTESIAN_POINT('',(2.011579505227,6.395260508488,0.));
#2376 = CARTESIAN_POINT('',(2.012955517398,6.403297870689,0.));
#2377 = CARTESIAN_POINT('',(2.021155836977,6.43451196925,0.));
#2378 = CARTESIAN_POINT('',(2.033373389092,6.456277670234,0.));
#2379 = CARTESIAN_POINT('',(2.051661004286,6.476413219369,0.));
#2380 = CARTESIAN_POINT('',(2.075890261628,6.494912790698,0.));
#2381 = ORIENTED_EDGE('',*,*,#2382,.F.);
#2382 = EDGE_CURVE('',#2383,#2370,#2385,.T.);
#2383 = VERTEX_POINT('',#2384);
#2384 = CARTESIAN_POINT('',(2.037872456395,6.302289244186,0.));
#2385 = B_SPLINE_CURVE_WITH_KNOTS('',4,(#2386,#2387,#2388,#2389,#2390),
  .UNSPECIFIED.,.F.,.F.,(5,5),(0.,1.),.PIECEWISE_BEZIER_KNOTS.);
#2386 = CARTESIAN_POINT('',(2.037872456395,6.302289244186,0.));
#2387 = CARTESIAN_POINT('',(2.024386894098,6.319248360408,0.));
#2388 = CARTESIAN_POINT('',(2.015387128686,6.33763352379,0.));
#2389 = CARTESIAN_POINT('',(2.010892078488,6.357439466411,0.));
#2390 = CARTESIAN_POINT('',(2.010892078488,6.378651889535,0.));
#2391 = ORIENTED_EDGE('',*,*,#2392,.F.);
#2392 = EDGE_CURVE('',#2393,#2383,#2395,.T.);
#2393 = VERTEX_POINT('',#2394);
#2394 = CARTESIAN_POINT('',(2.122492732558,6.244158793605,0.));
#2395 = B_SPLINE_CURVE_WITH_KNOTS('',4,(#2396,#2397,#2398,#2399,#2400),
  .UNSPECIFIED.,.F.,.F.,(5,5),(0.,1.),.PIECEWISE_BEZIER_KNOTS.);
#2396 = CARTESIAN_POINT('',(2.122492732558,6.244158793605,0.));
#2397 = CARTESIAN_POINT('',(2.093736711447,6.255620413367,0.));
#2398 = CARTESIAN_POINT('',(2.070011848726,6.269125703954,0.));
#2399 = CARTESIAN_POINT('',(2.05138301159,6.284684581357,0.));
#2400 = CARTESIAN_POINT('',(2.037872456395,6.302289244186,0.));
#2401 = ORIENTED_EDGE('',*,*,#2402,.F.);
#2402 = EDGE_CURVE('',#2403,#2393,#2405,.T.);
#2403 = VERTEX_POINT('',#2404);
#2404 = CARTESIAN_POINT('',(2.317487281977,6.18839934593,0.));
#2405 = B_SPLINE_CURVE_WITH_KNOTS('',5,(#2406,#2407,#2408,#2409,#2410,
    #2411),.UNSPECIFIED.,.F.,.F.,(6,6),(0.,1.),
  .PIECEWISE_BEZIER_KNOTS.);
#2406 = CARTESIAN_POINT('',(2.317487281977,6.18839934593,0.));
#2407 = CARTESIAN_POINT('',(2.254678054704,6.205338804195,0.));
#2408 = CARTESIAN_POINT('',(2.202758076221,6.219639734734,0.));
#2409 = CARTESIAN_POINT('',(2.162877226102,6.231015232809,0.));
#2410 = CARTESIAN_POINT('',(2.136010020598,6.239219142667,0.));
#2411 = CARTESIAN_POINT('',(2.122492732558,6.244158793605,0.));
#2412 = ORIENTED_EDGE('',*,*,#2413,.F.);
#2413 = EDGE_CURVE('',#2414,#2403,#2416,.T.);
#2414 = VERTEX_POINT('',#2415);
#2415 = CARTESIAN_POINT('',(2.644276889535,6.086527979651,0.));
#2416 = B_SPLINE_CURVE_WITH_KNOTS('',6,(#2417,#2418,#2419,#2420,#2421,
    #2422,#2423),.UNSPECIFIED.,.F.,.F.,(7,7),(0.,1.),
  .PIECEWISE_BEZIER_KNOTS.);
#2417 = CARTESIAN_POINT('',(2.644276889535,6.086527979651,0.));
#2418 = CARTESIAN_POINT('',(2.612222674657,6.100261455107,0.));
#2419 = CARTESIAN_POINT('',(2.570329637802,6.115465319954,0.));
#2420 = CARTESIAN_POINT('',(2.51914542509,6.132020184173,0.));
#2421 = CARTESIAN_POINT('',(2.459422118291,6.14978490931,0.));
#2422 = CARTESIAN_POINT('',(2.391952043185,6.168620049847,0.));
#2423 = CARTESIAN_POINT('',(2.317487281977,6.18839934593,0.));
#2424 = ORIENTED_EDGE('',*,*,#2425,.F.);
#2425 = EDGE_CURVE('',#2426,#2414,#2428,.T.);
#2426 = VERTEX_POINT('',#2427);
#2427 = CARTESIAN_POINT('',(2.789643895349,5.97132994186,0.));
#2428 = B_SPLINE_CURVE_WITH_KNOTS('',4,(#2429,#2430,#2431,#2432,#2433,
    #2434,#2435,#2436),.UNSPECIFIED.,.F.,.F.,(5,3,5),(0.,0.215820374849,
    1.),.UNSPECIFIED.);
#2429 = CARTESIAN_POINT('',(2.789643895349,5.97132994186,0.));
#2430 = CARTESIAN_POINT('',(2.783949569363,5.979496223313,0.));
#2431 = CARTESIAN_POINT('',(2.777944114403,5.98738364997,0.));
#2432 = CARTESIAN_POINT('',(2.771627782763,5.994991293742,0.));
#2433 = CARTESIAN_POINT('',(2.740923404448,6.02894185621,0.));
#2434 = CARTESIAN_POINT('',(2.712748914539,6.051863039139,0.));
#2435 = CARTESIAN_POINT('',(2.680505944144,6.071051490304,0.));
#2436 = CARTESIAN_POINT('',(2.644276889535,6.086527979651,0.));
#2437 = ORIENTED_EDGE('',*,*,#2438,.F.);
#2438 = EDGE_CURVE('',#2439,#2426,#2441,.T.);
#2439 = VERTEX_POINT('',#2440);
#2440 = CARTESIAN_POINT('',(2.842378270349,5.783530159884,0.));
#2441 = B_SPLINE_CURVE_WITH_KNOTS('',5,(#2442,#2443,#2444,#2445,#2446,
    #2447),.UNSPECIFIED.,.F.,.F.,(6,6),(0.,1.),
  .PIECEWISE_BEZIER_KNOTS.);
#2442 = CARTESIAN_POINT('',(2.842378270349,5.783530159884,0.));
#2443 = CARTESIAN_POINT('',(2.842378270349,5.828165495146,0.));
#2444 = CARTESIAN_POINT('',(2.837159663967,5.869357971561,0.));
#2445 = CARTESIAN_POINT('',(2.826641154427,5.906995877568,0.));
#2446 = CARTESIAN_POINT('',(2.810792761344,5.941000172797,0.));
#2447 = CARTESIAN_POINT('',(2.789643895349,5.97132994186,0.));
#2448 = ORIENTED_EDGE('',*,*,#2449,.F.);
#2449 = EDGE_CURVE('',#2450,#2439,#2452,.T.);
#2450 = VERTEX_POINT('',#2451);
#2451 = CARTESIAN_POINT('',(2.777952398256,5.576844113372,0.));
#2452 = B_SPLINE_CURVE_WITH_KNOTS('',4,(#2453,#2454,#2455,#2456,#2457,
    #2458,#2459,#2460),.UNSPECIFIED.,.F.,.F.,(5,3,5),(0.,0.676210504992,
    1.),.UNSPECIFIED.);
#2453 = CARTESIAN_POINT('',(2.777952398256,5.576844113372,0.));
#2454 = CARTESIAN_POINT('',(2.799674015348,5.609536801027,0.));
#2455 = CARTESIAN_POINT('',(2.816567375478,5.643277384822,0.));
#2456 = CARTESIAN_POINT('',(2.828550863569,5.678037029681,0.));
#2457 = CARTESIAN_POINT('',(2.838997664349,5.730880544863,0.));
#2458 = CARTESIAN_POINT('',(2.841252377644,5.74821398915,0.));
#2459 = CARTESIAN_POINT('',(2.842378270349,5.765765749775,0.));
#2460 = CARTESIAN_POINT('',(2.842378270349,5.783530159884,0.));
#2461 = ORIENTED_EDGE('',*,*,#2462,.F.);
#2462 = EDGE_CURVE('',#2463,#2450,#2465,.T.);
#2463 = VERTEX_POINT('',#2464);
#2464 = CARTESIAN_POINT('',(2.592196584302,5.426898619186,0.));
#2465 = B_SPLINE_CURVE_WITH_KNOTS('',5,(#2466,#2467,#2468,#2469,#2470,
    #2471),.UNSPECIFIED.,.F.,.F.,(6,6),(0.,1.),
  .PIECEWISE_BEZIER_KNOTS.);
#2466 = CARTESIAN_POINT('',(2.592196584302,5.426898619186,0.));
#2467 = CARTESIAN_POINT('',(2.640499091507,5.448008603816,0.));
#2468 = CARTESIAN_POINT('',(2.683363691494,5.473544298979,0.));
#2469 = CARTESIAN_POINT('',(2.720618946923,5.503547685343,0.));
#2470 = CARTESIAN_POINT('',(2.752158711497,5.538006097096,0.));
#2471 = CARTESIAN_POINT('',(2.777952398256,5.576844113372,0.));
#2472 = ORIENTED_EDGE('',*,*,#2473,.F.);
#2473 = EDGE_CURVE('',#2474,#2463,#2476,.T.);
#2474 = VERTEX_POINT('',#2475);
#2475 = CARTESIAN_POINT('',(2.317487281977,5.373837209302,0.));
#2476 = B_SPLINE_CURVE_WITH_KNOTS('',5,(#2477,#2478,#2479,#2480,#2481,
    #2482),.UNSPECIFIED.,.F.,.F.,(6,6),(0.,1.),
  .PIECEWISE_BEZIER_KNOTS.);
#2477 = CARTESIAN_POINT('',(2.317487281977,5.373837209302,0.));
#2478 = CARTESIAN_POINT('',(2.378399797373,5.373837209302,0.));
#2479 = CARTESIAN_POINT('',(2.436436696845,5.37907322506,0.));
#2480 = CARTESIAN_POINT('',(2.49147691269,5.389638395125,0.));
#2481 = CARTESIAN_POINT('',(2.543420938303,5.405581855379,0.));
#2482 = CARTESIAN_POINT('',(2.592196584302,5.426898619186,0.));
#2483 = ORIENTED_EDGE('',*,*,#2484,.F.);
#2484 = EDGE_CURVE('',#2485,#2474,#2487,.T.);
#2485 = VERTEX_POINT('',#2486);
#2486 = CARTESIAN_POINT('',(1.930523255814,5.478651889535,0.));
#2487 = B_SPLINE_CURVE_WITH_KNOTS('',6,(#2488,#2489,#2490,#2491,#2492,
    #2493,#2494),.UNSPECIFIED.,.F.,.F.,(7,7),(0.,1.),
  .PIECEWISE_BEZIER_KNOTS.);
#2488 = CARTESIAN_POINT('',(1.930523255814,5.478651889535,0.));
#2489 = CARTESIAN_POINT('',(1.975953287296,5.442877135014,0.));
#2490 = CARTESIAN_POINT('',(2.029659564264,5.414558053075,0.));
#2491 = CARTESIAN_POINT('',(2.091295693554,5.393778122147,0.));
#2492 = CARTESIAN_POINT('',(2.160280052779,5.380330044693,0.));
#2493 = CARTESIAN_POINT('',(2.235918178063,5.373837209302,0.));
#2494 = CARTESIAN_POINT('',(2.317487281977,5.373837209302,0.));
#2495 = ORIENTED_EDGE('',*,*,#2496,.F.);
#2496 = EDGE_CURVE('',#2137,#2485,#2497,.T.);
#2497 = B_SPLINE_CURVE_WITH_KNOTS('',5,(#2498,#2499,#2500,#2501,#2502,
    #2503,#2504,#2505,#2506,#2507),.UNSPECIFIED.,.F.,.F.,(6,4,6),(0.,
    0.888883406079,1.),.UNSPECIFIED.);
#2498 = CARTESIAN_POINT('',(1.760710392442,5.789498546512,0.));
#2499 = CARTESIAN_POINT('',(1.773547996302,5.717607964897,0.));
#2500 = CARTESIAN_POINT('',(1.793874656222,5.652487326758,0.));
#2501 = CARTESIAN_POINT('',(1.822023668059,5.5947963738,0.));
#2502 = CARTESIAN_POINT('',(1.858117383912,5.54503241565,0.));
#2503 = CARTESIAN_POINT('',(1.907410889201,5.498195712781,0.));
#2504 = CARTESIAN_POINT('',(1.913008958558,5.493118385961,0.));
#2505 = CARTESIAN_POINT('',(1.918727368736,5.488168448422,0.));
#2506 = CARTESIAN_POINT('',(1.92456564816,5.483346206076,0.));
#2507 = CARTESIAN_POINT('',(1.930523255814,5.478651889535,0.));
#2508 = FACE_BOUND('',#2509,.T.);
#2509 = EDGE_LOOP('',(#2510,#2520,#2535,#2546,#2557,#2570,#2583,#2594,
    #2606,#2619,#2629,#2639,#2649,#2659,#2669,#2680,#2691,#2702,#2710,
    #2723,#2734,#2745,#2758,#2768,#2778,#2789,#2801,#2814,#2825,#2838,
    #2849,#2860,#2872));
#2510 = ORIENTED_EDGE('',*,*,#2511,.F.);
#2511 = EDGE_CURVE('',#2512,#2514,#2516,.T.);
#2512 = VERTEX_POINT('',#2513);
#2513 = CARTESIAN_POINT('',(3.234820130814,5.823837209302,0.));
#2514 = VERTEX_POINT('',#2515);
#2515 = CARTESIAN_POINT('',(3.01652434593,5.789498546512,0.));
#2516 = LINE('',#2517,#2518);
#2517 = CARTESIAN_POINT('',(1.100323499985,5.488073694341,0.));
#2518 = VECTOR('',#2519,1.);
#2519 = DIRECTION('',(-0.987852796582,-0.155392574743,0.));
#2520 = ORIENTED_EDGE('',*,*,#2521,.F.);
#2521 = EDGE_CURVE('',#2522,#2512,#2524,.T.);
#2522 = VERTEX_POINT('',#2523);
#2523 = CARTESIAN_POINT('',(3.337182049419,5.62671693314,0.));
#2524 = B_SPLINE_CURVE_WITH_KNOTS('',5,(#2525,#2526,#2527,#2528,#2529,
    #2530,#2531,#2532,#2533,#2534),.UNSPECIFIED.,.F.,.F.,(6,4,6),(0.,
    0.176525636528,1.),.UNSPECIFIED.);
#2525 = CARTESIAN_POINT('',(3.337182049419,5.62671693314,0.));
#2526 = CARTESIAN_POINT('',(3.331239095255,5.631566198562,0.));
#2527 = CARTESIAN_POINT('',(3.325500043933,5.636604749012,0.));
#2528 = CARTESIAN_POINT('',(3.319965555931,5.641832379868,0.));
#2529 = CARTESIAN_POINT('',(3.314636163442,5.647248766478,0.));
#2530 = CARTESIAN_POINT('',(3.285609823835,5.678998815901,0.));
#2531 = CARTESIAN_POINT('',(3.266178937901,5.709242448013,0.));
#2532 = CARTESIAN_POINT('',(3.251261952188,5.74353835451,0.));
#2533 = CARTESIAN_POINT('',(3.240835173308,5.781785378891,0.));
#2534 = CARTESIAN_POINT('',(3.234820130814,5.823837209302,0.));
#2535 = ORIENTED_EDGE('',*,*,#2536,.F.);
#2536 = EDGE_CURVE('',#2537,#2522,#2539,.T.);
#2537 = VERTEX_POINT('',#2538);
#2538 = CARTESIAN_POINT('',(3.572074854651,5.558284883721,0.));
#2539 = B_SPLINE_CURVE_WITH_KNOTS('',5,(#2540,#2541,#2542,#2543,#2544,
    #2545),.UNSPECIFIED.,.F.,.F.,(6,6),(0.,1.),
  .PIECEWISE_BEZIER_KNOTS.);
#2540 = CARTESIAN_POINT('',(3.572074854651,5.558284883721,0.));
#2541 = CARTESIAN_POINT('',(3.512521121624,5.558284883721,0.));
#2542 = CARTESIAN_POINT('',(3.458928886683,5.564951359409,0.));
#2543 = CARTESIAN_POINT('',(3.411679672519,5.578528671746,0.));
#2544 = CARTESIAN_POINT('',(3.371054946894,5.599137540935,0.));
#2545 = CARTESIAN_POINT('',(3.337182049419,5.62671693314,0.));
#2546 = ORIENTED_EDGE('',*,*,#2547,.F.);
#2547 = EDGE_CURVE('',#2548,#2537,#2550,.T.);
#2548 = VERTEX_POINT('',#2549);
#2549 = CARTESIAN_POINT('',(3.797728924419,5.619031613372,0.));
#2550 = B_SPLINE_CURVE_WITH_KNOTS('',5,(#2551,#2552,#2553,#2554,#2555,
    #2556),.UNSPECIFIED.,.F.,.F.,(6,6),(0.,1.),
  .PIECEWISE_BEZIER_KNOTS.);
#2551 = CARTESIAN_POINT('',(3.797728924419,5.619031613372,0.));
#2552 = CARTESIAN_POINT('',(3.767993540639,5.594483402096,0.));
#2553 = CARTESIAN_POINT('',(3.730306500226,5.57618416246,0.));
#2554 = CARTESIAN_POINT('',(3.684831234975,5.564166623168,0.));
#2555 = CARTESIAN_POINT('',(3.631929493324,5.558284883721,0.));
#2556 = CARTESIAN_POINT('',(3.572074854651,5.558284883721,0.));
#2557 = ORIENTED_EDGE('',*,*,#2558,.F.);
#2558 = EDGE_CURVE('',#2559,#2548,#2561,.T.);
#2559 = VERTEX_POINT('',#2560);
#2560 = CARTESIAN_POINT('',(3.871311773256,5.761618822674,0.));
#2561 = B_SPLINE_CURVE_WITH_KNOTS('',4,(#2562,#2563,#2564,#2565,#2566,
    #2567,#2568,#2569),.UNSPECIFIED.,.F.,.F.,(5,3,5),(0.,0.295673956442,
    1.),.UNSPECIFIED.);
#2562 = CARTESIAN_POINT('',(3.871311773256,5.761618822674,0.));
#2563 = CARTESIAN_POINT('',(3.871311773256,5.74951445368,0.));
#2564 = CARTESIAN_POINT('',(3.870238691609,5.737709672315,0.));
#2565 = CARTESIAN_POINT('',(3.868089316982,5.726209407854,0.));
#2566 = CARTESIAN_POINT('',(3.85718345754,5.688356905497,0.));
#2567 = CARTESIAN_POINT('',(3.843400741932,5.663445512875,0.));
#2568 = CARTESIAN_POINT('',(3.823532787003,5.640334135483,0.));
#2569 = CARTESIAN_POINT('',(3.797728924419,5.619031613372,0.));
#2570 = ORIENTED_EDGE('',*,*,#2571,.F.);
#2571 = EDGE_CURVE('',#2572,#2559,#2574,.T.);
#2572 = VERTEX_POINT('',#2573);
#2573 = CARTESIAN_POINT('',(3.806313590116,5.877062136628,0.));
#2574 = B_SPLINE_CURVE_WITH_KNOTS('',4,(#2575,#2576,#2577,#2578,#2579,
    #2580,#2581,#2582),.UNSPECIFIED.,.F.,.F.,(5,3,5),(0.,0.560099297374,
    1.),.UNSPECIFIED.);
#2575 = CARTESIAN_POINT('',(3.806313590116,5.877062136628,0.));
#2576 = CARTESIAN_POINT('',(3.824474427195,5.865297569212,0.));
#2577 = CARTESIAN_POINT('',(3.83929097578,5.851882631604,0.));
#2578 = CARTESIAN_POINT('',(3.850711824358,5.836813926264,0.));
#2579 = CARTESIAN_POINT('',(3.865024109125,5.806989710678,0.));
#2580 = CARTESIAN_POINT('',(3.869220030814,5.792860939665,0.));
#2581 = CARTESIAN_POINT('',(3.871311773256,5.777731834817,0.));
#2582 = CARTESIAN_POINT('',(3.871311773256,5.761618822674,0.));
#2583 = ORIENTED_EDGE('',*,*,#2584,.F.);
#2584 = EDGE_CURVE('',#2585,#2572,#2587,.T.);
#2585 = VERTEX_POINT('',#2586);
#2586 = CARTESIAN_POINT('',(3.580659520349,5.950481468023,0.));
#2587 = B_SPLINE_CURVE_WITH_KNOTS('',5,(#2588,#2589,#2590,#2591,#2592,
    #2593),.UNSPECIFIED.,.F.,.F.,(6,6),(0.,1.),
  .PIECEWISE_BEZIER_KNOTS.);
#2588 = CARTESIAN_POINT('',(3.580659520349,5.950481468023,0.));
#2589 = CARTESIAN_POINT('',(3.650325427409,5.933294051497,0.));
#2590 = CARTESIAN_POINT('',(3.708889220468,5.917189089313,0.));
#2591 = CARTESIAN_POINT('',(3.755074590921,5.902340546741,0.));
#2592 = CARTESIAN_POINT('',(3.787715326972,5.88892481258,0.));
#2593 = CARTESIAN_POINT('',(3.806313590116,5.877062136628,0.));
#2594 = ORIENTED_EDGE('',*,*,#2595,.F.);
#2595 = EDGE_CURVE('',#2596,#2585,#2598,.T.);
#2596 = VERTEX_POINT('',#2597);
#2597 = CARTESIAN_POINT('',(3.243977107558,6.056359011628,0.));
#2598 = B_SPLINE_CURVE_WITH_KNOTS('',6,(#2599,#2600,#2601,#2602,#2603,
    #2604,#2605),.UNSPECIFIED.,.F.,.F.,(7,7),(0.,1.),
  .PIECEWISE_BEZIER_KNOTS.);
#2599 = CARTESIAN_POINT('',(3.243977107558,6.056359011628,0.));
#2600 = CARTESIAN_POINT('',(3.276557506522,6.040863456023,0.));
#2601 = CARTESIAN_POINT('',(3.31952408409,6.024350323927,0.));
#2602 = CARTESIAN_POINT('',(3.372268976707,6.006935556808,0.));
#2603 = CARTESIAN_POINT('',(3.43394993824,5.988744180104,0.));
#2604 = CARTESIAN_POINT('',(3.503688007173,5.969892802491,0.));
#2605 = CARTESIAN_POINT('',(3.580659520349,5.950481468023,0.));
#2606 = ORIENTED_EDGE('',*,*,#2607,.F.);
#2607 = EDGE_CURVE('',#2608,#2596,#2610,.T.);
#2608 = VERTEX_POINT('',#2609);
#2609 = CARTESIAN_POINT('',(3.10171693314,6.179978197674,0.));
#2610 = B_SPLINE_CURVE_WITH_KNOTS('',4,(#2611,#2612,#2613,#2614,#2615,
    #2616,#2617,#2618),.UNSPECIFIED.,.F.,.F.,(5,3,5),(0.,0.155812053512,
    1.),.UNSPECIFIED.);
#2611 = CARTESIAN_POINT('',(3.10171693314,6.179978197674,0.));
#2612 = CARTESIAN_POINT('',(3.105498221229,6.173824836787,0.));
#2613 = CARTESIAN_POINT('',(3.109463566659,6.167809443353,0.));
#2614 = CARTESIAN_POINT('',(3.113612861849,6.16193239059,0.));
#2615 = CARTESIAN_POINT('',(3.14142217155,6.125103261218,0.));
#2616 = CARTESIAN_POINT('',(3.170292009569,6.09808196941,0.));
#2617 = CARTESIAN_POINT('',(3.204519467175,6.075176212404,0.));
#2618 = CARTESIAN_POINT('',(3.243977107558,6.056359011628,0.));
#2619 = ORIENTED_EDGE('',*,*,#2620,.F.);
#2620 = EDGE_CURVE('',#2621,#2608,#2623,.T.);
#2621 = VERTEX_POINT('',#2622);
#2622 = CARTESIAN_POINT('',(3.053315770349,6.35445130814,0.));
#2623 = B_SPLINE_CURVE_WITH_KNOTS('',4,(#2624,#2625,#2626,#2627,#2628),
  .UNSPECIFIED.,.F.,.F.,(5,5),(0.,1.),.PIECEWISE_BEZIER_KNOTS.);
#2624 = CARTESIAN_POINT('',(3.053315770349,6.35445130814,0.));
#2625 = CARTESIAN_POINT('',(3.053315770349,6.306769294066,0.));
#2626 = CARTESIAN_POINT('',(3.061360599102,6.261735425995,0.));
#2627 = CARTESIAN_POINT('',(3.077524168816,6.219454904323,0.));
#2628 = CARTESIAN_POINT('',(3.10171693314,6.179978197674,0.));
#2629 = ORIENTED_EDGE('',*,*,#2630,.F.);
#2630 = EDGE_CURVE('',#2631,#2621,#2633,.T.);
#2631 = VERTEX_POINT('',#2632);
#2632 = CARTESIAN_POINT('',(3.093132267442,6.515434229651,0.));
#2633 = B_SPLINE_CURVE_WITH_KNOTS('',4,(#2634,#2635,#2636,#2637,#2638),
  .UNSPECIFIED.,.F.,.F.,(5,5),(0.,1.),.PIECEWISE_BEZIER_KNOTS.);
#2634 = CARTESIAN_POINT('',(3.093132267442,6.515434229651,0.));
#2635 = CARTESIAN_POINT('',(3.07322600971,6.478401232721,0.));
#2636 = CARTESIAN_POINT('',(3.059938105758,6.439198743921,0.));
#2637 = CARTESIAN_POINT('',(3.053315770349,6.397861126209,0.));
#2638 = CARTESIAN_POINT('',(3.053315770349,6.35445130814,0.));
#2639 = ORIENTED_EDGE('',*,*,#2640,.F.);
#2640 = EDGE_CURVE('',#2641,#2631,#2643,.T.);
#2641 = VERTEX_POINT('',#2642);
#2642 = CARTESIAN_POINT('',(3.201707848837,6.638481104651,0.));
#2643 = B_SPLINE_CURVE_WITH_KNOTS('',4,(#2644,#2645,#2646,#2647,#2648),
  .UNSPECIFIED.,.F.,.F.,(5,5),(0.,1.),.PIECEWISE_BEZIER_KNOTS.);
#2644 = CARTESIAN_POINT('',(3.201707848837,6.638481104651,0.));
#2645 = CARTESIAN_POINT('',(3.167386640596,6.614006814488,0.));
#2646 = CARTESIAN_POINT('',(3.137823775232,6.585329716624,0.));
#2647 = CARTESIAN_POINT('',(3.113072660306,6.552454713125,0.));
#2648 = CARTESIAN_POINT('',(3.093132267442,6.515434229651,0.));
#2649 = ORIENTED_EDGE('',*,*,#2650,.F.);
#2650 = EDGE_CURVE('',#2651,#2641,#2653,.T.);
#2651 = VERTEX_POINT('',#2652);
#2652 = CARTESIAN_POINT('',(3.342087572674,6.702743459302,0.));
#2653 = B_SPLINE_CURVE_WITH_KNOTS('',4,(#2654,#2655,#2656,#2657,#2658),
  .UNSPECIFIED.,.F.,.F.,(5,5),(0.,1.),.PIECEWISE_BEZIER_KNOTS.);
#2654 = CARTESIAN_POINT('',(3.342087572674,6.702743459302,0.));
#2655 = CARTESIAN_POINT('',(3.297867588215,6.689644255074,0.));
#2656 = CARTESIAN_POINT('',(3.259643233585,6.674578226462,0.));
#2657 = CARTESIAN_POINT('',(3.227562630861,6.657523356809,0.));
#2658 = CARTESIAN_POINT('',(3.201707848837,6.638481104651,0.));
#2659 = ORIENTED_EDGE('',*,*,#2660,.F.);
#2660 = EDGE_CURVE('',#2661,#2651,#2663,.T.);
#2661 = VERTEX_POINT('',#2662);
#2662 = CARTESIAN_POINT('',(3.532830668605,6.729069767442,0.));
#2663 = B_SPLINE_CURVE_WITH_KNOTS('',4,(#2664,#2665,#2666,#2667,#2668),
  .UNSPECIFIED.,.F.,.F.,(5,5),(0.,1.),.PIECEWISE_BEZIER_KNOTS.);
#2664 = CARTESIAN_POINT('',(3.532830668605,6.729069767442,0.));
#2665 = CARTESIAN_POINT('',(3.482035748464,6.729069767442,0.));
#2666 = CARTESIAN_POINT('',(3.433286945686,6.724699285341,0.));
#2667 = CARTESIAN_POINT('',(3.386627424904,6.715925290569,0.));
#2668 = CARTESIAN_POINT('',(3.342087572674,6.702743459302,0.));
#2669 = ORIENTED_EDGE('',*,*,#2670,.F.);
#2670 = EDGE_CURVE('',#2671,#2661,#2673,.T.);
#2671 = VERTEX_POINT('',#2672);
#2672 = CARTESIAN_POINT('',(3.801980377907,6.684593023256,0.));
#2673 = B_SPLINE_CURVE_WITH_KNOTS('',5,(#2674,#2675,#2676,#2677,#2678,
    #2679),.UNSPECIFIED.,.F.,.F.,(6,6),(0.,1.),
  .PIECEWISE_BEZIER_KNOTS.);
#2674 = CARTESIAN_POINT('',(3.801980377907,6.684593023256,0.));
#2675 = CARTESIAN_POINT('',(3.755336615017,6.702500014796,0.));
#2676 = CARTESIAN_POINT('',(3.705003323239,6.715861015285,0.));
#2677 = CARTESIAN_POINT('',(3.651064025144,6.724697213043,0.));
#2678 = CARTESIAN_POINT('',(3.593629664444,6.729069767442,0.));
#2679 = CARTESIAN_POINT('',(3.532830668605,6.729069767442,0.));
#2680 = ORIENTED_EDGE('',*,*,#2681,.F.);
#2681 = EDGE_CURVE('',#2682,#2671,#2684,.T.);
#2682 = VERTEX_POINT('',#2683);
#2683 = CARTESIAN_POINT('',(3.973101380814,6.564080668605,0.));
#2684 = B_SPLINE_CURVE_WITH_KNOTS('',5,(#2685,#2686,#2687,#2688,#2689,
    #2690),.UNSPECIFIED.,.F.,.F.,(6,6),(0.,1.),
  .PIECEWISE_BEZIER_KNOTS.);
#2685 = CARTESIAN_POINT('',(3.973101380814,6.564080668605,0.));
#2686 = CARTESIAN_POINT('',(3.950919745882,6.594642032288,0.));
#2687 = CARTESIAN_POINT('',(3.922624789605,6.621988996458,0.));
#2688 = CARTESIAN_POINT('',(3.88827335552,6.646085692212,0.));
#2689 = CARTESIAN_POINT('',(3.847995938866,6.666939662775,0.));
#2690 = CARTESIAN_POINT('',(3.801980377907,6.684593023256,0.));
#2691 = ORIENTED_EDGE('',*,*,#2692,.F.);
#2692 = EDGE_CURVE('',#2693,#2682,#2695,.T.);
#2693 = VERTEX_POINT('',#2694);
#2694 = CARTESIAN_POINT('',(4.049136991279,6.360828488372,0.));
#2695 = B_SPLINE_CURVE_WITH_KNOTS('',5,(#2696,#2697,#2698,#2699,#2700,
    #2701),.UNSPECIFIED.,.F.,.F.,(6,6),(0.,1.),
  .PIECEWISE_BEZIER_KNOTS.);
#2696 = CARTESIAN_POINT('',(4.049136991279,6.360828488372,0.));
#2697 = CARTESIAN_POINT('',(4.040869128604,6.411311085174,0.));
#2698 = CARTESIAN_POINT('',(4.0291812537,6.457020459657,0.));
#2699 = CARTESIAN_POINT('',(4.014008796705,6.497794862037,0.));
#2700 = CARTESIAN_POINT('',(3.995315288086,6.5335077503,0.));
#2701 = CARTESIAN_POINT('',(3.973101380814,6.564080668605,0.));
#2702 = ORIENTED_EDGE('',*,*,#2703,.F.);
#2703 = EDGE_CURVE('',#2704,#2693,#2706,.T.);
#2704 = VERTEX_POINT('',#2705);
#2705 = CARTESIAN_POINT('',(3.833293968023,6.331395348837,0.));
#2706 = LINE('',#2707,#2708);
#2707 = CARTESIAN_POINT('',(1.635752626156,6.031730620401,
    2.775557561563E-17));
#2708 = VECTOR('',#2709,1.);
#2709 = DIRECTION('',(0.990830168044,0.135113204733,-0.));
#2710 = ORIENTED_EDGE('',*,*,#2711,.F.);
#2711 = EDGE_CURVE('',#2712,#2704,#2714,.T.);
#2712 = VERTEX_POINT('',#2713);
#2713 = CARTESIAN_POINT('',(3.748019622093,6.488208575581,0.));
#2714 = B_SPLINE_CURVE_WITH_KNOTS('',4,(#2715,#2716,#2717,#2718,#2719,
    #2720,#2721,#2722),.UNSPECIFIED.,.F.,.F.,(5,3,5),(0.,0.28771355697,
    1.),.UNSPECIFIED.);
#2715 = CARTESIAN_POINT('',(3.748019622093,6.488208575581,0.));
#2716 = CARTESIAN_POINT('',(3.758174462009,6.480101177317,0.));
#2717 = CARTESIAN_POINT('',(3.767563671702,6.47137973264,0.));
#2718 = CARTESIAN_POINT('',(3.776182631598,6.462044944952,0.));
#2719 = CARTESIAN_POINT('',(3.803454813779,6.427477870716,0.));
#2720 = CARTESIAN_POINT('',(3.81814645746,6.399113442734,0.));
#2721 = CARTESIAN_POINT('',(3.828072188593,6.367048498388,0.));
#2722 = CARTESIAN_POINT('',(3.833293968023,6.331395348837,0.));
#2723 = ORIENTED_EDGE('',*,*,#2724,.F.);
#2724 = EDGE_CURVE('',#2725,#2712,#2727,.T.);
#2725 = VERTEX_POINT('',#2726);
#2726 = CARTESIAN_POINT('',(3.548773619186,6.544622093023,0.));
#2727 = B_SPLINE_CURVE_WITH_KNOTS('',5,(#2728,#2729,#2730,#2731,#2732,
    #2733),.UNSPECIFIED.,.F.,.F.,(6,6),(0.,1.),
  .PIECEWISE_BEZIER_KNOTS.);
#2728 = CARTESIAN_POINT('',(3.548773619186,6.544622093023,0.));
#2729 = CARTESIAN_POINT('',(3.599764880091,6.544622093023,0.));
#2730 = CARTESIAN_POINT('',(3.645399744141,6.539093367976,0.));
#2731 = CARTESIAN_POINT('',(3.685425391603,6.527881220857,0.));
#2732 = CARTESIAN_POINT('',(3.719659852788,6.510909551011,0.));
#2733 = CARTESIAN_POINT('',(3.748019622093,6.488208575581,0.));
#2734 = ORIENTED_EDGE('',*,*,#2735,.F.);
#2735 = EDGE_CURVE('',#2736,#2725,#2738,.T.);
#2736 = VERTEX_POINT('',#2737);
#2737 = CARTESIAN_POINT('',(3.331704215116,6.494912790698,0.));
#2738 = B_SPLINE_CURVE_WITH_KNOTS('',5,(#2739,#2740,#2741,#2742,#2743,
    #2744),.UNSPECIFIED.,.F.,.F.,(6,6),(0.,1.),
  .PIECEWISE_BEZIER_KNOTS.);
#2739 = CARTESIAN_POINT('',(3.331704215116,6.494912790698,0.));
#2740 = CARTESIAN_POINT('',(3.358031300875,6.515047216033,0.));
#2741 = CARTESIAN_POINT('',(3.393204955313,6.530022029132,0.));
#2742 = CARTESIAN_POINT('',(3.437023737517,6.539831659733,0.));
#2743 = CARTESIAN_POINT('',(3.489059910754,6.544622093023,0.));
#2744 = CARTESIAN_POINT('',(3.548773619186,6.544622093023,0.));
#2745 = ORIENTED_EDGE('',*,*,#2746,.F.);
#2746 = EDGE_CURVE('',#2747,#2736,#2749,.T.);
#2747 = VERTEX_POINT('',#2748);
#2748 = CARTESIAN_POINT('',(3.266706031977,6.378651889535,0.));
#2749 = B_SPLINE_CURVE_WITH_KNOTS('',4,(#2750,#2751,#2752,#2753,#2754,
    #2755,#2756,#2757),.UNSPECIFIED.,.F.,.F.,(5,3,5),(0.,0.251722593584,
    1.),.UNSPECIFIED.);
#2750 = CARTESIAN_POINT('',(3.266706031977,6.378651889535,0.));
#2751 = CARTESIAN_POINT('',(3.266706031977,6.387044556999,0.));
#2752 = CARTESIAN_POINT('',(3.267393458715,6.395260508488,0.));
#2753 = CARTESIAN_POINT('',(3.268769470886,6.403297870689,0.));
#2754 = CARTESIAN_POINT('',(3.276969790465,6.43451196925,0.));
#2755 = CARTESIAN_POINT('',(3.28918734258,6.456277670234,0.));
#2756 = CARTESIAN_POINT('',(3.307474957775,6.476413219369,0.));
#2757 = CARTESIAN_POINT('',(3.331704215116,6.494912790698,0.));
#2758 = ORIENTED_EDGE('',*,*,#2759,.F.);
#2759 = EDGE_CURVE('',#2760,#2747,#2762,.T.);
#2760 = VERTEX_POINT('',#2761);
#2761 = CARTESIAN_POINT('',(3.293686409884,6.302289244186,0.));
#2762 = B_SPLINE_CURVE_WITH_KNOTS('',4,(#2763,#2764,#2765,#2766,#2767),
  .UNSPECIFIED.,.F.,.F.,(5,5),(0.,1.),.PIECEWISE_BEZIER_KNOTS.);
#2763 = CARTESIAN_POINT('',(3.293686409884,6.302289244186,0.));
#2764 = CARTESIAN_POINT('',(3.280200847587,6.319248360408,0.));
#2765 = CARTESIAN_POINT('',(3.271201082174,6.33763352379,0.));
#2766 = CARTESIAN_POINT('',(3.266706031977,6.357439466411,0.));
#2767 = CARTESIAN_POINT('',(3.266706031977,6.378651889535,0.));
#2768 = ORIENTED_EDGE('',*,*,#2769,.F.);
#2769 = EDGE_CURVE('',#2770,#2760,#2772,.T.);
#2770 = VERTEX_POINT('',#2771);
#2771 = CARTESIAN_POINT('',(3.378306686047,6.244158793605,0.));
#2772 = B_SPLINE_CURVE_WITH_KNOTS('',4,(#2773,#2774,#2775,#2776,#2777),
  .UNSPECIFIED.,.F.,.F.,(5,5),(0.,1.),.PIECEWISE_BEZIER_KNOTS.);
#2773 = CARTESIAN_POINT('',(3.378306686047,6.244158793605,0.));
#2774 = CARTESIAN_POINT('',(3.349550664935,6.255620413367,0.));
#2775 = CARTESIAN_POINT('',(3.325825802215,6.269125703954,0.));
#2776 = CARTESIAN_POINT('',(3.307196965078,6.284684581357,0.));
#2777 = CARTESIAN_POINT('',(3.293686409884,6.302289244186,0.));
#2778 = ORIENTED_EDGE('',*,*,#2779,.F.);
#2779 = EDGE_CURVE('',#2780,#2770,#2782,.T.);
#2780 = VERTEX_POINT('',#2781);
#2781 = CARTESIAN_POINT('',(3.573301235465,6.18839934593,0.));
#2782 = B_SPLINE_CURVE_WITH_KNOTS('',5,(#2783,#2784,#2785,#2786,#2787,
    #2788),.UNSPECIFIED.,.F.,.F.,(6,6),(0.,1.),
  .PIECEWISE_BEZIER_KNOTS.);
#2783 = CARTESIAN_POINT('',(3.573301235465,6.18839934593,0.));
#2784 = CARTESIAN_POINT('',(3.510492008192,6.205338804195,0.));
#2785 = CARTESIAN_POINT('',(3.45857202971,6.219639734734,0.));
#2786 = CARTESIAN_POINT('',(3.418691179591,6.231015232809,0.));
#2787 = CARTESIAN_POINT('',(3.391823974086,6.239219142667,0.));
#2788 = CARTESIAN_POINT('',(3.378306686047,6.244158793605,0.));
#2789 = ORIENTED_EDGE('',*,*,#2790,.F.);
#2790 = EDGE_CURVE('',#2791,#2780,#2793,.T.);
#2791 = VERTEX_POINT('',#2792);
#2792 = CARTESIAN_POINT('',(3.900090843023,6.086527979651,0.));
#2793 = B_SPLINE_CURVE_WITH_KNOTS('',6,(#2794,#2795,#2796,#2797,#2798,
    #2799,#2800),.UNSPECIFIED.,.F.,.F.,(7,7),(0.,1.),
  .PIECEWISE_BEZIER_KNOTS.);
#2794 = CARTESIAN_POINT('',(3.900090843023,6.086527979651,0.));
#2795 = CARTESIAN_POINT('',(3.868036628146,6.100261455107,0.));
#2796 = CARTESIAN_POINT('',(3.82614359129,6.115465319954,0.));
#2797 = CARTESIAN_POINT('',(3.774959378578,6.132020184173,0.));
#2798 = CARTESIAN_POINT('',(3.71523607178,6.14978490931,0.));
#2799 = CARTESIAN_POINT('',(3.647765996674,6.168620049847,0.));
#2800 = CARTESIAN_POINT('',(3.573301235465,6.18839934593,0.));
#2801 = ORIENTED_EDGE('',*,*,#2802,.F.);
#2802 = EDGE_CURVE('',#2803,#2791,#2805,.T.);
#2803 = VERTEX_POINT('',#2804);
#2804 = CARTESIAN_POINT('',(4.045457848837,5.97132994186,0.));
#2805 = B_SPLINE_CURVE_WITH_KNOTS('',4,(#2806,#2807,#2808,#2809,#2810,
    #2811,#2812,#2813),.UNSPECIFIED.,.F.,.F.,(5,3,5),(0.,0.215820374849,
    1.),.UNSPECIFIED.);
#2806 = CARTESIAN_POINT('',(4.045457848837,5.97132994186,0.));
#2807 = CARTESIAN_POINT('',(4.039763522852,5.979496223313,0.));
#2808 = CARTESIAN_POINT('',(4.033758067891,5.98738364997,0.));
#2809 = CARTESIAN_POINT('',(4.027441736251,5.994991293742,0.));
#2810 = CARTESIAN_POINT('',(3.996737357937,6.02894185621,0.));
#2811 = CARTESIAN_POINT('',(3.968562868027,6.051863039139,0.));
#2812 = CARTESIAN_POINT('',(3.936319897632,6.071051490304,0.));
#2813 = CARTESIAN_POINT('',(3.900090843023,6.086527979651,0.));
#2814 = ORIENTED_EDGE('',*,*,#2815,.F.);
#2815 = EDGE_CURVE('',#2816,#2803,#2818,.T.);
#2816 = VERTEX_POINT('',#2817);
#2817 = CARTESIAN_POINT('',(4.098192223837,5.783530159884,0.));
#2818 = B_SPLINE_CURVE_WITH_KNOTS('',5,(#2819,#2820,#2821,#2822,#2823,
    #2824),.UNSPECIFIED.,.F.,.F.,(6,6),(0.,1.),
  .PIECEWISE_BEZIER_KNOTS.);
#2819 = CARTESIAN_POINT('',(4.098192223837,5.783530159884,0.));
#2820 = CARTESIAN_POINT('',(4.098192223837,5.828165495146,0.));
#2821 = CARTESIAN_POINT('',(4.092973617456,5.869357971561,0.));
#2822 = CARTESIAN_POINT('',(4.082455107916,5.906995877568,0.));
#2823 = CARTESIAN_POINT('',(4.066606714832,5.941000172797,0.));
#2824 = CARTESIAN_POINT('',(4.045457848837,5.97132994186,0.));
#2825 = ORIENTED_EDGE('',*,*,#2826,.F.);
#2826 = EDGE_CURVE('',#2827,#2816,#2829,.T.);
#2827 = VERTEX_POINT('',#2828);
#2828 = CARTESIAN_POINT('',(4.033766351744,5.576844113372,0.));
#2829 = B_SPLINE_CURVE_WITH_KNOTS('',4,(#2830,#2831,#2832,#2833,#2834,
    #2835,#2836,#2837),.UNSPECIFIED.,.F.,.F.,(5,3,5),(0.,0.676210504992,
    1.),.UNSPECIFIED.);
#2830 = CARTESIAN_POINT('',(4.033766351744,5.576844113372,0.));
#2831 = CARTESIAN_POINT('',(4.055487968837,5.609536801027,0.));
#2832 = CARTESIAN_POINT('',(4.072381328966,5.643277384822,0.));
#2833 = CARTESIAN_POINT('',(4.084364817057,5.678037029681,0.));
#2834 = CARTESIAN_POINT('',(4.094811617837,5.730880544863,0.));
#2835 = CARTESIAN_POINT('',(4.097066331132,5.74821398915,0.));
#2836 = CARTESIAN_POINT('',(4.098192223837,5.765765749775,0.));
#2837 = CARTESIAN_POINT('',(4.098192223837,5.783530159884,0.));
#2838 = ORIENTED_EDGE('',*,*,#2839,.F.);
#2839 = EDGE_CURVE('',#2840,#2827,#2842,.T.);
#2840 = VERTEX_POINT('',#2841);
#2841 = CARTESIAN_POINT('',(3.848010537791,5.426898619186,0.));
#2842 = B_SPLINE_CURVE_WITH_KNOTS('',5,(#2843,#2844,#2845,#2846,#2847,
    #2848),.UNSPECIFIED.,.F.,.F.,(6,6),(0.,1.),
  .PIECEWISE_BEZIER_KNOTS.);
#2843 = CARTESIAN_POINT('',(3.848010537791,5.426898619186,0.));
#2844 = CARTESIAN_POINT('',(3.896313044995,5.448008603816,0.));
#2845 = CARTESIAN_POINT('',(3.939177644983,5.473544298979,0.));
#2846 = CARTESIAN_POINT('',(3.976432900412,5.503547685343,0.));
#2847 = CARTESIAN_POINT('',(4.007972664985,5.538006097096,0.));
#2848 = CARTESIAN_POINT('',(4.033766351744,5.576844113372,0.));
#2849 = ORIENTED_EDGE('',*,*,#2850,.F.);
#2850 = EDGE_CURVE('',#2851,#2840,#2853,.T.);
#2851 = VERTEX_POINT('',#2852);
#2852 = CARTESIAN_POINT('',(3.573301235465,5.373837209302,0.));
#2853 = B_SPLINE_CURVE_WITH_KNOTS('',5,(#2854,#2855,#2856,#2857,#2858,
    #2859),.UNSPECIFIED.,.F.,.F.,(6,6),(0.,1.),
  .PIECEWISE_BEZIER_KNOTS.);
#2854 = CARTESIAN_POINT('',(3.573301235465,5.373837209302,0.));
#2855 = CARTESIAN_POINT('',(3.634213750861,5.373837209302,0.));
#2856 = CARTESIAN_POINT('',(3.692250650334,5.37907322506,0.));
#2857 = CARTESIAN_POINT('',(3.747290866178,5.389638395125,0.));
#2858 = CARTESIAN_POINT('',(3.799234891791,5.405581855379,0.));
#2859 = CARTESIAN_POINT('',(3.848010537791,5.426898619186,0.));
#2860 = ORIENTED_EDGE('',*,*,#2861,.F.);
#2861 = EDGE_CURVE('',#2862,#2851,#2864,.T.);
#2862 = VERTEX_POINT('',#2863);
#2863 = CARTESIAN_POINT('',(3.186337209302,5.478651889535,0.));
#2864 = B_SPLINE_CURVE_WITH_KNOTS('',6,(#2865,#2866,#2867,#2868,#2869,
    #2870,#2871),.UNSPECIFIED.,.F.,.F.,(7,7),(0.,1.),
  .PIECEWISE_BEZIER_KNOTS.);
#2865 = CARTESIAN_POINT('',(3.186337209302,5.478651889535,0.));
#2866 = CARTESIAN_POINT('',(3.231767240784,5.442877135014,0.));
#2867 = CARTESIAN_POINT('',(3.285473517752,5.414558053075,0.));
#2868 = CARTESIAN_POINT('',(3.347109647042,5.393778122147,0.));
#2869 = CARTESIAN_POINT('',(3.416094006268,5.380330044693,0.));
#2870 = CARTESIAN_POINT('',(3.491732131552,5.373837209302,0.));
#2871 = CARTESIAN_POINT('',(3.573301235465,5.373837209302,0.));
#2872 = ORIENTED_EDGE('',*,*,#2873,.F.);
#2873 = EDGE_CURVE('',#2514,#2862,#2874,.T.);
#2874 = B_SPLINE_CURVE_WITH_KNOTS('',5,(#2875,#2876,#2877,#2878,#2879,
    #2880,#2881,#2882,#2883,#2884),.UNSPECIFIED.,.F.,.F.,(6,4,6),(0.,
    0.888883406079,1.),.UNSPECIFIED.);
#2875 = CARTESIAN_POINT('',(3.01652434593,5.789498546512,0.));
#2876 = CARTESIAN_POINT('',(3.02936194979,5.717607964897,0.));
#2877 = CARTESIAN_POINT('',(3.049688609711,5.652487326758,0.));
#2878 = CARTESIAN_POINT('',(3.077837621547,5.5947963738,0.));
#2879 = CARTESIAN_POINT('',(3.1139313374,5.54503241565,0.));
#2880 = CARTESIAN_POINT('',(3.163224842689,5.498195712781,0.));
#2881 = CARTESIAN_POINT('',(3.168822912047,5.493118385961,0.));
#2882 = CARTESIAN_POINT('',(3.174541322224,5.488168448422,0.));
#2883 = CARTESIAN_POINT('',(3.180379601648,5.483346206076,0.));
#2884 = CARTESIAN_POINT('',(3.186337209302,5.478651889535,0.));
#2885 = FACE_BOUND('',#2886,.T.);
#2886 = EDGE_LOOP('',(#2887,#2897,#2905,#2913));
#2887 = ORIENTED_EDGE('',*,*,#2888,.F.);
#2888 = EDGE_CURVE('',#2889,#2891,#2893,.T.);
#2889 = VERTEX_POINT('',#2890);
#2890 = CARTESIAN_POINT('',(7.754442223837,6.163953488372,0.));
#2891 = VERTEX_POINT('',#2892);
#2892 = CARTESIAN_POINT('',(7.754442223837,5.944186046512,0.));
#2893 = LINE('',#2894,#2895);
#2894 = CARTESIAN_POINT('',(7.754442223837,2.972093023256,0.));
#2895 = VECTOR('',#2896,1.);
#2896 = DIRECTION('',(0.,-1.,0.));
#2897 = ORIENTED_EDGE('',*,*,#2898,.F.);
#2898 = EDGE_CURVE('',#2899,#2889,#2901,.T.);
#2899 = VERTEX_POINT('',#2900);
#2900 = CARTESIAN_POINT('',(8.432630813953,6.163953488372,0.));
#2901 = LINE('',#2902,#2903);
#2902 = CARTESIAN_POINT('',(3.877221111919,6.163953488372,0.));
#2903 = VECTOR('',#2904,1.);
#2904 = DIRECTION('',(-1.,0.,0.));
#2905 = ORIENTED_EDGE('',*,*,#2906,.F.);
#2906 = EDGE_CURVE('',#2907,#2899,#2909,.T.);
#2907 = VERTEX_POINT('',#2908);
#2908 = CARTESIAN_POINT('',(8.432630813953,5.944186046512,0.));
#2909 = LINE('',#2910,#2911);
#2910 = CARTESIAN_POINT('',(8.432630813953,3.081976744186,0.));
#2911 = VECTOR('',#2912,1.);
#2912 = DIRECTION('',(0.,1.,0.));
#2913 = ORIENTED_EDGE('',*,*,#2914,.F.);
#2914 = EDGE_CURVE('',#2891,#2907,#2915,.T.);
#2915 = LINE('',#2916,#2917);
#2916 = CARTESIAN_POINT('',(4.216315406977,5.944186046512,0.));
#2917 = VECTOR('',#2918,1.);
#2918 = DIRECTION('',(1.,0.,-0.));
#2919 = PLANE('',#2920);
#2920 = AXIS2_PLACEMENT_3D('',#2921,#2922,#2923);
#2921 = CARTESIAN_POINT('',(-1.6E-16,0.,0.));
#2922 = DIRECTION('',(0.,0.,1.));
#2923 = DIRECTION('',(1.,0.,0.));
#2924 = ADVANCED_FACE('',(#2925),#2950,.T.);
#2925 = FACE_BOUND('',#2926,.T.);
#2926 = EDGE_LOOP('',(#2927,#2935,#2943,#2949));
#2927 = ORIENTED_EDGE('',*,*,#2928,.T.);
#2928 = EDGE_CURVE('',#50,#2929,#2931,.T.);
#2929 = VERTEX_POINT('',#2930);
#2930 = CARTESIAN_POINT('',(-16.6,5.41455,-2.5));
#2931 = LINE('',#2932,#2933);
#2932 = CARTESIAN_POINT('',(-16.6,5.41455,0.));
#2933 = VECTOR('',#2934,1.);
#2934 = DIRECTION('',(-0.,-0.,-1.));
#2935 = ORIENTED_EDGE('',*,*,#2936,.T.);
#2936 = EDGE_CURVE('',#2929,#2937,#2939,.T.);
#2937 = VERTEX_POINT('',#2938);
#2938 = CARTESIAN_POINT('',(-16.6,-5.41455,-2.5));
#2939 = LINE('',#2940,#2941);
#2940 = CARTESIAN_POINT('',(-16.6,0.,-2.5));
#2941 = VECTOR('',#2942,1.);
#2942 = DIRECTION('',(0.,-1.,0.));
#2943 = ORIENTED_EDGE('',*,*,#2944,.F.);
#2944 = EDGE_CURVE('',#48,#2937,#2945,.T.);
#2945 = LINE('',#2946,#2947);
#2946 = CARTESIAN_POINT('',(-16.6,-5.41455,0.));
#2947 = VECTOR('',#2948,1.);
#2948 = DIRECTION('',(-0.,-0.,-1.));
#2949 = ORIENTED_EDGE('',*,*,#47,.T.);
#2950 = PLANE('',#2951);
#2951 = AXIS2_PLACEMENT_3D('',#2952,#2953,#2954);
#2952 = CARTESIAN_POINT('',(-16.6,7.E-17,-1.25));
#2953 = DIRECTION('',(-1.,-0.,-0.));
#2954 = DIRECTION('',(0.,0.,-1.));
#2955 = ADVANCED_FACE('',(#2956),#2975,.T.);
#2956 = FACE_BOUND('',#2957,.T.);
#2957 = EDGE_LOOP('',(#2958,#2959,#2968,#2974));
#2958 = ORIENTED_EDGE('',*,*,#2944,.T.);
#2959 = ORIENTED_EDGE('',*,*,#2960,.T.);
#2960 = EDGE_CURVE('',#2937,#2961,#2963,.T.);
#2961 = VERTEX_POINT('',#2962);
#2962 = CARTESIAN_POINT('',(-16.11455,-5.9,-2.5));
#2963 = CIRCLE('',#2964,0.48545);
#2964 = AXIS2_PLACEMENT_3D('',#2965,#2966,#2967);
#2965 = CARTESIAN_POINT('',(-16.11455,-5.41455,-2.5));
#2966 = DIRECTION('',(0.,0.,1.));
#2967 = DIRECTION('',(1.,0.,0.));
#2968 = ORIENTED_EDGE('',*,*,#2969,.F.);
#2969 = EDGE_CURVE('',#58,#2961,#2970,.T.);
#2970 = LINE('',#2971,#2972);
#2971 = CARTESIAN_POINT('',(-16.11455,-5.9,0.));
#2972 = VECTOR('',#2973,1.);
#2973 = DIRECTION('',(-0.,-0.,-1.));
#2974 = ORIENTED_EDGE('',*,*,#57,.F.);
#2975 = CYLINDRICAL_SURFACE('',#2976,0.48545);
#2976 = AXIS2_PLACEMENT_3D('',#2977,#2978,#2979);
#2977 = CARTESIAN_POINT('',(-16.11455,-5.41455,0.));
#2978 = DIRECTION('',(0.,0.,1.));
#2979 = DIRECTION('',(1.,0.,0.));
#2980 = ADVANCED_FACE('',(#2981),#3000,.T.);
#2981 = FACE_BOUND('',#2982,.T.);
#2982 = EDGE_LOOP('',(#2983,#2991,#2998,#2999));
#2983 = ORIENTED_EDGE('',*,*,#2984,.T.);
#2984 = EDGE_CURVE('',#237,#2985,#2987,.T.);
#2985 = VERTEX_POINT('',#2986);
#2986 = CARTESIAN_POINT('',(-16.11455,5.9,-2.5));
#2987 = LINE('',#2988,#2989);
#2988 = CARTESIAN_POINT('',(-16.11455,5.9,0.));
#2989 = VECTOR('',#2990,1.);
#2990 = DIRECTION('',(-0.,-0.,-1.));
#2991 = ORIENTED_EDGE('',*,*,#2992,.T.);
#2992 = EDGE_CURVE('',#2985,#2929,#2993,.T.);
#2993 = CIRCLE('',#2994,0.48545);
#2994 = AXIS2_PLACEMENT_3D('',#2995,#2996,#2997);
#2995 = CARTESIAN_POINT('',(-16.11455,5.41455,-2.5));
#2996 = DIRECTION('',(0.,0.,1.));
#2997 = DIRECTION('',(1.,0.,0.));
#2998 = ORIENTED_EDGE('',*,*,#2928,.F.);
#2999 = ORIENTED_EDGE('',*,*,#244,.F.);
#3000 = CYLINDRICAL_SURFACE('',#3001,0.48545);
#3001 = AXIS2_PLACEMENT_3D('',#3002,#3003,#3004);
#3002 = CARTESIAN_POINT('',(-16.11455,5.41455,0.));
#3003 = DIRECTION('',(0.,0.,1.));
#3004 = DIRECTION('',(1.,0.,0.));
#3005 = ADVANCED_FACE('',(#3006),#3024,.T.);
#3006 = FACE_BOUND('',#3007,.T.);
#3007 = EDGE_LOOP('',(#3008,#3009,#3017,#3023));
#3008 = ORIENTED_EDGE('',*,*,#2969,.T.);
#3009 = ORIENTED_EDGE('',*,*,#3010,.T.);
#3010 = EDGE_CURVE('',#2961,#3011,#3013,.T.);
#3011 = VERTEX_POINT('',#3012);
#3012 = CARTESIAN_POINT('',(-13.16734975381,-5.9,-2.5));
#3013 = LINE('',#3014,#3015);
#3014 = CARTESIAN_POINT('',(-16.11455,-5.9,-2.5));
#3015 = VECTOR('',#3016,1.);
#3016 = DIRECTION('',(1.,0.,0.));
#3017 = ORIENTED_EDGE('',*,*,#3018,.F.);
#3018 = EDGE_CURVE('',#67,#3011,#3019,.T.);
#3019 = LINE('',#3020,#3021);
#3020 = CARTESIAN_POINT('',(-13.16734975381,-5.9,0.));
#3021 = VECTOR('',#3022,1.);
#3022 = DIRECTION('',(-0.,-0.,-1.));
#3023 = ORIENTED_EDGE('',*,*,#66,.F.);
#3024 = PLANE('',#3025);
#3025 = AXIS2_PLACEMENT_3D('',#3026,#3027,#3028);
#3026 = CARTESIAN_POINT('',(-16.11455,-5.9,0.));
#3027 = DIRECTION('',(0.,-1.,0.));
#3028 = DIRECTION('',(1.,0.,0.));
#3029 = ADVANCED_FACE('',(#3030),#3048,.F.);
#3030 = FACE_BOUND('',#3031,.F.);
#3031 = EDGE_LOOP('',(#3032,#3033,#3041,#3047));
#3032 = ORIENTED_EDGE('',*,*,#2984,.T.);
#3033 = ORIENTED_EDGE('',*,*,#3034,.T.);
#3034 = EDGE_CURVE('',#2985,#3035,#3037,.T.);
#3035 = VERTEX_POINT('',#3036);
#3036 = CARTESIAN_POINT('',(-13.16734975381,5.9,-2.5));
#3037 = LINE('',#3038,#3039);
#3038 = CARTESIAN_POINT('',(-16.11455,5.9,-2.5));
#3039 = VECTOR('',#3040,1.);
#3040 = DIRECTION('',(1.,0.,0.));
#3041 = ORIENTED_EDGE('',*,*,#3042,.F.);
#3042 = EDGE_CURVE('',#228,#3035,#3043,.T.);
#3043 = LINE('',#3044,#3045);
#3044 = CARTESIAN_POINT('',(-13.16734975381,5.9,0.));
#3045 = VECTOR('',#3046,1.);
#3046 = DIRECTION('',(-0.,-0.,-1.));
#3047 = ORIENTED_EDGE('',*,*,#236,.F.);
#3048 = PLANE('',#3049);
#3049 = AXIS2_PLACEMENT_3D('',#3050,#3051,#3052);
#3050 = CARTESIAN_POINT('',(-16.11455,5.9,0.));
#3051 = DIRECTION('',(0.,-1.,0.));
#3052 = DIRECTION('',(1.,0.,0.));
#3053 = ADVANCED_FACE('',(#3054),#3073,.F.);
#3054 = FACE_BOUND('',#3055,.F.);
#3055 = EDGE_LOOP('',(#3056,#3064,#3071,#3072));
#3056 = ORIENTED_EDGE('',*,*,#3057,.T.);
#3057 = EDGE_CURVE('',#75,#3058,#3060,.T.);
#3058 = VERTEX_POINT('',#3059);
#3059 = CARTESIAN_POINT('',(-12.8118215137,-6.018395553265,-2.5));
#3060 = LINE('',#3061,#3062);
#3061 = CARTESIAN_POINT('',(-12.8118215137,-6.018395553265,0.));
#3062 = VECTOR('',#3063,1.);
#3063 = DIRECTION('',(-0.,-0.,-1.));
#3064 = ORIENTED_EDGE('',*,*,#3065,.T.);
#3065 = EDGE_CURVE('',#3058,#3011,#3066,.T.);
#3066 = CIRCLE('',#3067,0.593003);
#3067 = AXIS2_PLACEMENT_3D('',#3068,#3069,#3070);
#3068 = CARTESIAN_POINT('',(-13.16734975381,-6.493003,-2.5));
#3069 = DIRECTION('',(0.,0.,1.));
#3070 = DIRECTION('',(1.,0.,0.));
#3071 = ORIENTED_EDGE('',*,*,#3018,.F.);
#3072 = ORIENTED_EDGE('',*,*,#74,.F.);
#3073 = CYLINDRICAL_SURFACE('',#3074,0.593003);
#3074 = AXIS2_PLACEMENT_3D('',#3075,#3076,#3077);
#3075 = CARTESIAN_POINT('',(-13.16734975381,-6.493003,0.));
#3076 = DIRECTION('',(0.,0.,1.));
#3077 = DIRECTION('',(1.,0.,0.));
#3078 = ADVANCED_FACE('',(#3079),#3098,.F.);
#3079 = FACE_BOUND('',#3080,.F.);
#3080 = EDGE_LOOP('',(#3081,#3082,#3091,#3097));
#3081 = ORIENTED_EDGE('',*,*,#3042,.T.);
#3082 = ORIENTED_EDGE('',*,*,#3083,.T.);
#3083 = EDGE_CURVE('',#3035,#3084,#3086,.T.);
#3084 = VERTEX_POINT('',#3085);
#3085 = CARTESIAN_POINT('',(-12.8118215137,6.018395553265,-2.5));
#3086 = CIRCLE('',#3087,0.593003);
#3087 = AXIS2_PLACEMENT_3D('',#3088,#3089,#3090);
#3088 = CARTESIAN_POINT('',(-13.16734975381,6.493003,-2.5));
#3089 = DIRECTION('',(0.,0.,1.));
#3090 = DIRECTION('',(1.,0.,0.));
#3091 = ORIENTED_EDGE('',*,*,#3092,.F.);
#3092 = EDGE_CURVE('',#220,#3084,#3093,.T.);
#3093 = LINE('',#3094,#3095);
#3094 = CARTESIAN_POINT('',(-12.8118215137,6.018395553265,0.));
#3095 = VECTOR('',#3096,1.);
#3096 = DIRECTION('',(-0.,-0.,-1.));
#3097 = ORIENTED_EDGE('',*,*,#227,.F.);
#3098 = CYLINDRICAL_SURFACE('',#3099,0.593003);
#3099 = AXIS2_PLACEMENT_3D('',#3100,#3101,#3102);
#3100 = CARTESIAN_POINT('',(-13.16734975381,6.493003,0.));
#3101 = DIRECTION('',(0.,0.,1.));
#3102 = DIRECTION('',(1.,0.,0.));
#3103 = ADVANCED_FACE('',(#3104),#3122,.T.);
#3104 = FACE_BOUND('',#3105,.T.);
#3105 = EDGE_LOOP('',(#3106,#3107,#3115,#3121));
#3106 = ORIENTED_EDGE('',*,*,#3057,.T.);
#3107 = ORIENTED_EDGE('',*,*,#3108,.T.);
#3108 = EDGE_CURVE('',#3058,#3109,#3111,.T.);
#3109 = VERTEX_POINT('',#3110);
#3110 = CARTESIAN_POINT('',(-10.46871151069,-7.77361827781,-2.5));
#3111 = LINE('',#3112,#3113);
#3112 = CARTESIAN_POINT('',(-12.8118215137,-6.018395553265,-2.5));
#3113 = VECTOR('',#3114,1.);
#3114 = DIRECTION('',(0.800345776892,-0.599538687167,0.));
#3115 = ORIENTED_EDGE('',*,*,#3116,.F.);
#3116 = EDGE_CURVE('',#84,#3109,#3117,.T.);
#3117 = LINE('',#3118,#3119);
#3118 = CARTESIAN_POINT('',(-10.46871151069,-7.77361827781,0.));
#3119 = VECTOR('',#3120,1.);
#3120 = DIRECTION('',(-0.,-0.,-1.));
#3121 = ORIENTED_EDGE('',*,*,#83,.F.);
#3122 = PLANE('',#3123);
#3123 = AXIS2_PLACEMENT_3D('',#3124,#3125,#3126);
#3124 = CARTESIAN_POINT('',(-12.8118215137,-6.018395553265,0.));
#3125 = DIRECTION('',(-0.599538687167,-0.800345776892,0.));
#3126 = DIRECTION('',(0.800345776892,-0.599538687167,0.));
#3127 = ADVANCED_FACE('',(#3128),#3146,.F.);
#3128 = FACE_BOUND('',#3129,.F.);
#3129 = EDGE_LOOP('',(#3130,#3131,#3139,#3145));
#3130 = ORIENTED_EDGE('',*,*,#3092,.T.);
#3131 = ORIENTED_EDGE('',*,*,#3132,.T.);
#3132 = EDGE_CURVE('',#3084,#3133,#3135,.T.);
#3133 = VERTEX_POINT('',#3134);
#3134 = CARTESIAN_POINT('',(-10.46871151069,7.77361827781,-2.5));
#3135 = LINE('',#3136,#3137);
#3136 = CARTESIAN_POINT('',(-12.8118215137,6.018395553265,-2.5));
#3137 = VECTOR('',#3138,1.);
#3138 = DIRECTION('',(0.800345776892,0.599538687167,0.));
#3139 = ORIENTED_EDGE('',*,*,#3140,.F.);
#3140 = EDGE_CURVE('',#211,#3133,#3141,.T.);
#3141 = LINE('',#3142,#3143);
#3142 = CARTESIAN_POINT('',(-10.46871151069,7.77361827781,0.));
#3143 = VECTOR('',#3144,1.);
#3144 = DIRECTION('',(-0.,-0.,-1.));
#3145 = ORIENTED_EDGE('',*,*,#219,.F.);
#3146 = PLANE('',#3147);
#3147 = AXIS2_PLACEMENT_3D('',#3148,#3149,#3150);
#3148 = CARTESIAN_POINT('',(-12.8118215137,6.018395553265,0.));
#3149 = DIRECTION('',(0.599538687167,-0.800345776892,0.));
#3150 = DIRECTION('',(0.800345776892,0.599538687167,0.));
#3151 = ADVANCED_FACE('',(#3152),#3171,.T.);
#3152 = FACE_BOUND('',#3153,.T.);
#3153 = EDGE_LOOP('',(#3154,#3155,#3164,#3170));
#3154 = ORIENTED_EDGE('',*,*,#3116,.T.);
#3155 = ORIENTED_EDGE('',*,*,#3156,.T.);
#3156 = EDGE_CURVE('',#3109,#3157,#3159,.T.);
#3157 = VERTEX_POINT('',#3158);
#3158 = CARTESIAN_POINT('',(-10.0892017231,-7.9,-2.5));
#3159 = CIRCLE('',#3160,0.633003);
#3160 = AXIS2_PLACEMENT_3D('',#3161,#3162,#3163);
#3161 = CARTESIAN_POINT('',(-10.0892017231,-7.266997,-2.5));
#3162 = DIRECTION('',(0.,0.,1.));
#3163 = DIRECTION('',(1.,0.,0.));
#3164 = ORIENTED_EDGE('',*,*,#3165,.F.);
#3165 = EDGE_CURVE('',#92,#3157,#3166,.T.);
#3166 = LINE('',#3167,#3168);
#3167 = CARTESIAN_POINT('',(-10.0892017231,-7.9,0.));
#3168 = VECTOR('',#3169,1.);
#3169 = DIRECTION('',(-0.,-0.,-1.));
#3170 = ORIENTED_EDGE('',*,*,#91,.F.);
#3171 = CYLINDRICAL_SURFACE('',#3172,0.633003);
#3172 = AXIS2_PLACEMENT_3D('',#3173,#3174,#3175);
#3173 = CARTESIAN_POINT('',(-10.0892017231,-7.266997,0.));
#3174 = DIRECTION('',(0.,0.,1.));
#3175 = DIRECTION('',(1.,0.,0.));
#3176 = ADVANCED_FACE('',(#3177),#3196,.T.);
#3177 = FACE_BOUND('',#3178,.T.);
#3178 = EDGE_LOOP('',(#3179,#3187,#3194,#3195));
#3179 = ORIENTED_EDGE('',*,*,#3180,.T.);
#3180 = EDGE_CURVE('',#203,#3181,#3183,.T.);
#3181 = VERTEX_POINT('',#3182);
#3182 = CARTESIAN_POINT('',(-10.0892017231,7.9,-2.5));
#3183 = LINE('',#3184,#3185);
#3184 = CARTESIAN_POINT('',(-10.0892017231,7.9,0.));
#3185 = VECTOR('',#3186,1.);
#3186 = DIRECTION('',(-0.,-0.,-1.));
#3187 = ORIENTED_EDGE('',*,*,#3188,.T.);
#3188 = EDGE_CURVE('',#3181,#3133,#3189,.T.);
#3189 = CIRCLE('',#3190,0.633003);
#3190 = AXIS2_PLACEMENT_3D('',#3191,#3192,#3193);
#3191 = CARTESIAN_POINT('',(-10.0892017231,7.266997,-2.5));
#3192 = DIRECTION('',(0.,0.,1.));
#3193 = DIRECTION('',(1.,0.,0.));
#3194 = ORIENTED_EDGE('',*,*,#3140,.F.);
#3195 = ORIENTED_EDGE('',*,*,#210,.F.);
#3196 = CYLINDRICAL_SURFACE('',#3197,0.633003);
#3197 = AXIS2_PLACEMENT_3D('',#3198,#3199,#3200);
#3198 = CARTESIAN_POINT('',(-10.0892017231,7.266997,0.));
#3199 = DIRECTION('',(0.,0.,1.));
#3200 = DIRECTION('',(1.,0.,0.));
#3201 = ADVANCED_FACE('',(#3202),#3220,.T.);
#3202 = FACE_BOUND('',#3203,.T.);
#3203 = EDGE_LOOP('',(#3204,#3212,#3213,#3214));
#3204 = ORIENTED_EDGE('',*,*,#3205,.F.);
#3205 = EDGE_CURVE('',#101,#3206,#3208,.T.);
#3206 = VERTEX_POINT('',#3207);
#3207 = CARTESIAN_POINT('',(10.0892017231,-7.9,-2.5));
#3208 = LINE('',#3209,#3210);
#3209 = CARTESIAN_POINT('',(10.0892017231,-7.9,0.));
#3210 = VECTOR('',#3211,1.);
#3211 = DIRECTION('',(-0.,-0.,-1.));
#3212 = ORIENTED_EDGE('',*,*,#100,.F.);
#3213 = ORIENTED_EDGE('',*,*,#3165,.T.);
#3214 = ORIENTED_EDGE('',*,*,#3215,.F.);
#3215 = EDGE_CURVE('',#3206,#3157,#3216,.T.);
#3216 = LINE('',#3217,#3218);
#3217 = CARTESIAN_POINT('',(10.0892017231,-7.9,-2.5));
#3218 = VECTOR('',#3219,1.);
#3219 = DIRECTION('',(-1.,0.,0.));
#3220 = PLANE('',#3221);
#3221 = AXIS2_PLACEMENT_3D('',#3222,#3223,#3224);
#3222 = CARTESIAN_POINT('',(-1.6E-16,-7.9,-1.25));
#3223 = DIRECTION('',(-0.,-1.,-0.));
#3224 = DIRECTION('',(0.,0.,-1.));
#3225 = ADVANCED_FACE('',(#3226),#3244,.T.);
#3226 = FACE_BOUND('',#3227,.T.);
#3227 = EDGE_LOOP('',(#3228,#3229,#3230,#3238));
#3228 = ORIENTED_EDGE('',*,*,#3180,.F.);
#3229 = ORIENTED_EDGE('',*,*,#202,.F.);
#3230 = ORIENTED_EDGE('',*,*,#3231,.T.);
#3231 = EDGE_CURVE('',#194,#3232,#3234,.T.);
#3232 = VERTEX_POINT('',#3233);
#3233 = CARTESIAN_POINT('',(10.0892017231,7.9,-2.5));
#3234 = LINE('',#3235,#3236);
#3235 = CARTESIAN_POINT('',(10.0892017231,7.9,0.));
#3236 = VECTOR('',#3237,1.);
#3237 = DIRECTION('',(-0.,-0.,-1.));
#3238 = ORIENTED_EDGE('',*,*,#3239,.F.);
#3239 = EDGE_CURVE('',#3181,#3232,#3240,.T.);
#3240 = LINE('',#3241,#3242);
#3241 = CARTESIAN_POINT('',(-10.0892017231,7.9,-2.5));
#3242 = VECTOR('',#3243,1.);
#3243 = DIRECTION('',(1.,0.,0.));
#3244 = PLANE('',#3245);
#3245 = AXIS2_PLACEMENT_3D('',#3246,#3247,#3248);
#3246 = CARTESIAN_POINT('',(1.6E-16,7.9,-1.25));
#3247 = DIRECTION('',(0.,1.,0.));
#3248 = DIRECTION('',(0.,0.,1.));
#3249 = ADVANCED_FACE('',(#3250),#3269,.T.);
#3250 = FACE_BOUND('',#3251,.T.);
#3251 = EDGE_LOOP('',(#3252,#3253,#3262,#3268));
#3252 = ORIENTED_EDGE('',*,*,#3205,.T.);
#3253 = ORIENTED_EDGE('',*,*,#3254,.T.);
#3254 = EDGE_CURVE('',#3206,#3255,#3257,.T.);
#3255 = VERTEX_POINT('',#3256);
#3256 = CARTESIAN_POINT('',(10.468711510693,-7.77361827781,-2.5));
#3257 = CIRCLE('',#3258,0.633003);
#3258 = AXIS2_PLACEMENT_3D('',#3259,#3260,#3261);
#3259 = CARTESIAN_POINT('',(10.0892017231,-7.266997,-2.5));
#3260 = DIRECTION('',(0.,0.,1.));
#3261 = DIRECTION('',(1.,0.,0.));
#3262 = ORIENTED_EDGE('',*,*,#3263,.F.);
#3263 = EDGE_CURVE('',#109,#3255,#3264,.T.);
#3264 = LINE('',#3265,#3266);
#3265 = CARTESIAN_POINT('',(10.468711510693,-7.77361827781,0.));
#3266 = VECTOR('',#3267,1.);
#3267 = DIRECTION('',(-0.,-0.,-1.));
#3268 = ORIENTED_EDGE('',*,*,#108,.F.);
#3269 = CYLINDRICAL_SURFACE('',#3270,0.633003);
#3270 = AXIS2_PLACEMENT_3D('',#3271,#3272,#3273);
#3271 = CARTESIAN_POINT('',(10.0892017231,-7.266997,0.));
#3272 = DIRECTION('',(0.,0.,1.));
#3273 = DIRECTION('',(1.,0.,0.));
#3274 = ADVANCED_FACE('',(#3275),#3294,.T.);
#3275 = FACE_BOUND('',#3276,.T.);
#3276 = EDGE_LOOP('',(#3277,#3285,#3292,#3293));
#3277 = ORIENTED_EDGE('',*,*,#3278,.T.);
#3278 = EDGE_CURVE('',#186,#3279,#3281,.T.);
#3279 = VERTEX_POINT('',#3280);
#3280 = CARTESIAN_POINT('',(10.468711510693,7.77361827781,-2.5));
#3281 = LINE('',#3282,#3283);
#3282 = CARTESIAN_POINT('',(10.468711510693,7.77361827781,0.));
#3283 = VECTOR('',#3284,1.);
#3284 = DIRECTION('',(-0.,-0.,-1.));
#3285 = ORIENTED_EDGE('',*,*,#3286,.T.);
#3286 = EDGE_CURVE('',#3279,#3232,#3287,.T.);
#3287 = CIRCLE('',#3288,0.633003);
#3288 = AXIS2_PLACEMENT_3D('',#3289,#3290,#3291);
#3289 = CARTESIAN_POINT('',(10.0892017231,7.266997,-2.5));
#3290 = DIRECTION('',(0.,0.,1.));
#3291 = DIRECTION('',(1.,0.,0.));
#3292 = ORIENTED_EDGE('',*,*,#3231,.F.);
#3293 = ORIENTED_EDGE('',*,*,#193,.F.);
#3294 = CYLINDRICAL_SURFACE('',#3295,0.633003);
#3295 = AXIS2_PLACEMENT_3D('',#3296,#3297,#3298);
#3296 = CARTESIAN_POINT('',(10.0892017231,7.266997,0.));
#3297 = DIRECTION('',(0.,0.,1.));
#3298 = DIRECTION('',(1.,0.,0.));
#3299 = ADVANCED_FACE('',(#3300),#3318,.F.);
#3300 = FACE_BOUND('',#3301,.F.);
#3301 = EDGE_LOOP('',(#3302,#3310,#3316,#3317));
#3302 = ORIENTED_EDGE('',*,*,#3303,.T.);
#3303 = EDGE_CURVE('',#118,#3304,#3306,.T.);
#3304 = VERTEX_POINT('',#3305);
#3305 = CARTESIAN_POINT('',(12.811821513706,-6.018395553265,-2.5));
#3306 = LINE('',#3307,#3308);
#3307 = CARTESIAN_POINT('',(12.811821513706,-6.018395553265,0.));
#3308 = VECTOR('',#3309,1.);
#3309 = DIRECTION('',(-0.,-0.,-1.));
#3310 = ORIENTED_EDGE('',*,*,#3311,.T.);
#3311 = EDGE_CURVE('',#3304,#3255,#3312,.T.);
#3312 = LINE('',#3313,#3314);
#3313 = CARTESIAN_POINT('',(12.811821513706,-6.018395553265,-2.5));
#3314 = VECTOR('',#3315,1.);
#3315 = DIRECTION('',(-0.800345776892,-0.599538687167,0.));
#3316 = ORIENTED_EDGE('',*,*,#3263,.F.);
#3317 = ORIENTED_EDGE('',*,*,#117,.F.);
#3318 = PLANE('',#3319);
#3319 = AXIS2_PLACEMENT_3D('',#3320,#3321,#3322);
#3320 = CARTESIAN_POINT('',(12.811821513706,-6.018395553265,0.));
#3321 = DIRECTION('',(-0.599538687167,0.800345776892,0.));
#3322 = DIRECTION('',(-0.800345776892,-0.599538687167,0.));
#3323 = ADVANCED_FACE('',(#3324),#3342,.T.);
#3324 = FACE_BOUND('',#3325,.T.);
#3325 = EDGE_LOOP('',(#3326,#3334,#3340,#3341));
#3326 = ORIENTED_EDGE('',*,*,#3327,.T.);
#3327 = EDGE_CURVE('',#177,#3328,#3330,.T.);
#3328 = VERTEX_POINT('',#3329);
#3329 = CARTESIAN_POINT('',(12.811821513706,6.018395553265,-2.5));
#3330 = LINE('',#3331,#3332);
#3331 = CARTESIAN_POINT('',(12.811821513706,6.018395553265,0.));
#3332 = VECTOR('',#3333,1.);
#3333 = DIRECTION('',(-0.,-0.,-1.));
#3334 = ORIENTED_EDGE('',*,*,#3335,.T.);
#3335 = EDGE_CURVE('',#3328,#3279,#3336,.T.);
#3336 = LINE('',#3337,#3338);
#3337 = CARTESIAN_POINT('',(12.811821513706,6.018395553265,-2.5));
#3338 = VECTOR('',#3339,1.);
#3339 = DIRECTION('',(-0.800345776892,0.599538687167,0.));
#3340 = ORIENTED_EDGE('',*,*,#3278,.F.);
#3341 = ORIENTED_EDGE('',*,*,#185,.F.);
#3342 = PLANE('',#3343);
#3343 = AXIS2_PLACEMENT_3D('',#3344,#3345,#3346);
#3344 = CARTESIAN_POINT('',(12.811821513706,6.018395553265,0.));
#3345 = DIRECTION('',(0.599538687167,0.800345776892,0.));
#3346 = DIRECTION('',(-0.800345776892,0.599538687167,0.));
#3347 = ADVANCED_FACE('',(#3348),#3367,.F.);
#3348 = FACE_BOUND('',#3349,.F.);
#3349 = EDGE_LOOP('',(#3350,#3358,#3365,#3366));
#3350 = ORIENTED_EDGE('',*,*,#3351,.T.);
#3351 = EDGE_CURVE('',#126,#3352,#3354,.T.);
#3352 = VERTEX_POINT('',#3353);
#3353 = CARTESIAN_POINT('',(13.167349753812,-5.9,-2.5));
#3354 = LINE('',#3355,#3356);
#3355 = CARTESIAN_POINT('',(13.167349753812,-5.9,0.));
#3356 = VECTOR('',#3357,1.);
#3357 = DIRECTION('',(-0.,-0.,-1.));
#3358 = ORIENTED_EDGE('',*,*,#3359,.T.);
#3359 = EDGE_CURVE('',#3352,#3304,#3360,.T.);
#3360 = CIRCLE('',#3361,0.593003);
#3361 = AXIS2_PLACEMENT_3D('',#3362,#3363,#3364);
#3362 = CARTESIAN_POINT('',(13.167349753812,-6.493003,-2.5));
#3363 = DIRECTION('',(0.,0.,1.));
#3364 = DIRECTION('',(1.,0.,0.));
#3365 = ORIENTED_EDGE('',*,*,#3303,.F.);
#3366 = ORIENTED_EDGE('',*,*,#125,.F.);
#3367 = CYLINDRICAL_SURFACE('',#3368,0.593003);
#3368 = AXIS2_PLACEMENT_3D('',#3369,#3370,#3371);
#3369 = CARTESIAN_POINT('',(13.167349753812,-6.493003,0.));
#3370 = DIRECTION('',(0.,0.,1.));
#3371 = DIRECTION('',(1.,0.,0.));
#3372 = ADVANCED_FACE('',(#3373),#3392,.F.);
#3373 = FACE_BOUND('',#3374,.F.);
#3374 = EDGE_LOOP('',(#3375,#3376,#3385,#3391));
#3375 = ORIENTED_EDGE('',*,*,#3327,.T.);
#3376 = ORIENTED_EDGE('',*,*,#3377,.T.);
#3377 = EDGE_CURVE('',#3328,#3378,#3380,.T.);
#3378 = VERTEX_POINT('',#3379);
#3379 = CARTESIAN_POINT('',(13.167349753812,5.9,-2.5));
#3380 = CIRCLE('',#3381,0.593003);
#3381 = AXIS2_PLACEMENT_3D('',#3382,#3383,#3384);
#3382 = CARTESIAN_POINT('',(13.167349753812,6.493003,-2.5));
#3383 = DIRECTION('',(0.,0.,1.));
#3384 = DIRECTION('',(1.,0.,0.));
#3385 = ORIENTED_EDGE('',*,*,#3386,.F.);
#3386 = EDGE_CURVE('',#169,#3378,#3387,.T.);
#3387 = LINE('',#3388,#3389);
#3388 = CARTESIAN_POINT('',(13.167349753812,5.9,0.));
#3389 = VECTOR('',#3390,1.);
#3390 = DIRECTION('',(-0.,-0.,-1.));
#3391 = ORIENTED_EDGE('',*,*,#176,.F.);
#3392 = CYLINDRICAL_SURFACE('',#3393,0.593003);
#3393 = AXIS2_PLACEMENT_3D('',#3394,#3395,#3396);
#3394 = CARTESIAN_POINT('',(13.167349753812,6.493003,0.));
#3395 = DIRECTION('',(0.,0.,1.));
#3396 = DIRECTION('',(1.,0.,0.));
#3397 = ADVANCED_FACE('',(#3398),#3416,.F.);
#3398 = FACE_BOUND('',#3399,.F.);
#3399 = EDGE_LOOP('',(#3400,#3408,#3414,#3415));
#3400 = ORIENTED_EDGE('',*,*,#3401,.T.);
#3401 = EDGE_CURVE('',#135,#3402,#3404,.T.);
#3402 = VERTEX_POINT('',#3403);
#3403 = CARTESIAN_POINT('',(16.11455,-5.9,-2.5));
#3404 = LINE('',#3405,#3406);
#3405 = CARTESIAN_POINT('',(16.11455,-5.9,0.));
#3406 = VECTOR('',#3407,1.);
#3407 = DIRECTION('',(-0.,-0.,-1.));
#3408 = ORIENTED_EDGE('',*,*,#3409,.T.);
#3409 = EDGE_CURVE('',#3402,#3352,#3410,.T.);
#3410 = LINE('',#3411,#3412);
#3411 = CARTESIAN_POINT('',(16.11455,-5.9,-2.5));
#3412 = VECTOR('',#3413,1.);
#3413 = DIRECTION('',(-1.,0.,0.));
#3414 = ORIENTED_EDGE('',*,*,#3351,.F.);
#3415 = ORIENTED_EDGE('',*,*,#134,.F.);
#3416 = PLANE('',#3417);
#3417 = AXIS2_PLACEMENT_3D('',#3418,#3419,#3420);
#3418 = CARTESIAN_POINT('',(16.11455,-5.9,0.));
#3419 = DIRECTION('',(0.,1.,0.));
#3420 = DIRECTION('',(-1.,0.,0.));
#3421 = ADVANCED_FACE('',(#3422),#3440,.T.);
#3422 = FACE_BOUND('',#3423,.T.);
#3423 = EDGE_LOOP('',(#3424,#3432,#3438,#3439));
#3424 = ORIENTED_EDGE('',*,*,#3425,.T.);
#3425 = EDGE_CURVE('',#160,#3426,#3428,.T.);
#3426 = VERTEX_POINT('',#3427);
#3427 = CARTESIAN_POINT('',(16.11455,5.9,-2.5));
#3428 = LINE('',#3429,#3430);
#3429 = CARTESIAN_POINT('',(16.11455,5.9,0.));
#3430 = VECTOR('',#3431,1.);
#3431 = DIRECTION('',(-0.,-0.,-1.));
#3432 = ORIENTED_EDGE('',*,*,#3433,.T.);
#3433 = EDGE_CURVE('',#3426,#3378,#3434,.T.);
#3434 = LINE('',#3435,#3436);
#3435 = CARTESIAN_POINT('',(16.11455,5.9,-2.5));
#3436 = VECTOR('',#3437,1.);
#3437 = DIRECTION('',(-1.,0.,0.));
#3438 = ORIENTED_EDGE('',*,*,#3386,.F.);
#3439 = ORIENTED_EDGE('',*,*,#168,.F.);
#3440 = PLANE('',#3441);
#3441 = AXIS2_PLACEMENT_3D('',#3442,#3443,#3444);
#3442 = CARTESIAN_POINT('',(16.11455,5.9,0.));
#3443 = DIRECTION('',(0.,1.,0.));
#3444 = DIRECTION('',(-1.,0.,0.));
#3445 = ADVANCED_FACE('',(#3446),#3465,.T.);
#3446 = FACE_BOUND('',#3447,.T.);
#3447 = EDGE_LOOP('',(#3448,#3449,#3458,#3464));
#3448 = ORIENTED_EDGE('',*,*,#3401,.T.);
#3449 = ORIENTED_EDGE('',*,*,#3450,.T.);
#3450 = EDGE_CURVE('',#3402,#3451,#3453,.T.);
#3451 = VERTEX_POINT('',#3452);
#3452 = CARTESIAN_POINT('',(16.6,-5.41455,-2.5));
#3453 = CIRCLE('',#3454,0.48545);
#3454 = AXIS2_PLACEMENT_3D('',#3455,#3456,#3457);
#3455 = CARTESIAN_POINT('',(16.11455,-5.41455,-2.5));
#3456 = DIRECTION('',(0.,0.,1.));
#3457 = DIRECTION('',(1.,0.,0.));
#3458 = ORIENTED_EDGE('',*,*,#3459,.F.);
#3459 = EDGE_CURVE('',#143,#3451,#3460,.T.);
#3460 = LINE('',#3461,#3462);
#3461 = CARTESIAN_POINT('',(16.6,-5.41455,0.));
#3462 = VECTOR('',#3463,1.);
#3463 = DIRECTION('',(-0.,-0.,-1.));
#3464 = ORIENTED_EDGE('',*,*,#142,.F.);
#3465 = CYLINDRICAL_SURFACE('',#3466,0.48545);
#3466 = AXIS2_PLACEMENT_3D('',#3467,#3468,#3469);
#3467 = CARTESIAN_POINT('',(16.11455,-5.41455,0.));
#3468 = DIRECTION('',(0.,0.,1.));
#3469 = DIRECTION('',(1.,0.,0.));
#3470 = ADVANCED_FACE('',(#3471),#3490,.T.);
#3471 = FACE_BOUND('',#3472,.T.);
#3472 = EDGE_LOOP('',(#3473,#3481,#3488,#3489));
#3473 = ORIENTED_EDGE('',*,*,#3474,.T.);
#3474 = EDGE_CURVE('',#152,#3475,#3477,.T.);
#3475 = VERTEX_POINT('',#3476);
#3476 = CARTESIAN_POINT('',(16.6,5.41455,-2.5));
#3477 = LINE('',#3478,#3479);
#3478 = CARTESIAN_POINT('',(16.6,5.41455,0.));
#3479 = VECTOR('',#3480,1.);
#3480 = DIRECTION('',(-0.,-0.,-1.));
#3481 = ORIENTED_EDGE('',*,*,#3482,.T.);
#3482 = EDGE_CURVE('',#3475,#3426,#3483,.T.);
#3483 = CIRCLE('',#3484,0.48545);
#3484 = AXIS2_PLACEMENT_3D('',#3485,#3486,#3487);
#3485 = CARTESIAN_POINT('',(16.11455,5.41455,-2.5));
#3486 = DIRECTION('',(0.,0.,1.));
#3487 = DIRECTION('',(1.,0.,0.));
#3488 = ORIENTED_EDGE('',*,*,#3425,.F.);
#3489 = ORIENTED_EDGE('',*,*,#159,.F.);
#3490 = CYLINDRICAL_SURFACE('',#3491,0.48545);
#3491 = AXIS2_PLACEMENT_3D('',#3492,#3493,#3494);
#3492 = CARTESIAN_POINT('',(16.11455,5.41455,0.));
#3493 = DIRECTION('',(0.,0.,1.));
#3494 = DIRECTION('',(1.,0.,0.));
#3495 = ADVANCED_FACE('',(#3496),#3507,.T.);
#3496 = FACE_BOUND('',#3497,.T.);
#3497 = EDGE_LOOP('',(#3498,#3499,#3500,#3501));
#3498 = ORIENTED_EDGE('',*,*,#3474,.F.);
#3499 = ORIENTED_EDGE('',*,*,#151,.T.);
#3500 = ORIENTED_EDGE('',*,*,#3459,.T.);
#3501 = ORIENTED_EDGE('',*,*,#3502,.T.);
#3502 = EDGE_CURVE('',#3451,#3475,#3503,.T.);
#3503 = LINE('',#3504,#3505);
#3504 = CARTESIAN_POINT('',(16.6,0.,-2.5));
#3505 = VECTOR('',#3506,1.);
#3506 = DIRECTION('',(0.,1.,0.));
#3507 = PLANE('',#3508);
#3508 = AXIS2_PLACEMENT_3D('',#3509,#3510,#3511);
#3509 = CARTESIAN_POINT('',(16.6,7.E-17,-1.25));
#3510 = DIRECTION('',(1.,0.,0.));
#3511 = DIRECTION('',(0.,0.,1.));
#3512 = ADVANCED_FACE('',(#3513),#3538,.F.);
#3513 = FACE_BOUND('',#3514,.F.);
#3514 = EDGE_LOOP('',(#3515,#3525,#3531,#3532));
#3515 = ORIENTED_EDGE('',*,*,#3516,.F.);
#3516 = EDGE_CURVE('',#3517,#3519,#3521,.T.);
#3517 = VERTEX_POINT('',#3518);
#3518 = CARTESIAN_POINT('',(-5.8499999,-7.,-0.2));
#3519 = VERTEX_POINT('',#3520);
#3520 = CARTESIAN_POINT('',(-5.154641978488,-6.061900436047,-0.2));
#3521 = LINE('',#3522,#3523);
#3522 = CARTESIAN_POINT('',(-5.8499999,-7.,-0.2));
#3523 = VECTOR('',#3524,1.);
#3524 = DIRECTION('',(0.595487056727,0.803364901692,0.));
#3525 = ORIENTED_EDGE('',*,*,#3526,.T.);
#3526 = EDGE_CURVE('',#3517,#256,#3527,.T.);
#3527 = LINE('',#3528,#3529);
#3528 = CARTESIAN_POINT('',(-5.8499999,-7.,-0.2));
#3529 = VECTOR('',#3530,1.);
#3530 = DIRECTION('',(0.,0.,1.));
#3531 = ORIENTED_EDGE('',*,*,#253,.F.);
#3532 = ORIENTED_EDGE('',*,*,#3533,.F.);
#3533 = EDGE_CURVE('',#3519,#254,#3534,.T.);
#3534 = LINE('',#3535,#3536);
#3535 = CARTESIAN_POINT('',(-5.154641978488,-6.061900436047,-0.2));
#3536 = VECTOR('',#3537,1.);
#3537 = DIRECTION('',(0.,0.,1.));
#3538 = PLANE('',#3539);
#3539 = AXIS2_PLACEMENT_3D('',#3540,#3541,#3542);
#3540 = CARTESIAN_POINT('',(-5.8499999,-7.,-0.2));
#3541 = DIRECTION('',(-0.803364901692,0.595487056727,0.));
#3542 = DIRECTION('',(0.595487056727,0.803364901692,0.));
#3543 = ADVANCED_FACE('',(#3544),#3562,.F.);
#3544 = FACE_BOUND('',#3545,.F.);
#3545 = EDGE_LOOP('',(#3546,#3554,#3560,#3561));
#3546 = ORIENTED_EDGE('',*,*,#3547,.F.);
#3547 = EDGE_CURVE('',#3548,#3517,#3550,.T.);
#3548 = VERTEX_POINT('',#3549);
#3549 = CARTESIAN_POINT('',(-5.564253170349,-7.,-0.2));
#3550 = LINE('',#3551,#3552);
#3551 = CARTESIAN_POINT('',(-5.564253170349,-7.,-0.2));
#3552 = VECTOR('',#3553,1.);
#3553 = DIRECTION('',(-1.,0.,0.));
#3554 = ORIENTED_EDGE('',*,*,#3555,.T.);
#3555 = EDGE_CURVE('',#3548,#378,#3556,.T.);
#3556 = LINE('',#3557,#3558);
#3557 = CARTESIAN_POINT('',(-5.564253170349,-7.,-0.2));
#3558 = VECTOR('',#3559,1.);
#3559 = DIRECTION('',(0.,0.,1.));
#3560 = ORIENTED_EDGE('',*,*,#385,.F.);
#3561 = ORIENTED_EDGE('',*,*,#3526,.F.);
#3562 = PLANE('',#3563);
#3563 = AXIS2_PLACEMENT_3D('',#3564,#3565,#3566);
#3564 = CARTESIAN_POINT('',(-5.564253170349,-7.,-0.2));
#3565 = DIRECTION('',(0.,-1.,0.));
#3566 = DIRECTION('',(-1.,0.,0.));
#3567 = ADVANCED_FACE('',(#3568),#3586,.F.);
#3568 = FACE_BOUND('',#3569,.F.);
#3569 = EDGE_LOOP('',(#3570,#3578,#3584,#3585));
#3570 = ORIENTED_EDGE('',*,*,#3571,.F.);
#3571 = EDGE_CURVE('',#3572,#3548,#3574,.T.);
#3572 = VERTEX_POINT('',#3573);
#3573 = CARTESIAN_POINT('',(-5.112945030814,-6.37331940407,-0.2));
#3574 = LINE('',#3575,#3576);
#3575 = CARTESIAN_POINT('',(-5.112945030814,-6.37331940407,-0.2));
#3576 = VECTOR('',#3577,1.);
#3577 = DIRECTION('',(-0.584388390386,-0.811474096433,0.));
#3578 = ORIENTED_EDGE('',*,*,#3579,.T.);
#3579 = EDGE_CURVE('',#3572,#367,#3580,.T.);
#3580 = LINE('',#3581,#3582);
#3581 = CARTESIAN_POINT('',(-5.112945030814,-6.37331940407,-0.2));
#3582 = VECTOR('',#3583,1.);
#3583 = DIRECTION('',(0.,0.,1.));
#3584 = ORIENTED_EDGE('',*,*,#377,.F.);
#3585 = ORIENTED_EDGE('',*,*,#3555,.F.);
#3586 = PLANE('',#3587);
#3587 = AXIS2_PLACEMENT_3D('',#3588,#3589,#3590);
#3588 = CARTESIAN_POINT('',(-5.112945030814,-6.37331940407,-0.2));
#3589 = DIRECTION('',(0.811474096433,-0.584388390386,0.));
#3590 = DIRECTION('',(-0.584388390386,-0.811474096433,0.));
#3591 = ADVANCED_FACE('',(#3592),#3610,.F.);
#3592 = FACE_BOUND('',#3593,.F.);
#3593 = EDGE_LOOP('',(#3594,#3602,#3608,#3609));
#3594 = ORIENTED_EDGE('',*,*,#3595,.F.);
#3595 = EDGE_CURVE('',#3596,#3572,#3598,.T.);
#3596 = VERTEX_POINT('',#3597);
#3597 = CARTESIAN_POINT('',(-5.027098373837,-6.238417514535,-0.2));
#3598 = B_SPLINE_CURVE_WITH_KNOTS('',2,(#3599,#3600,#3601),
  .UNSPECIFIED.,.F.,.F.,(3,3),(0.,1.),.PIECEWISE_BEZIER_KNOTS.);
#3599 = CARTESIAN_POINT('',(-5.027098373837,-6.238417514535,-0.2));
#3600 = CARTESIAN_POINT('',(-5.087191033721,-6.336527979651,-0.2));
#3601 = CARTESIAN_POINT('',(-5.112945030814,-6.37331940407,-0.2));
#3602 = ORIENTED_EDGE('',*,*,#3603,.T.);
#3603 = EDGE_CURVE('',#3596,#357,#3604,.T.);
#3604 = LINE('',#3605,#3606);
#3605 = CARTESIAN_POINT('',(-5.027098373837,-6.238417514535,-0.2));
#3606 = VECTOR('',#3607,1.);
#3607 = DIRECTION('',(0.,0.,1.));
#3608 = ORIENTED_EDGE('',*,*,#366,.F.);
#3609 = ORIENTED_EDGE('',*,*,#3579,.F.);
#3610 = SURFACE_OF_LINEAR_EXTRUSION('',#3611,#3615);
#3611 = B_SPLINE_CURVE_WITH_KNOTS('',2,(#3612,#3613,#3614),
  .UNSPECIFIED.,.F.,.F.,(3,3),(0.,1.),.PIECEWISE_BEZIER_KNOTS.);
#3612 = CARTESIAN_POINT('',(-5.027098373837,-6.238417514535,-0.2));
#3613 = CARTESIAN_POINT('',(-5.087191033721,-6.336527979651,-0.2));
#3614 = CARTESIAN_POINT('',(-5.112945030814,-6.37331940407,-0.2));
#3615 = VECTOR('',#3616,1.);
#3616 = DIRECTION('',(-0.,-0.,-1.));
#3617 = ADVANCED_FACE('',(#3618),#3636,.F.);
#3618 = FACE_BOUND('',#3619,.F.);
#3619 = EDGE_LOOP('',(#3620,#3628,#3634,#3635));
#3620 = ORIENTED_EDGE('',*,*,#3621,.F.);
#3621 = EDGE_CURVE('',#3622,#3596,#3624,.T.);
#3622 = VERTEX_POINT('',#3623);
#3623 = CARTESIAN_POINT('',(-4.948610001744,-6.358602834302,-0.2));
#3624 = B_SPLINE_CURVE_WITH_KNOTS('',2,(#3625,#3626,#3627),
  .UNSPECIFIED.,.F.,.F.,(3,3),(0.,1.),.PIECEWISE_BEZIER_KNOTS.);
#3625 = CARTESIAN_POINT('',(-4.948610001744,-6.358602834302,-0.2));
#3626 = CARTESIAN_POINT('',(-4.986627806977,-6.303415697674,-0.2));
#3627 = CARTESIAN_POINT('',(-5.027098373837,-6.238417514535,-0.2));
#3628 = ORIENTED_EDGE('',*,*,#3629,.T.);
#3629 = EDGE_CURVE('',#3622,#349,#3630,.T.);
#3630 = LINE('',#3631,#3632);
#3631 = CARTESIAN_POINT('',(-4.948610001744,-6.358602834302,-0.2));
#3632 = VECTOR('',#3633,1.);
#3633 = DIRECTION('',(0.,0.,1.));
#3634 = ORIENTED_EDGE('',*,*,#356,.F.);
#3635 = ORIENTED_EDGE('',*,*,#3603,.F.);
#3636 = SURFACE_OF_LINEAR_EXTRUSION('',#3637,#3641);
#3637 = B_SPLINE_CURVE_WITH_KNOTS('',2,(#3638,#3639,#3640),
  .UNSPECIFIED.,.F.,.F.,(3,3),(0.,1.),.PIECEWISE_BEZIER_KNOTS.);
#3638 = CARTESIAN_POINT('',(-4.948610001744,-6.358602834302,-0.2));
#3639 = CARTESIAN_POINT('',(-4.986627806977,-6.303415697674,-0.2));
#3640 = CARTESIAN_POINT('',(-5.027098373837,-6.238417514535,-0.2));
#3641 = VECTOR('',#3642,1.);
#3642 = DIRECTION('',(-0.,-0.,-1.));
#3643 = ADVANCED_FACE('',(#3644),#3662,.F.);
#3644 = FACE_BOUND('',#3645,.F.);
#3645 = EDGE_LOOP('',(#3646,#3654,#3660,#3661));
#3646 = ORIENTED_EDGE('',*,*,#3647,.F.);
#3647 = EDGE_CURVE('',#3648,#3622,#3650,.T.);
#3648 = VERTEX_POINT('',#3649);
#3649 = CARTESIAN_POINT('',(-4.496075481395,-7.,-0.2));
#3650 = LINE('',#3651,#3652);
#3651 = CARTESIAN_POINT('',(-4.496075481395,-7.,-0.2));
#3652 = VECTOR('',#3653,1.);
#3653 = DIRECTION('',(-0.576499167389,0.817097735892,0.));
#3654 = ORIENTED_EDGE('',*,*,#3655,.T.);
#3655 = EDGE_CURVE('',#3648,#341,#3656,.T.);
#3656 = LINE('',#3657,#3658);
#3657 = CARTESIAN_POINT('',(-4.496075481395,-7.,-0.2));
#3658 = VECTOR('',#3659,1.);
#3659 = DIRECTION('',(0.,0.,1.));
#3660 = ORIENTED_EDGE('',*,*,#348,.F.);
#3661 = ORIENTED_EDGE('',*,*,#3629,.F.);
#3662 = PLANE('',#3663);
#3663 = AXIS2_PLACEMENT_3D('',#3664,#3665,#3666);
#3664 = CARTESIAN_POINT('',(-4.496075481395,-7.,-0.2));
#3665 = DIRECTION('',(-0.817097735892,-0.576499167389,0.));
#3666 = DIRECTION('',(-0.576499167389,0.817097735892,0.));
#3667 = ADVANCED_FACE('',(#3668),#3686,.F.);
#3668 = FACE_BOUND('',#3669,.F.);
#3669 = EDGE_LOOP('',(#3670,#3678,#3684,#3685));
#3670 = ORIENTED_EDGE('',*,*,#3671,.F.);
#3671 = EDGE_CURVE('',#3672,#3648,#3674,.T.);
#3672 = VERTEX_POINT('',#3673);
#3673 = CARTESIAN_POINT('',(-4.201744086047,-7.,-0.2));
#3674 = LINE('',#3675,#3676);
#3675 = CARTESIAN_POINT('',(-4.201744086047,-7.,-0.2));
#3676 = VECTOR('',#3677,1.);
#3677 = DIRECTION('',(-1.,0.,0.));
#3678 = ORIENTED_EDGE('',*,*,#3679,.T.);
#3679 = EDGE_CURVE('',#3672,#333,#3680,.T.);
#3680 = LINE('',#3681,#3682);
#3681 = CARTESIAN_POINT('',(-4.201744086047,-7.,-0.2));
#3682 = VECTOR('',#3683,1.);
#3683 = DIRECTION('',(0.,0.,1.));
#3684 = ORIENTED_EDGE('',*,*,#340,.F.);
#3685 = ORIENTED_EDGE('',*,*,#3655,.F.);
#3686 = PLANE('',#3687);
#3687 = AXIS2_PLACEMENT_3D('',#3688,#3689,#3690);
#3688 = CARTESIAN_POINT('',(-4.201744086047,-7.,-0.2));
#3689 = DIRECTION('',(0.,-1.,0.));
#3690 = DIRECTION('',(-1.,0.,0.));
#3691 = ADVANCED_FACE('',(#3692),#3710,.F.);
#3692 = FACE_BOUND('',#3693,.F.);
#3693 = EDGE_LOOP('',(#3694,#3702,#3708,#3709));
#3694 = ORIENTED_EDGE('',*,*,#3695,.F.);
#3695 = EDGE_CURVE('',#3696,#3672,#3698,.T.);
#3696 = VERTEX_POINT('',#3697);
#3697 = CARTESIAN_POINT('',(-4.882385437791,-6.048410247093,-0.2));
#3698 = LINE('',#3699,#3700);
#3699 = CARTESIAN_POINT('',(-4.882385437791,-6.048410247093,-0.2));
#3700 = VECTOR('',#3701,1.);
#3701 = DIRECTION('',(0.581766907056,-0.813355559306,0.));
#3702 = ORIENTED_EDGE('',*,*,#3703,.T.);
#3703 = EDGE_CURVE('',#3696,#325,#3704,.T.);
#3704 = LINE('',#3705,#3706);
#3705 = CARTESIAN_POINT('',(-4.882385437791,-6.048410247093,-0.2));
#3706 = VECTOR('',#3707,1.);
#3707 = DIRECTION('',(0.,0.,1.));
#3708 = ORIENTED_EDGE('',*,*,#332,.F.);
#3709 = ORIENTED_EDGE('',*,*,#3679,.F.);
#3710 = PLANE('',#3711);
#3711 = AXIS2_PLACEMENT_3D('',#3712,#3713,#3714);
#3712 = CARTESIAN_POINT('',(-4.882385437791,-6.048410247093,-0.2));
#3713 = DIRECTION('',(0.813355559306,0.581766907056,0.));
#3714 = DIRECTION('',(0.581766907056,-0.813355559306,0.));
#3715 = ADVANCED_FACE('',(#3716),#3734,.F.);
#3716 = FACE_BOUND('',#3717,.F.);
#3717 = EDGE_LOOP('',(#3718,#3726,#3732,#3733));
#3718 = ORIENTED_EDGE('',*,*,#3719,.F.);
#3719 = EDGE_CURVE('',#3720,#3696,#3722,.T.);
#3720 = VERTEX_POINT('',#3721);
#3721 = CARTESIAN_POINT('',(-4.250799318605,-5.2,-0.2));
#3722 = LINE('',#3723,#3724);
#3723 = CARTESIAN_POINT('',(-4.250799318605,-5.2,-0.2));
#3724 = VECTOR('',#3725,1.);
#3725 = DIRECTION('',(-0.597139181737,-0.802137642574,0.));
#3726 = ORIENTED_EDGE('',*,*,#3727,.T.);
#3727 = EDGE_CURVE('',#3720,#317,#3728,.T.);
#3728 = LINE('',#3729,#3730);
#3729 = CARTESIAN_POINT('',(-4.250799318605,-5.2,-0.2));
#3730 = VECTOR('',#3731,1.);
#3731 = DIRECTION('',(0.,0.,1.));
#3732 = ORIENTED_EDGE('',*,*,#324,.F.);
#3733 = ORIENTED_EDGE('',*,*,#3703,.F.);
#3734 = PLANE('',#3735);
#3735 = AXIS2_PLACEMENT_3D('',#3736,#3737,#3738);
#3736 = CARTESIAN_POINT('',(-4.250799318605,-5.2,-0.2));
#3737 = DIRECTION('',(0.802137642574,-0.597139181737,0.));
#3738 = DIRECTION('',(-0.597139181737,-0.802137642574,0.));
#3739 = ADVANCED_FACE('',(#3740),#3758,.F.);
#3740 = FACE_BOUND('',#3741,.F.);
#3741 = EDGE_LOOP('',(#3742,#3750,#3756,#3757));
#3742 = ORIENTED_EDGE('',*,*,#3743,.F.);
#3743 = EDGE_CURVE('',#3744,#3720,#3746,.T.);
#3744 = VERTEX_POINT('',#3745);
#3745 = CARTESIAN_POINT('',(-4.509565670349,-5.2,-0.2));
#3746 = LINE('',#3747,#3748);
#3747 = CARTESIAN_POINT('',(-4.509565670349,-5.2,-0.2));
#3748 = VECTOR('',#3749,1.);
#3749 = DIRECTION('',(1.,0.,0.));
#3750 = ORIENTED_EDGE('',*,*,#3751,.T.);
#3751 = EDGE_CURVE('',#3744,#309,#3752,.T.);
#3752 = LINE('',#3753,#3754);
#3753 = CARTESIAN_POINT('',(-4.509565670349,-5.2,-0.2));
#3754 = VECTOR('',#3755,1.);
#3755 = DIRECTION('',(0.,0.,1.));
#3756 = ORIENTED_EDGE('',*,*,#316,.F.);
#3757 = ORIENTED_EDGE('',*,*,#3727,.F.);
#3758 = PLANE('',#3759);
#3759 = AXIS2_PLACEMENT_3D('',#3760,#3761,#3762);
#3760 = CARTESIAN_POINT('',(-4.509565670349,-5.2,-0.2));
#3761 = DIRECTION('',(0.,1.,0.));
#3762 = DIRECTION('',(1.,0.,0.));
#3763 = ADVANCED_FACE('',(#3764),#3782,.F.);
#3764 = FACE_BOUND('',#3765,.F.);
#3765 = EDGE_LOOP('',(#3766,#3774,#3780,#3781));
#3766 = ORIENTED_EDGE('',*,*,#3767,.F.);
#3767 = EDGE_CURVE('',#3768,#3744,#3770,.T.);
#3768 = VERTEX_POINT('',#3769);
#3769 = CARTESIAN_POINT('',(-4.871348010465,-5.677062136628,-0.2));
#3770 = LINE('',#3771,#3772);
#3771 = CARTESIAN_POINT('',(-4.871348010465,-5.677062136628,-0.2));
#3772 = VECTOR('',#3773,1.);
#3773 = DIRECTION('',(0.604251979837,0.796793288666,0.));
#3774 = ORIENTED_EDGE('',*,*,#3775,.T.);
#3775 = EDGE_CURVE('',#3768,#299,#3776,.T.);
#3776 = LINE('',#3777,#3778);
#3777 = CARTESIAN_POINT('',(-4.871348010465,-5.677062136628,-0.2));
#3778 = VECTOR('',#3779,1.);
#3779 = DIRECTION('',(0.,0.,1.));
#3780 = ORIENTED_EDGE('',*,*,#308,.F.);
#3781 = ORIENTED_EDGE('',*,*,#3751,.F.);
#3782 = PLANE('',#3783);
#3783 = AXIS2_PLACEMENT_3D('',#3784,#3785,#3786);
#3784 = CARTESIAN_POINT('',(-4.871348010465,-5.677062136628,-0.2));
#3785 = DIRECTION('',(-0.796793288666,0.604251979837,0.));
#3786 = DIRECTION('',(0.604251979837,0.796793288666,0.));
#3787 = ADVANCED_FACE('',(#3788),#3806,.F.);
#3788 = FACE_BOUND('',#3789,.F.);
#3789 = EDGE_LOOP('',(#3790,#3798,#3804,#3805));
#3790 = ORIENTED_EDGE('',*,*,#3791,.F.);
#3791 = EDGE_CURVE('',#3792,#3768,#3794,.T.);
#3792 = VERTEX_POINT('',#3793);
#3793 = CARTESIAN_POINT('',(-5.013608184884,-5.881867732558,-0.2));
#3794 = B_SPLINE_CURVE_WITH_KNOTS('',2,(#3795,#3796,#3797),
  .UNSPECIFIED.,.F.,.F.,(3,3),(0.,1.),.PIECEWISE_BEZIER_KNOTS.);
#3795 = CARTESIAN_POINT('',(-5.013608184884,-5.881867732558,-0.2));
#3796 = CARTESIAN_POINT('',(-4.953515525,-5.783757267442,-0.2));
#3797 = CARTESIAN_POINT('',(-4.871348010465,-5.677062136628,-0.2));
#3798 = ORIENTED_EDGE('',*,*,#3799,.T.);
#3799 = EDGE_CURVE('',#3792,#288,#3800,.T.);
#3800 = LINE('',#3801,#3802);
#3801 = CARTESIAN_POINT('',(-5.013608184884,-5.881867732558,-0.2));
#3802 = VECTOR('',#3803,1.);
#3803 = DIRECTION('',(0.,0.,1.));
#3804 = ORIENTED_EDGE('',*,*,#298,.F.);
#3805 = ORIENTED_EDGE('',*,*,#3775,.F.);
#3806 = SURFACE_OF_LINEAR_EXTRUSION('',#3807,#3811);
#3807 = B_SPLINE_CURVE_WITH_KNOTS('',2,(#3808,#3809,#3810),
  .UNSPECIFIED.,.F.,.F.,(3,3),(0.,1.),.PIECEWISE_BEZIER_KNOTS.);
#3808 = CARTESIAN_POINT('',(-5.013608184884,-5.881867732558,-0.2));
#3809 = CARTESIAN_POINT('',(-4.953515525,-5.783757267442,-0.2));
#3810 = CARTESIAN_POINT('',(-4.871348010465,-5.677062136628,-0.2));
#3811 = VECTOR('',#3812,1.);
#3812 = DIRECTION('',(-0.,-0.,-1.));
#3813 = ADVANCED_FACE('',(#3814),#3832,.F.);
#3814 = FACE_BOUND('',#3815,.F.);
#3815 = EDGE_LOOP('',(#3816,#3824,#3830,#3831));
#3816 = ORIENTED_EDGE('',*,*,#3817,.F.);
#3817 = EDGE_CURVE('',#3818,#3792,#3820,.T.);
#3818 = VERTEX_POINT('',#3819);
#3819 = CARTESIAN_POINT('',(-5.15832112093,-5.661119186047,-0.2));
#3820 = B_SPLINE_CURVE_WITH_KNOTS('',2,(#3821,#3822,#3823),
  .UNSPECIFIED.,.F.,.F.,(3,3),(0.,1.),.PIECEWISE_BEZIER_KNOTS.);
#3821 = CARTESIAN_POINT('',(-5.15832112093,-5.661119186047,-0.2));
#3822 = CARTESIAN_POINT('',(-5.056531513372,-5.804605741279,-0.2));
#3823 = CARTESIAN_POINT('',(-5.013608184884,-5.881867732558,-0.2));
#3824 = ORIENTED_EDGE('',*,*,#3825,.T.);
#3825 = EDGE_CURVE('',#3818,#280,#3826,.T.);
#3826 = LINE('',#3827,#3828);
#3827 = CARTESIAN_POINT('',(-5.15832112093,-5.661119186047,-0.2));
#3828 = VECTOR('',#3829,1.);
#3829 = DIRECTION('',(0.,0.,1.));
#3830 = ORIENTED_EDGE('',*,*,#287,.F.);
#3831 = ORIENTED_EDGE('',*,*,#3799,.F.);
#3832 = SURFACE_OF_LINEAR_EXTRUSION('',#3833,#3837);
#3833 = B_SPLINE_CURVE_WITH_KNOTS('',2,(#3834,#3835,#3836),
  .UNSPECIFIED.,.F.,.F.,(3,3),(0.,1.),.PIECEWISE_BEZIER_KNOTS.);
#3834 = CARTESIAN_POINT('',(-5.15832112093,-5.661119186047,-0.2));
#3835 = CARTESIAN_POINT('',(-5.056531513372,-5.804605741279,-0.2));
#3836 = CARTESIAN_POINT('',(-5.013608184884,-5.881867732558,-0.2));
#3837 = VECTOR('',#3838,1.);
#3838 = DIRECTION('',(-0.,-0.,-1.));
#3839 = ADVANCED_FACE('',(#3840),#3858,.F.);
#3840 = FACE_BOUND('',#3841,.F.);
#3841 = EDGE_LOOP('',(#3842,#3850,#3856,#3857));
#3842 = ORIENTED_EDGE('',*,*,#3843,.F.);
#3843 = EDGE_CURVE('',#3844,#3818,#3846,.T.);
#3844 = VERTEX_POINT('',#3845);
#3845 = CARTESIAN_POINT('',(-5.484538417442,-5.2,-0.2));
#3846 = LINE('',#3847,#3848);
#3847 = CARTESIAN_POINT('',(-5.484538417442,-5.2,-0.2));
#3848 = VECTOR('',#3849,1.);
#3849 = DIRECTION('',(0.577535312124,-0.816365704356,0.));
#3850 = ORIENTED_EDGE('',*,*,#3851,.T.);
#3851 = EDGE_CURVE('',#3844,#272,#3852,.T.);
#3852 = LINE('',#3853,#3854);
#3853 = CARTESIAN_POINT('',(-5.484538417442,-5.2,-0.2));
#3854 = VECTOR('',#3855,1.);
#3855 = DIRECTION('',(0.,0.,1.));
#3856 = ORIENTED_EDGE('',*,*,#279,.F.);
#3857 = ORIENTED_EDGE('',*,*,#3825,.F.);
#3858 = PLANE('',#3859);
#3859 = AXIS2_PLACEMENT_3D('',#3860,#3861,#3862);
#3860 = CARTESIAN_POINT('',(-5.484538417442,-5.2,-0.2));
#3861 = DIRECTION('',(0.816365704356,0.577535312124,0.));
#3862 = DIRECTION('',(0.577535312124,-0.816365704356,0.));
#3863 = ADVANCED_FACE('',(#3864),#3882,.F.);
#3864 = FACE_BOUND('',#3865,.F.);
#3865 = EDGE_LOOP('',(#3866,#3874,#3880,#3881));
#3866 = ORIENTED_EDGE('',*,*,#3867,.F.);
#3867 = EDGE_CURVE('',#3868,#3844,#3870,.T.);
#3868 = VERTEX_POINT('',#3869);
#3869 = CARTESIAN_POINT('',(-5.767832385465,-5.2,-0.2));
#3870 = LINE('',#3871,#3872);
#3871 = CARTESIAN_POINT('',(-5.767832385465,-5.2,-0.2));
#3872 = VECTOR('',#3873,1.);
#3873 = DIRECTION('',(1.,0.,0.));
#3874 = ORIENTED_EDGE('',*,*,#3875,.T.);
#3875 = EDGE_CURVE('',#3868,#264,#3876,.T.);
#3876 = LINE('',#3877,#3878);
#3877 = CARTESIAN_POINT('',(-5.767832385465,-5.2,-0.2));
#3878 = VECTOR('',#3879,1.);
#3879 = DIRECTION('',(0.,0.,1.));
#3880 = ORIENTED_EDGE('',*,*,#271,.F.);
#3881 = ORIENTED_EDGE('',*,*,#3851,.F.);
#3882 = PLANE('',#3883);
#3883 = AXIS2_PLACEMENT_3D('',#3884,#3885,#3886);
#3884 = CARTESIAN_POINT('',(-5.767832385465,-5.2,-0.2));
#3885 = DIRECTION('',(0.,1.,0.));
#3886 = DIRECTION('',(1.,0.,0.));
#3887 = ADVANCED_FACE('',(#3888),#3899,.F.);
#3888 = FACE_BOUND('',#3889,.F.);
#3889 = EDGE_LOOP('',(#3890,#3896,#3897,#3898));
#3890 = ORIENTED_EDGE('',*,*,#3891,.F.);
#3891 = EDGE_CURVE('',#3519,#3868,#3892,.T.);
#3892 = LINE('',#3893,#3894);
#3893 = CARTESIAN_POINT('',(-5.154641978488,-6.061900436047,-0.2));
#3894 = VECTOR('',#3895,1.);
#3895 = DIRECTION('',(-0.579701732799,0.814828755623,0.));
#3896 = ORIENTED_EDGE('',*,*,#3533,.T.);
#3897 = ORIENTED_EDGE('',*,*,#263,.F.);
#3898 = ORIENTED_EDGE('',*,*,#3875,.F.);
#3899 = PLANE('',#3900);
#3900 = AXIS2_PLACEMENT_3D('',#3901,#3902,#3903);
#3901 = CARTESIAN_POINT('',(-5.154641978488,-6.061900436047,-0.2));
#3902 = DIRECTION('',(-0.814828755623,-0.579701732799,0.));
#3903 = DIRECTION('',(-0.579701732799,0.814828755623,0.));
#3904 = ADVANCED_FACE('',(#3905),#3930,.F.);
#3905 = FACE_BOUND('',#3906,.F.);
#3906 = EDGE_LOOP('',(#3907,#3917,#3923,#3924));
#3907 = ORIENTED_EDGE('',*,*,#3908,.F.);
#3908 = EDGE_CURVE('',#3909,#3911,#3913,.T.);
#3909 = VERTEX_POINT('',#3910);
#3910 = CARTESIAN_POINT('',(-3.535410510465,-7.,-0.2));
#3911 = VERTEX_POINT('',#3912);
#3912 = CARTESIAN_POINT('',(-3.535410510465,-5.407994186047,-0.2));
#3913 = LINE('',#3914,#3915);
#3914 = CARTESIAN_POINT('',(-3.535410510465,-7.,-0.2));
#3915 = VECTOR('',#3916,1.);
#3916 = DIRECTION('',(0.,1.,0.));
#3917 = ORIENTED_EDGE('',*,*,#3918,.T.);
#3918 = EDGE_CURVE('',#3909,#396,#3919,.T.);
#3919 = LINE('',#3920,#3921);
#3920 = CARTESIAN_POINT('',(-3.535410510465,-7.,-0.2));
#3921 = VECTOR('',#3922,1.);
#3922 = DIRECTION('',(0.,0.,1.));
#3923 = ORIENTED_EDGE('',*,*,#393,.F.);
#3924 = ORIENTED_EDGE('',*,*,#3925,.F.);
#3925 = EDGE_CURVE('',#3911,#394,#3926,.T.);
#3926 = LINE('',#3927,#3928);
#3927 = CARTESIAN_POINT('',(-3.535410510465,-5.407994186047,-0.2));
#3928 = VECTOR('',#3929,1.);
#3929 = DIRECTION('',(0.,0.,1.));
#3930 = PLANE('',#3931);
#3931 = AXIS2_PLACEMENT_3D('',#3932,#3933,#3934);
#3932 = CARTESIAN_POINT('',(-3.535410510465,-7.,-0.2));
#3933 = DIRECTION('',(-1.,0.,0.));
#3934 = DIRECTION('',(0.,1.,0.));
#3935 = ADVANCED_FACE('',(#3936),#3954,.F.);
#3936 = FACE_BOUND('',#3937,.F.);
#3937 = EDGE_LOOP('',(#3938,#3946,#3952,#3953));
#3938 = ORIENTED_EDGE('',*,*,#3939,.F.);
#3939 = EDGE_CURVE('',#3940,#3909,#3942,.T.);
#3940 = VERTEX_POINT('',#3941);
#3941 = CARTESIAN_POINT('',(-3.297492632558,-7.,-0.2));
#3942 = LINE('',#3943,#3944);
#3943 = CARTESIAN_POINT('',(-3.297492632558,-7.,-0.2));
#3944 = VECTOR('',#3945,1.);
#3945 = DIRECTION('',(-1.,0.,0.));
#3946 = ORIENTED_EDGE('',*,*,#3947,.T.);
#3947 = EDGE_CURVE('',#3940,#444,#3948,.T.);
#3948 = LINE('',#3949,#3950);
#3949 = CARTESIAN_POINT('',(-3.297492632558,-7.,-0.2));
#3950 = VECTOR('',#3951,1.);
#3951 = DIRECTION('',(0.,0.,1.));
#3952 = ORIENTED_EDGE('',*,*,#451,.F.);
#3953 = ORIENTED_EDGE('',*,*,#3918,.F.);
#3954 = PLANE('',#3955);
#3955 = AXIS2_PLACEMENT_3D('',#3956,#3957,#3958);
#3956 = CARTESIAN_POINT('',(-3.297492632558,-7.,-0.2));
#3957 = DIRECTION('',(0.,-1.,0.));
#3958 = DIRECTION('',(-1.,0.,0.));
#3959 = ADVANCED_FACE('',(#3960),#3978,.F.);
#3960 = FACE_BOUND('',#3961,.F.);
#3961 = EDGE_LOOP('',(#3962,#3970,#3976,#3977));
#3962 = ORIENTED_EDGE('',*,*,#3963,.F.);
#3963 = EDGE_CURVE('',#3964,#3940,#3966,.T.);
#3964 = VERTEX_POINT('',#3965);
#3965 = CARTESIAN_POINT('',(-3.297492632558,-5.407994186047,-0.2));
#3966 = LINE('',#3967,#3968);
#3967 = CARTESIAN_POINT('',(-3.297492632558,-5.407994186047,-0.2));
#3968 = VECTOR('',#3969,1.);
#3969 = DIRECTION('',(0.,-1.,0.));
#3970 = ORIENTED_EDGE('',*,*,#3971,.T.);
#3971 = EDGE_CURVE('',#3964,#436,#3972,.T.);
#3972 = LINE('',#3973,#3974);
#3973 = CARTESIAN_POINT('',(-3.297492632558,-5.407994186047,-0.2));
#3974 = VECTOR('',#3975,1.);
#3975 = DIRECTION('',(0.,0.,1.));
#3976 = ORIENTED_EDGE('',*,*,#443,.F.);
#3977 = ORIENTED_EDGE('',*,*,#3947,.F.);
#3978 = PLANE('',#3979);
#3979 = AXIS2_PLACEMENT_3D('',#3980,#3981,#3982);
#3980 = CARTESIAN_POINT('',(-3.297492632558,-5.407994186047,-0.2));
#3981 = DIRECTION('',(1.,0.,0.));
#3982 = DIRECTION('',(0.,-1.,0.));
#3983 = ADVANCED_FACE('',(#3984),#4002,.F.);
#3984 = FACE_BOUND('',#3985,.F.);
#3985 = EDGE_LOOP('',(#3986,#3994,#4000,#4001));
#3986 = ORIENTED_EDGE('',*,*,#3987,.F.);
#3987 = EDGE_CURVE('',#3988,#3964,#3990,.T.);
#3988 = VERTEX_POINT('',#3989);
#3989 = CARTESIAN_POINT('',(-2.702697937791,-5.407994186047,-0.2));
#3990 = LINE('',#3991,#3992);
#3991 = CARTESIAN_POINT('',(-2.702697937791,-5.407994186047,-0.2));
#3992 = VECTOR('',#3993,1.);
#3993 = DIRECTION('',(-1.,0.,0.));
#3994 = ORIENTED_EDGE('',*,*,#3995,.T.);
#3995 = EDGE_CURVE('',#3988,#428,#3996,.T.);
#3996 = LINE('',#3997,#3998);
#3997 = CARTESIAN_POINT('',(-2.702697937791,-5.407994186047,-0.2));
#3998 = VECTOR('',#3999,1.);
#3999 = DIRECTION('',(0.,0.,1.));
#4000 = ORIENTED_EDGE('',*,*,#435,.F.);
#4001 = ORIENTED_EDGE('',*,*,#3971,.F.);
#4002 = PLANE('',#4003);
#4003 = AXIS2_PLACEMENT_3D('',#4004,#4005,#4006);
#4004 = CARTESIAN_POINT('',(-2.702697937791,-5.407994186047,-0.2));
#4005 = DIRECTION('',(0.,-1.,0.));
#4006 = DIRECTION('',(-1.,0.,0.));
#4007 = ADVANCED_FACE('',(#4008),#4026,.F.);
#4008 = FACE_BOUND('',#4009,.F.);
#4009 = EDGE_LOOP('',(#4010,#4018,#4024,#4025));
#4010 = ORIENTED_EDGE('',*,*,#4011,.F.);
#4011 = EDGE_CURVE('',#4012,#3988,#4014,.T.);
#4012 = VERTEX_POINT('',#4013);
#4013 = CARTESIAN_POINT('',(-2.702697937791,-5.2,-0.2));
#4014 = LINE('',#4015,#4016);
#4015 = CARTESIAN_POINT('',(-2.702697937791,-5.2,-0.2));
#4016 = VECTOR('',#4017,1.);
#4017 = DIRECTION('',(0.,-1.,0.));
#4018 = ORIENTED_EDGE('',*,*,#4019,.T.);
#4019 = EDGE_CURVE('',#4012,#420,#4020,.T.);
#4020 = LINE('',#4021,#4022);
#4021 = CARTESIAN_POINT('',(-2.702697937791,-5.2,-0.2));
#4022 = VECTOR('',#4023,1.);
#4023 = DIRECTION('',(0.,0.,1.));
#4024 = ORIENTED_EDGE('',*,*,#427,.F.);
#4025 = ORIENTED_EDGE('',*,*,#3995,.F.);
#4026 = PLANE('',#4027);
#4027 = AXIS2_PLACEMENT_3D('',#4028,#4029,#4030);
#4028 = CARTESIAN_POINT('',(-2.702697937791,-5.2,-0.2));
#4029 = DIRECTION('',(1.,0.,0.));
#4030 = DIRECTION('',(0.,-1.,0.));
#4031 = ADVANCED_FACE('',(#4032),#4050,.F.);
#4032 = FACE_BOUND('',#4033,.F.);
#4033 = EDGE_LOOP('',(#4034,#4042,#4048,#4049));
#4034 = ORIENTED_EDGE('',*,*,#4035,.F.);
#4035 = EDGE_CURVE('',#4036,#4012,#4038,.T.);
#4036 = VERTEX_POINT('',#4037);
#4037 = CARTESIAN_POINT('',(-4.127752443605,-5.2,-0.2));
#4038 = LINE('',#4039,#4040);
#4039 = CARTESIAN_POINT('',(-4.127752443605,-5.2,-0.2));
#4040 = VECTOR('',#4041,1.);
#4041 = DIRECTION('',(1.,0.,0.));
#4042 = ORIENTED_EDGE('',*,*,#4043,.T.);
#4043 = EDGE_CURVE('',#4036,#412,#4044,.T.);
#4044 = LINE('',#4045,#4046);
#4045 = CARTESIAN_POINT('',(-4.127752443605,-5.2,-0.2));
#4046 = VECTOR('',#4047,1.);
#4047 = DIRECTION('',(0.,0.,1.));
#4048 = ORIENTED_EDGE('',*,*,#419,.F.);
#4049 = ORIENTED_EDGE('',*,*,#4019,.F.);
#4050 = PLANE('',#4051);
#4051 = AXIS2_PLACEMENT_3D('',#4052,#4053,#4054);
#4052 = CARTESIAN_POINT('',(-4.127752443605,-5.2,-0.2));
#4053 = DIRECTION('',(0.,1.,0.));
#4054 = DIRECTION('',(1.,0.,0.));
#4055 = ADVANCED_FACE('',(#4056),#4074,.F.);
#4056 = FACE_BOUND('',#4057,.F.);
#4057 = EDGE_LOOP('',(#4058,#4066,#4072,#4073));
#4058 = ORIENTED_EDGE('',*,*,#4059,.F.);
#4059 = EDGE_CURVE('',#4060,#4036,#4062,.T.);
#4060 = VERTEX_POINT('',#4061);
#4061 = CARTESIAN_POINT('',(-4.127752443605,-5.407994186047,-0.2));
#4062 = LINE('',#4063,#4064);
#4063 = CARTESIAN_POINT('',(-4.127752443605,-5.407994186047,-0.2));
#4064 = VECTOR('',#4065,1.);
#4065 = DIRECTION('',(0.,1.,0.));
#4066 = ORIENTED_EDGE('',*,*,#4067,.T.);
#4067 = EDGE_CURVE('',#4060,#404,#4068,.T.);
#4068 = LINE('',#4069,#4070);
#4069 = CARTESIAN_POINT('',(-4.127752443605,-5.407994186047,-0.2));
#4070 = VECTOR('',#4071,1.);
#4071 = DIRECTION('',(0.,0.,1.));
#4072 = ORIENTED_EDGE('',*,*,#411,.F.);
#4073 = ORIENTED_EDGE('',*,*,#4043,.F.);
#4074 = PLANE('',#4075);
#4075 = AXIS2_PLACEMENT_3D('',#4076,#4077,#4078);
#4076 = CARTESIAN_POINT('',(-4.127752443605,-5.407994186047,-0.2));
#4077 = DIRECTION('',(-1.,0.,0.));
#4078 = DIRECTION('',(0.,1.,0.));
#4079 = ADVANCED_FACE('',(#4080),#4091,.F.);
#4080 = FACE_BOUND('',#4081,.F.);
#4081 = EDGE_LOOP('',(#4082,#4088,#4089,#4090));
#4082 = ORIENTED_EDGE('',*,*,#4083,.F.);
#4083 = EDGE_CURVE('',#3911,#4060,#4084,.T.);
#4084 = LINE('',#4085,#4086);
#4085 = CARTESIAN_POINT('',(-3.535410510465,-5.407994186047,-0.2));
#4086 = VECTOR('',#4087,1.);
#4087 = DIRECTION('',(-1.,0.,0.));
#4088 = ORIENTED_EDGE('',*,*,#3925,.T.);
#4089 = ORIENTED_EDGE('',*,*,#403,.F.);
#4090 = ORIENTED_EDGE('',*,*,#4067,.F.);
#4091 = PLANE('',#4092);
#4092 = AXIS2_PLACEMENT_3D('',#4093,#4094,#4095);
#4093 = CARTESIAN_POINT('',(-3.535410510465,-5.407994186047,-0.2));
#4094 = DIRECTION('',(0.,-1.,0.));
#4095 = DIRECTION('',(-1.,0.,0.));
#4096 = ADVANCED_FACE('',(#4097),#4122,.F.);
#4097 = FACE_BOUND('',#4098,.F.);
#4098 = EDGE_LOOP('',(#4099,#4109,#4115,#4116));
#4099 = ORIENTED_EDGE('',*,*,#4100,.F.);
#4100 = EDGE_CURVE('',#4101,#4103,#4105,.T.);
#4101 = VERTEX_POINT('',#4102);
#4102 = CARTESIAN_POINT('',(-1.403797138372,-5.638063226744,-0.2));
#4103 = VERTEX_POINT('',#4104);
#4104 = CARTESIAN_POINT('',(-1.62331930407,-5.65523255814,-0.2));
#4105 = LINE('',#4106,#4107);
#4106 = CARTESIAN_POINT('',(-1.403797138372,-5.638063226744,-0.2));
#4107 = VECTOR('',#4108,1.);
#4108 = DIRECTION('',(-0.996955380034,-7.797416380157E-02,0.));
#4109 = ORIENTED_EDGE('',*,*,#4110,.T.);
#4110 = EDGE_CURVE('',#4101,#462,#4111,.T.);
#4111 = LINE('',#4112,#4113);
#4112 = CARTESIAN_POINT('',(-1.403797138372,-5.638063226744,-0.2));
#4113 = VECTOR('',#4114,1.);
#4114 = DIRECTION('',(0.,0.,1.));
#4115 = ORIENTED_EDGE('',*,*,#459,.F.);
#4116 = ORIENTED_EDGE('',*,*,#4117,.F.);
#4117 = EDGE_CURVE('',#4103,#460,#4118,.T.);
#4118 = LINE('',#4119,#4120);
#4119 = CARTESIAN_POINT('',(-1.62331930407,-5.65523255814,-0.2));
#4120 = VECTOR('',#4121,1.);
#4121 = DIRECTION('',(0.,0.,1.));
#4122 = PLANE('',#4123);
#4123 = AXIS2_PLACEMENT_3D('',#4124,#4125,#4126);
#4124 = CARTESIAN_POINT('',(-1.403797138372,-5.638063226744,-0.2));
#4125 = DIRECTION('',(7.797416380157E-02,-0.996955380034,0.));
#4126 = DIRECTION('',(-0.996955380034,-7.797416380157E-02,0.));
#4127 = ADVANCED_FACE('',(#4128),#4146,.F.);
#4128 = FACE_BOUND('',#4129,.F.);
#4129 = EDGE_LOOP('',(#4130,#4138,#4144,#4145));
#4130 = ORIENTED_EDGE('',*,*,#4131,.F.);
#4131 = EDGE_CURVE('',#4132,#4101,#4134,.T.);
#4132 = VERTEX_POINT('',#4133);
#4133 = CARTESIAN_POINT('',(-1.566333475581,-5.308739098837,-0.2));
#4134 = B_SPLINE_CURVE_WITH_KNOTS('',2,(#4135,#4136,#4137),
  .UNSPECIFIED.,.F.,.F.,(3,3),(0.,1.),.PIECEWISE_BEZIER_KNOTS.);
#4135 = CARTESIAN_POINT('',(-1.566333475581,-5.308739098837,-0.2));
#4136 = CARTESIAN_POINT('',(-1.430777516279,-5.427943313953,-0.2));
#4137 = CARTESIAN_POINT('',(-1.403797138372,-5.638063226744,-0.2));
#4138 = ORIENTED_EDGE('',*,*,#4139,.T.);
#4139 = EDGE_CURVE('',#4132,#695,#4140,.T.);
#4140 = LINE('',#4141,#4142);
#4141 = CARTESIAN_POINT('',(-1.566333475581,-5.308739098837,-0.2));
#4142 = VECTOR('',#4143,1.);
#4143 = DIRECTION('',(0.,0.,1.));
#4144 = ORIENTED_EDGE('',*,*,#709,.F.);
#4145 = ORIENTED_EDGE('',*,*,#4110,.F.);
#4146 = SURFACE_OF_LINEAR_EXTRUSION('',#4147,#4151);
#4147 = B_SPLINE_CURVE_WITH_KNOTS('',2,(#4148,#4149,#4150),
  .UNSPECIFIED.,.F.,.F.,(3,3),(0.,1.),.PIECEWISE_BEZIER_KNOTS.);
#4148 = CARTESIAN_POINT('',(-1.566333475581,-5.308739098837,-0.2));
#4149 = CARTESIAN_POINT('',(-1.430777516279,-5.427943313953,-0.2));
#4150 = CARTESIAN_POINT('',(-1.403797138372,-5.638063226744,-0.2));
#4151 = VECTOR('',#4152,1.);
#4152 = DIRECTION('',(-0.,-0.,-1.));
#4153 = ADVANCED_FACE('',(#4154),#4172,.F.);
#4154 = FACE_BOUND('',#4155,.F.);
#4155 = EDGE_LOOP('',(#4156,#4164,#4170,#4171));
#4156 = ORIENTED_EDGE('',*,*,#4157,.F.);
#4157 = EDGE_CURVE('',#4158,#4132,#4160,.T.);
#4158 = VERTEX_POINT('',#4159);
#4159 = CARTESIAN_POINT('',(-1.913971556977,-5.189534883721,-0.2));
#4160 = B_SPLINE_CURVE_WITH_KNOTS('',2,(#4161,#4162,#4163),
  .UNSPECIFIED.,.F.,.F.,(3,3),(0.,1.),.PIECEWISE_BEZIER_KNOTS.);
#4161 = CARTESIAN_POINT('',(-1.913971556977,-5.189534883721,-0.2));
#4162 = CARTESIAN_POINT('',(-1.701807676163,-5.189534883721,-0.2));
#4163 = CARTESIAN_POINT('',(-1.566333475581,-5.308739098837,-0.2));
#4164 = ORIENTED_EDGE('',*,*,#4165,.T.);
#4165 = EDGE_CURVE('',#4158,#680,#4166,.T.);
#4166 = LINE('',#4167,#4168);
#4167 = CARTESIAN_POINT('',(-1.913971556977,-5.189534883721,-0.2));
#4168 = VECTOR('',#4169,1.);
#4169 = DIRECTION('',(0.,0.,1.));
#4170 = ORIENTED_EDGE('',*,*,#694,.F.);
#4171 = ORIENTED_EDGE('',*,*,#4139,.F.);
#4172 = SURFACE_OF_LINEAR_EXTRUSION('',#4173,#4177);
#4173 = B_SPLINE_CURVE_WITH_KNOTS('',2,(#4174,#4175,#4176),
  .UNSPECIFIED.,.F.,.F.,(3,3),(0.,1.),.PIECEWISE_BEZIER_KNOTS.);
#4174 = CARTESIAN_POINT('',(-1.913971556977,-5.189534883721,-0.2));
#4175 = CARTESIAN_POINT('',(-1.701807676163,-5.189534883721,-0.2));
#4176 = CARTESIAN_POINT('',(-1.566333475581,-5.308739098837,-0.2));
#4177 = VECTOR('',#4178,1.);
#4178 = DIRECTION('',(-0.,-0.,-1.));
#4179 = ADVANCED_FACE('',(#4180),#4198,.F.);
#4180 = FACE_BOUND('',#4181,.F.);
#4181 = EDGE_LOOP('',(#4182,#4190,#4196,#4197));
#4182 = ORIENTED_EDGE('',*,*,#4183,.F.);
#4183 = EDGE_CURVE('',#4184,#4158,#4186,.T.);
#4184 = VERTEX_POINT('',#4185);
#4185 = CARTESIAN_POINT('',(-2.366506077326,-5.396220930233,-0.2));
#4186 = B_SPLINE_CURVE_WITH_KNOTS('',2,(#4187,#4188,#4189),
  .UNSPECIFIED.,.F.,.F.,(3,3),(0.,1.),.PIECEWISE_BEZIER_KNOTS.);
#4187 = CARTESIAN_POINT('',(-2.366506077326,-5.396220930233,-0.2));
#4188 = CARTESIAN_POINT('',(-2.198491905814,-5.189534883721,-0.2));
#4189 = CARTESIAN_POINT('',(-1.913971556977,-5.189534883721,-0.2));
#4190 = ORIENTED_EDGE('',*,*,#4191,.T.);
#4191 = EDGE_CURVE('',#4184,#663,#4192,.T.);
#4192 = LINE('',#4193,#4194);
#4193 = CARTESIAN_POINT('',(-2.366506077326,-5.396220930233,-0.2));
#4194 = VECTOR('',#4195,1.);
#4195 = DIRECTION('',(0.,0.,1.));
#4196 = ORIENTED_EDGE('',*,*,#679,.F.);
#4197 = ORIENTED_EDGE('',*,*,#4165,.F.);
#4198 = SURFACE_OF_LINEAR_EXTRUSION('',#4199,#4203);
#4199 = B_SPLINE_CURVE_WITH_KNOTS('',2,(#4200,#4201,#4202),
  .UNSPECIFIED.,.F.,.F.,(3,3),(0.,1.),.PIECEWISE_BEZIER_KNOTS.);
#4200 = CARTESIAN_POINT('',(-2.366506077326,-5.396220930233,-0.2));
#4201 = CARTESIAN_POINT('',(-2.198491905814,-5.189534883721,-0.2));
#4202 = CARTESIAN_POINT('',(-1.913971556977,-5.189534883721,-0.2));
#4203 = VECTOR('',#4204,1.);
#4204 = DIRECTION('',(-0.,-0.,-1.));
#4205 = ADVANCED_FACE('',(#4206),#4224,.F.);
#4206 = FACE_BOUND('',#4207,.F.);
#4207 = EDGE_LOOP('',(#4208,#4216,#4222,#4223));
#4208 = ORIENTED_EDGE('',*,*,#4209,.F.);
#4209 = EDGE_CURVE('',#4210,#4184,#4212,.T.);
#4210 = VERTEX_POINT('',#4211);
#4211 = CARTESIAN_POINT('',(-2.559047865116,-6.156577034884,-0.2));
#4212 = B_SPLINE_CURVE_WITH_KNOTS('',2,(#4213,#4214,#4215),
  .UNSPECIFIED.,.F.,.F.,(3,3),(0.,1.),.PIECEWISE_BEZIER_KNOTS.);
#4213 = CARTESIAN_POINT('',(-2.559047865116,-6.156577034884,-0.2));
#4214 = CARTESIAN_POINT('',(-2.559047865116,-5.633730014535,-0.2));
#4215 = CARTESIAN_POINT('',(-2.366506077326,-5.396220930233,-0.2));
#4216 = ORIENTED_EDGE('',*,*,#4217,.T.);
#4217 = EDGE_CURVE('',#4210,#646,#4218,.T.);
#4218 = LINE('',#4219,#4220);
#4219 = CARTESIAN_POINT('',(-2.559047865116,-6.156577034884,-0.2));
#4220 = VECTOR('',#4221,1.);
#4221 = DIRECTION('',(0.,0.,1.));
#4222 = ORIENTED_EDGE('',*,*,#662,.F.);
#4223 = ORIENTED_EDGE('',*,*,#4191,.F.);
#4224 = SURFACE_OF_LINEAR_EXTRUSION('',#4225,#4229);
#4225 = B_SPLINE_CURVE_WITH_KNOTS('',2,(#4226,#4227,#4228),
  .UNSPECIFIED.,.F.,.F.,(3,3),(0.,1.),.PIECEWISE_BEZIER_KNOTS.);
#4226 = CARTESIAN_POINT('',(-2.559047865116,-6.156577034884,-0.2));
#4227 = CARTESIAN_POINT('',(-2.559047865116,-5.633730014535,-0.2));
#4228 = CARTESIAN_POINT('',(-2.366506077326,-5.396220930233,-0.2));
#4229 = VECTOR('',#4230,1.);
#4230 = DIRECTION('',(-0.,-0.,-1.));
#4231 = ADVANCED_FACE('',(#4232),#4250,.F.);
#4232 = FACE_BOUND('',#4233,.F.);
#4233 = EDGE_LOOP('',(#4234,#4242,#4248,#4249));
#4234 = ORIENTED_EDGE('',*,*,#4235,.F.);
#4235 = EDGE_CURVE('',#4236,#4210,#4238,.T.);
#4236 = VERTEX_POINT('',#4237);
#4237 = CARTESIAN_POINT('',(-2.384901789535,-6.827816133721,-0.2));
#4238 = B_SPLINE_CURVE_WITH_KNOTS('',2,(#4239,#4240,#4241),
  .UNSPECIFIED.,.F.,.F.,(3,3),(0.,1.),.PIECEWISE_BEZIER_KNOTS.);
#4239 = CARTESIAN_POINT('',(-2.384901789535,-6.827816133721,-0.2));
#4240 = CARTESIAN_POINT('',(-2.559047865116,-6.624155159884,-0.2));
#4241 = CARTESIAN_POINT('',(-2.559047865116,-6.156577034884,-0.2));
#4242 = ORIENTED_EDGE('',*,*,#4243,.T.);
#4243 = EDGE_CURVE('',#4236,#631,#4244,.T.);
#4244 = LINE('',#4245,#4246);
#4245 = CARTESIAN_POINT('',(-2.384901789535,-6.827816133721,-0.2));
#4246 = VECTOR('',#4247,1.);
#4247 = DIRECTION('',(0.,0.,1.));
#4248 = ORIENTED_EDGE('',*,*,#645,.F.);
#4249 = ORIENTED_EDGE('',*,*,#4217,.F.);
#4250 = SURFACE_OF_LINEAR_EXTRUSION('',#4251,#4255);
#4251 = B_SPLINE_CURVE_WITH_KNOTS('',2,(#4252,#4253,#4254),
  .UNSPECIFIED.,.F.,.F.,(3,3),(0.,1.),.PIECEWISE_BEZIER_KNOTS.);
#4252 = CARTESIAN_POINT('',(-2.384901789535,-6.827816133721,-0.2));
#4253 = CARTESIAN_POINT('',(-2.559047865116,-6.624155159884,-0.2));
#4254 = CARTESIAN_POINT('',(-2.559047865116,-6.156577034884,-0.2));
#4255 = VECTOR('',#4256,1.);
#4256 = DIRECTION('',(-0.,-0.,-1.));
#4257 = ADVANCED_FACE('',(#4258),#4276,.F.);
#4258 = FACE_BOUND('',#4259,.F.);
#4259 = EDGE_LOOP('',(#4260,#4268,#4274,#4275));
#4260 = ORIENTED_EDGE('',*,*,#4261,.F.);
#4261 = EDGE_CURVE('',#4262,#4236,#4264,.T.);
#4262 = VERTEX_POINT('',#4263);
#4263 = CARTESIAN_POINT('',(-1.934820030814,-7.031395348837,-0.2));
#4264 = B_SPLINE_CURVE_WITH_KNOTS('',2,(#4265,#4266,#4267),
  .UNSPECIFIED.,.F.,.F.,(3,3),(0.,1.),.PIECEWISE_BEZIER_KNOTS.);
#4265 = CARTESIAN_POINT('',(-1.934820030814,-7.031395348837,-0.2));
#4266 = CARTESIAN_POINT('',(-2.210755713953,-7.031395348837,-0.2));
#4267 = CARTESIAN_POINT('',(-2.384901789535,-6.827816133721,-0.2));
#4268 = ORIENTED_EDGE('',*,*,#4269,.T.);
#4269 = EDGE_CURVE('',#4262,#616,#4270,.T.);
#4270 = LINE('',#4271,#4272);
#4271 = CARTESIAN_POINT('',(-1.934820030814,-7.031395348837,-0.2));
#4272 = VECTOR('',#4273,1.);
#4273 = DIRECTION('',(0.,0.,1.));
#4274 = ORIENTED_EDGE('',*,*,#630,.F.);
#4275 = ORIENTED_EDGE('',*,*,#4243,.F.);
#4276 = SURFACE_OF_LINEAR_EXTRUSION('',#4277,#4281);
#4277 = B_SPLINE_CURVE_WITH_KNOTS('',2,(#4278,#4279,#4280),
  .UNSPECIFIED.,.F.,.F.,(3,3),(0.,1.),.PIECEWISE_BEZIER_KNOTS.);
#4278 = CARTESIAN_POINT('',(-1.934820030814,-7.031395348837,-0.2));
#4279 = CARTESIAN_POINT('',(-2.210755713953,-7.031395348837,-0.2));
#4280 = CARTESIAN_POINT('',(-2.384901789535,-6.827816133721,-0.2));
#4281 = VECTOR('',#4282,1.);
#4282 = DIRECTION('',(-0.,-0.,-1.));
#4283 = ADVANCED_FACE('',(#4284),#4302,.F.);
#4284 = FACE_BOUND('',#4285,.F.);
#4285 = EDGE_LOOP('',(#4286,#4294,#4300,#4301));
#4286 = ORIENTED_EDGE('',*,*,#4287,.F.);
#4287 = EDGE_CURVE('',#4288,#4262,#4290,.T.);
#4288 = VERTEX_POINT('',#4289);
#4289 = CARTESIAN_POINT('',(-1.645394158721,-6.953724563953,-0.2));
#4290 = B_SPLINE_CURVE_WITH_KNOTS('',2,(#4291,#4292,#4293),
  .UNSPECIFIED.,.F.,.F.,(3,3),(0.,1.),.PIECEWISE_BEZIER_KNOTS.);
#4291 = CARTESIAN_POINT('',(-1.645394158721,-6.953724563953,-0.2));
#4292 = CARTESIAN_POINT('',(-1.772937763372,-7.031395348837,-0.2));
#4293 = CARTESIAN_POINT('',(-1.934820030814,-7.031395348837,-0.2));
#4294 = ORIENTED_EDGE('',*,*,#4295,.T.);
#4295 = EDGE_CURVE('',#4288,#601,#4296,.T.);
#4296 = LINE('',#4297,#4298);
#4297 = CARTESIAN_POINT('',(-1.645394158721,-6.953724563953,-0.2));
#4298 = VECTOR('',#4299,1.);
#4299 = DIRECTION('',(0.,0.,1.));
#4300 = ORIENTED_EDGE('',*,*,#615,.F.);
#4301 = ORIENTED_EDGE('',*,*,#4269,.F.);
#4302 = SURFACE_OF_LINEAR_EXTRUSION('',#4303,#4307);
#4303 = B_SPLINE_CURVE_WITH_KNOTS('',2,(#4304,#4305,#4306),
  .UNSPECIFIED.,.F.,.F.,(3,3),(0.,1.),.PIECEWISE_BEZIER_KNOTS.);
#4304 = CARTESIAN_POINT('',(-1.645394158721,-6.953724563953,-0.2));
#4305 = CARTESIAN_POINT('',(-1.772937763372,-7.031395348837,-0.2));
#4306 = CARTESIAN_POINT('',(-1.934820030814,-7.031395348837,-0.2));
#4307 = VECTOR('',#4308,1.);
#4308 = DIRECTION('',(-0.,-0.,-1.));
#4309 = ADVANCED_FACE('',(#4310),#4328,.F.);
#4310 = FACE_BOUND('',#4311,.F.);
#4311 = EDGE_LOOP('',(#4312,#4320,#4326,#4327));
#4312 = ORIENTED_EDGE('',*,*,#4313,.F.);
#4313 = EDGE_CURVE('',#4314,#4288,#4316,.T.);
#4314 = VERTEX_POINT('',#4315);
#4315 = CARTESIAN_POINT('',(-1.444921775,-6.729950944767,-0.2));
#4316 = B_SPLINE_CURVE_WITH_KNOTS('',2,(#4317,#4318,#4319),
  .UNSPECIFIED.,.F.,.F.,(3,3),(0.,1.),.PIECEWISE_BEZIER_KNOTS.);
#4317 = CARTESIAN_POINT('',(-1.444921775,-6.729950944767,-0.2));
#4318 = CARTESIAN_POINT('',(-1.51785055407,-6.87605377907,-0.2));
#4319 = CARTESIAN_POINT('',(-1.645394158721,-6.953724563953,-0.2));
#4320 = ORIENTED_EDGE('',*,*,#4321,.T.);
#4321 = EDGE_CURVE('',#4314,#588,#4322,.T.);
#4322 = LINE('',#4323,#4324);
#4323 = CARTESIAN_POINT('',(-1.444921775,-6.729950944767,-0.2));
#4324 = VECTOR('',#4325,1.);
#4325 = DIRECTION('',(0.,0.,1.));
#4326 = ORIENTED_EDGE('',*,*,#600,.F.);
#4327 = ORIENTED_EDGE('',*,*,#4295,.F.);
#4328 = SURFACE_OF_LINEAR_EXTRUSION('',#4329,#4333);
#4329 = B_SPLINE_CURVE_WITH_KNOTS('',2,(#4330,#4331,#4332),
  .UNSPECIFIED.,.F.,.F.,(3,3),(0.,1.),.PIECEWISE_BEZIER_KNOTS.);
#4330 = CARTESIAN_POINT('',(-1.444921775,-6.729950944767,-0.2));
#4331 = CARTESIAN_POINT('',(-1.51785055407,-6.87605377907,-0.2));
#4332 = CARTESIAN_POINT('',(-1.645394158721,-6.953724563953,-0.2));
#4333 = VECTOR('',#4334,1.);
#4334 = DIRECTION('',(-0.,-0.,-1.));
#4335 = ADVANCED_FACE('',(#4336),#4354,.F.);
#4336 = FACE_BOUND('',#4337,.F.);
#4337 = EDGE_LOOP('',(#4338,#4346,#4352,#4353));
#4338 = ORIENTED_EDGE('',*,*,#4339,.F.);
#4339 = EDGE_CURVE('',#4340,#4314,#4342,.T.);
#4340 = VERTEX_POINT('',#4341);
#4341 = CARTESIAN_POINT('',(-1.371911237209,-6.413626453488,-0.2));
#4342 = B_SPLINE_CURVE_WITH_KNOTS('',2,(#4343,#4344,#4345),
  .UNSPECIFIED.,.F.,.F.,(3,3),(0.,1.),.PIECEWISE_BEZIER_KNOTS.);
#4343 = CARTESIAN_POINT('',(-1.371911237209,-6.413626453488,-0.2));
#4344 = CARTESIAN_POINT('',(-1.371911237209,-6.583766351744,-0.2));
#4345 = CARTESIAN_POINT('',(-1.444921775,-6.729950944767,-0.2));
#4346 = ORIENTED_EDGE('',*,*,#4347,.T.);
#4347 = EDGE_CURVE('',#4340,#573,#4348,.T.);
#4348 = LINE('',#4349,#4350);
#4349 = CARTESIAN_POINT('',(-1.371911237209,-6.413626453488,-0.2));
#4350 = VECTOR('',#4351,1.);
#4351 = DIRECTION('',(0.,0.,1.));
#4352 = ORIENTED_EDGE('',*,*,#587,.F.);
#4353 = ORIENTED_EDGE('',*,*,#4321,.F.);
#4354 = SURFACE_OF_LINEAR_EXTRUSION('',#4355,#4359);
#4355 = B_SPLINE_CURVE_WITH_KNOTS('',2,(#4356,#4357,#4358),
  .UNSPECIFIED.,.F.,.F.,(3,3),(0.,1.),.PIECEWISE_BEZIER_KNOTS.);
#4356 = CARTESIAN_POINT('',(-1.371911237209,-6.413626453488,-0.2));
#4357 = CARTESIAN_POINT('',(-1.371911237209,-6.583766351744,-0.2));
#4358 = CARTESIAN_POINT('',(-1.444921775,-6.729950944767,-0.2));
#4359 = VECTOR('',#4360,1.);
#4360 = DIRECTION('',(-0.,-0.,-1.));
#4361 = ADVANCED_FACE('',(#4362),#4380,.F.);
#4362 = FACE_BOUND('',#4363,.F.);
#4363 = EDGE_LOOP('',(#4364,#4372,#4378,#4379));
#4364 = ORIENTED_EDGE('',*,*,#4365,.F.);
#4365 = EDGE_CURVE('',#4366,#4340,#4368,.T.);
#4366 = VERTEX_POINT('',#4367);
#4367 = CARTESIAN_POINT('',(-1.527089289535,-5.991342659884,-0.2));
#4368 = B_SPLINE_CURVE_WITH_KNOTS('',2,(#4369,#4370,#4371),
  .UNSPECIFIED.,.F.,.F.,(3,3),(0.,1.),.PIECEWISE_BEZIER_KNOTS.);
#4369 = CARTESIAN_POINT('',(-1.527089289535,-5.991342659884,-0.2));
#4370 = CARTESIAN_POINT('',(-1.371911237209,-6.154696584302,-0.2));
#4371 = CARTESIAN_POINT('',(-1.371911237209,-6.413626453488,-0.2));
#4372 = ORIENTED_EDGE('',*,*,#4373,.T.);
#4373 = EDGE_CURVE('',#4366,#558,#4374,.T.);
#4374 = LINE('',#4375,#4376);
#4375 = CARTESIAN_POINT('',(-1.527089289535,-5.991342659884,-0.2));
#4376 = VECTOR('',#4377,1.);
#4377 = DIRECTION('',(0.,0.,1.));
#4378 = ORIENTED_EDGE('',*,*,#572,.F.);
#4379 = ORIENTED_EDGE('',*,*,#4347,.F.);
#4380 = SURFACE_OF_LINEAR_EXTRUSION('',#4381,#4385);
#4381 = B_SPLINE_CURVE_WITH_KNOTS('',2,(#4382,#4383,#4384),
  .UNSPECIFIED.,.F.,.F.,(3,3),(0.,1.),.PIECEWISE_BEZIER_KNOTS.);
#4382 = CARTESIAN_POINT('',(-1.527089289535,-5.991342659884,-0.2));
#4383 = CARTESIAN_POINT('',(-1.371911237209,-6.154696584302,-0.2));
#4384 = CARTESIAN_POINT('',(-1.371911237209,-6.413626453488,-0.2));
#4385 = VECTOR('',#4386,1.);
#4386 = DIRECTION('',(-0.,-0.,-1.));
#4387 = ADVANCED_FACE('',(#4388),#4406,.F.);
#4388 = FACE_BOUND('',#4389,.F.);
#4389 = EDGE_LOOP('',(#4390,#4398,#4404,#4405));
#4390 = ORIENTED_EDGE('',*,*,#4391,.F.);
#4391 = EDGE_CURVE('',#4392,#4366,#4394,.T.);
#4392 = VERTEX_POINT('',#4393);
#4393 = CARTESIAN_POINT('',(-1.902934129651,-5.827906976744,-0.2));
#4394 = B_SPLINE_CURVE_WITH_KNOTS('',2,(#4395,#4396,#4397),
  .UNSPECIFIED.,.F.,.F.,(3,3),(0.,1.),.PIECEWISE_BEZIER_KNOTS.);
#4395 = CARTESIAN_POINT('',(-1.902934129651,-5.827906976744,-0.2));
#4396 = CARTESIAN_POINT('',(-1.68218558314,-5.827906976744,-0.2));
#4397 = CARTESIAN_POINT('',(-1.527089289535,-5.991342659884,-0.2));
#4398 = ORIENTED_EDGE('',*,*,#4399,.T.);
#4399 = EDGE_CURVE('',#4392,#545,#4400,.T.);
#4400 = LINE('',#4401,#4402);
#4401 = CARTESIAN_POINT('',(-1.902934129651,-5.827906976744,-0.2));
#4402 = VECTOR('',#4403,1.);
#4403 = DIRECTION('',(0.,0.,1.));
#4404 = ORIENTED_EDGE('',*,*,#557,.F.);
#4405 = ORIENTED_EDGE('',*,*,#4373,.F.);
#4406 = SURFACE_OF_LINEAR_EXTRUSION('',#4407,#4411);
#4407 = B_SPLINE_CURVE_WITH_KNOTS('',2,(#4408,#4409,#4410),
  .UNSPECIFIED.,.F.,.F.,(3,3),(0.,1.),.PIECEWISE_BEZIER_KNOTS.);
#4408 = CARTESIAN_POINT('',(-1.902934129651,-5.827906976744,-0.2));
#4409 = CARTESIAN_POINT('',(-1.68218558314,-5.827906976744,-0.2));
#4410 = CARTESIAN_POINT('',(-1.527089289535,-5.991342659884,-0.2));
#4411 = VECTOR('',#4412,1.);
#4412 = DIRECTION('',(-0.,-0.,-1.));
#4413 = ADVANCED_FACE('',(#4414),#4432,.F.);
#4414 = FACE_BOUND('',#4415,.F.);
#4415 = EDGE_LOOP('',(#4416,#4424,#4430,#4431));
#4416 = ORIENTED_EDGE('',*,*,#4417,.F.);
#4417 = EDGE_CURVE('',#4418,#4392,#4420,.T.);
#4418 = VERTEX_POINT('',#4419);
#4419 = CARTESIAN_POINT('',(-2.14453115,-5.886773255814,-0.2));
#4420 = B_SPLINE_CURVE_WITH_KNOTS('',2,(#4421,#4422,#4423),
  .UNSPECIFIED.,.F.,.F.,(3,3),(0.,1.),.PIECEWISE_BEZIER_KNOTS.);
#4421 = CARTESIAN_POINT('',(-2.14453115,-5.886773255814,-0.2));
#4422 = CARTESIAN_POINT('',(-2.029251353488,-5.827906976744,-0.2));
#4423 = CARTESIAN_POINT('',(-1.902934129651,-5.827906976744,-0.2));
#4424 = ORIENTED_EDGE('',*,*,#4425,.T.);
#4425 = EDGE_CURVE('',#4418,#530,#4426,.T.);
#4426 = LINE('',#4427,#4428);
#4427 = CARTESIAN_POINT('',(-2.14453115,-5.886773255814,-0.2));
#4428 = VECTOR('',#4429,1.);
#4429 = DIRECTION('',(0.,0.,1.));
#4430 = ORIENTED_EDGE('',*,*,#544,.F.);
#4431 = ORIENTED_EDGE('',*,*,#4399,.F.);
#4432 = SURFACE_OF_LINEAR_EXTRUSION('',#4433,#4437);
#4433 = B_SPLINE_CURVE_WITH_KNOTS('',2,(#4434,#4435,#4436),
  .UNSPECIFIED.,.F.,.F.,(3,3),(0.,1.),.PIECEWISE_BEZIER_KNOTS.);
#4434 = CARTESIAN_POINT('',(-2.14453115,-5.886773255814,-0.2));
#4435 = CARTESIAN_POINT('',(-2.029251353488,-5.827906976744,-0.2));
#4436 = CARTESIAN_POINT('',(-1.902934129651,-5.827906976744,-0.2));
#4437 = VECTOR('',#4438,1.);
#4438 = DIRECTION('',(-0.,-0.,-1.));
#4439 = ADVANCED_FACE('',(#4440),#4458,.F.);
#4440 = FACE_BOUND('',#4441,.F.);
#4441 = EDGE_LOOP('',(#4442,#4450,#4456,#4457));
#4442 = ORIENTED_EDGE('',*,*,#4443,.F.);
#4443 = EDGE_CURVE('',#4444,#4418,#4446,.T.);
#4444 = VERTEX_POINT('',#4445);
#4445 = CARTESIAN_POINT('',(-2.339525699419,-6.066969476744,-0.2));
#4446 = B_SPLINE_CURVE_WITH_KNOTS('',2,(#4447,#4448,#4449),
  .UNSPECIFIED.,.F.,.F.,(3,3),(0.,1.),.PIECEWISE_BEZIER_KNOTS.);
#4447 = CARTESIAN_POINT('',(-2.339525699419,-6.066969476744,-0.2));
#4448 = CARTESIAN_POINT('',(-2.259810946512,-5.945639534884,-0.2));
#4449 = CARTESIAN_POINT('',(-2.14453115,-5.886773255814,-0.2));
#4450 = ORIENTED_EDGE('',*,*,#4451,.T.);
#4451 = EDGE_CURVE('',#4444,#518,#4452,.T.);
#4452 = LINE('',#4453,#4454);
#4453 = CARTESIAN_POINT('',(-2.339525699419,-6.066969476744,-0.2));
#4454 = VECTOR('',#4455,1.);
#4455 = DIRECTION('',(0.,0.,1.));
#4456 = ORIENTED_EDGE('',*,*,#529,.F.);
#4457 = ORIENTED_EDGE('',*,*,#4425,.F.);
#4458 = SURFACE_OF_LINEAR_EXTRUSION('',#4459,#4463);
#4459 = B_SPLINE_CURVE_WITH_KNOTS('',2,(#4460,#4461,#4462),
  .UNSPECIFIED.,.F.,.F.,(3,3),(0.,1.),.PIECEWISE_BEZIER_KNOTS.);
#4460 = CARTESIAN_POINT('',(-2.339525699419,-6.066969476744,-0.2));
#4461 = CARTESIAN_POINT('',(-2.259810946512,-5.945639534884,-0.2));
#4462 = CARTESIAN_POINT('',(-2.14453115,-5.886773255814,-0.2));
#4463 = VECTOR('',#4464,1.);
#4464 = DIRECTION('',(-0.,-0.,-1.));
#4465 = ADVANCED_FACE('',(#4466),#4484,.F.);
#4466 = FACE_BOUND('',#4467,.F.);
#4467 = EDGE_LOOP('',(#4468,#4476,#4482,#4483));
#4468 = ORIENTED_EDGE('',*,*,#4469,.F.);
#4469 = EDGE_CURVE('',#4470,#4444,#4472,.T.);
#4470 = VERTEX_POINT('',#4471);
#4471 = CARTESIAN_POINT('',(-2.276980277907,-5.653352107558,-0.2));
#4472 = B_SPLINE_CURVE_WITH_KNOTS('',2,(#4473,#4474,#4475),
  .UNSPECIFIED.,.F.,.F.,(3,3),(0.,1.),.PIECEWISE_BEZIER_KNOTS.);
#4473 = CARTESIAN_POINT('',(-2.276980277907,-5.653352107558,-0.2));
#4474 = CARTESIAN_POINT('',(-2.337072937791,-5.79855559593,-0.2));
#4475 = CARTESIAN_POINT('',(-2.339525699419,-6.066969476744,-0.2));
#4476 = ORIENTED_EDGE('',*,*,#4477,.T.);
#4477 = EDGE_CURVE('',#4470,#507,#4478,.T.);
#4478 = LINE('',#4479,#4480);
#4479 = CARTESIAN_POINT('',(-2.276980277907,-5.653352107558,-0.2));
#4480 = VECTOR('',#4481,1.);
#4481 = DIRECTION('',(0.,0.,1.));
#4482 = ORIENTED_EDGE('',*,*,#517,.F.);
#4483 = ORIENTED_EDGE('',*,*,#4451,.F.);
#4484 = SURFACE_OF_LINEAR_EXTRUSION('',#4485,#4489);
#4485 = B_SPLINE_CURVE_WITH_KNOTS('',2,(#4486,#4487,#4488),
  .UNSPECIFIED.,.F.,.F.,(3,3),(0.,1.),.PIECEWISE_BEZIER_KNOTS.);
#4486 = CARTESIAN_POINT('',(-2.276980277907,-5.653352107558,-0.2));
#4487 = CARTESIAN_POINT('',(-2.337072937791,-5.79855559593,-0.2));
#4488 = CARTESIAN_POINT('',(-2.339525699419,-6.066969476744,-0.2));
#4489 = VECTOR('',#4490,1.);
#4490 = DIRECTION('',(-0.,-0.,-1.));
#4491 = ADVANCED_FACE('',(#4492),#4510,.F.);
#4492 = FACE_BOUND('',#4493,.F.);
#4493 = EDGE_LOOP('',(#4494,#4502,#4508,#4509));
#4494 = ORIENTED_EDGE('',*,*,#4495,.F.);
#4495 = EDGE_CURVE('',#4496,#4470,#4498,.T.);
#4496 = VERTEX_POINT('',#4497);
#4497 = CARTESIAN_POINT('',(-2.112645248837,-5.432521802326,-0.2));
#4498 = B_SPLINE_CURVE_WITH_KNOTS('',2,(#4499,#4500,#4501),
  .UNSPECIFIED.,.F.,.F.,(3,3),(0.,1.),.PIECEWISE_BEZIER_KNOTS.);
#4499 = CARTESIAN_POINT('',(-2.112645248837,-5.432521802326,-0.2));
#4500 = CARTESIAN_POINT('',(-2.216887618023,-5.508148619186,-0.2));
#4501 = CARTESIAN_POINT('',(-2.276980277907,-5.653352107558,-0.2));
#4502 = ORIENTED_EDGE('',*,*,#4503,.T.);
#4503 = EDGE_CURVE('',#4496,#494,#4504,.T.);
#4504 = LINE('',#4505,#4506);
#4505 = CARTESIAN_POINT('',(-2.112645248837,-5.432521802326,-0.2));
#4506 = VECTOR('',#4507,1.);
#4507 = DIRECTION('',(0.,0.,1.));
#4508 = ORIENTED_EDGE('',*,*,#506,.F.);
#4509 = ORIENTED_EDGE('',*,*,#4477,.F.);
#4510 = SURFACE_OF_LINEAR_EXTRUSION('',#4511,#4515);
#4511 = B_SPLINE_CURVE_WITH_KNOTS('',2,(#4512,#4513,#4514),
  .UNSPECIFIED.,.F.,.F.,(3,3),(0.,1.),.PIECEWISE_BEZIER_KNOTS.);
#4512 = CARTESIAN_POINT('',(-2.112645248837,-5.432521802326,-0.2));
#4513 = CARTESIAN_POINT('',(-2.216887618023,-5.508148619186,-0.2));
#4514 = CARTESIAN_POINT('',(-2.276980277907,-5.653352107558,-0.2));
#4515 = VECTOR('',#4516,1.);
#4516 = DIRECTION('',(-0.,-0.,-1.));
#4517 = ADVANCED_FACE('',(#4518),#4536,.F.);
#4518 = FACE_BOUND('',#4519,.F.);
#4519 = EDGE_LOOP('',(#4520,#4528,#4534,#4535));
#4520 = ORIENTED_EDGE('',*,*,#4521,.F.);
#4521 = EDGE_CURVE('',#4522,#4496,#4524,.T.);
#4522 = VERTEX_POINT('',#4523);
#4523 = CARTESIAN_POINT('',(-1.92746174593,-5.37398255814,-0.2));
#4524 = B_SPLINE_CURVE_WITH_KNOTS('',2,(#4525,#4526,#4527),
  .UNSPECIFIED.,.F.,.F.,(3,3),(0.,1.),.PIECEWISE_BEZIER_KNOTS.);
#4525 = CARTESIAN_POINT('',(-1.92746174593,-5.37398255814,-0.2));
#4526 = CARTESIAN_POINT('',(-2.03293049593,-5.37398255814,-0.2));
#4527 = CARTESIAN_POINT('',(-2.112645248837,-5.432521802326,-0.2));
#4528 = ORIENTED_EDGE('',*,*,#4529,.T.);
#4529 = EDGE_CURVE('',#4522,#481,#4530,.T.);
#4530 = LINE('',#4531,#4532);
#4531 = CARTESIAN_POINT('',(-1.92746174593,-5.37398255814,-0.2));
#4532 = VECTOR('',#4533,1.);
#4533 = DIRECTION('',(0.,0.,1.));
#4534 = ORIENTED_EDGE('',*,*,#493,.F.);
#4535 = ORIENTED_EDGE('',*,*,#4503,.F.);
#4536 = SURFACE_OF_LINEAR_EXTRUSION('',#4537,#4541);
#4537 = B_SPLINE_CURVE_WITH_KNOTS('',2,(#4538,#4539,#4540),
  .UNSPECIFIED.,.F.,.F.,(3,3),(0.,1.),.PIECEWISE_BEZIER_KNOTS.);
#4538 = CARTESIAN_POINT('',(-1.92746174593,-5.37398255814,-0.2));
#4539 = CARTESIAN_POINT('',(-2.03293049593,-5.37398255814,-0.2));
#4540 = CARTESIAN_POINT('',(-2.112645248837,-5.432521802326,-0.2));
#4541 = VECTOR('',#4542,1.);
#4542 = DIRECTION('',(-0.,-0.,-1.));
#4543 = ADVANCED_FACE('',(#4544),#4562,.F.);
#4544 = FACE_BOUND('',#4545,.F.);
#4545 = EDGE_LOOP('',(#4546,#4554,#4560,#4561));
#4546 = ORIENTED_EDGE('',*,*,#4547,.F.);
#4547 = EDGE_CURVE('',#4548,#4522,#4550,.T.);
#4548 = VERTEX_POINT('',#4549);
#4549 = CARTESIAN_POINT('',(-1.706713199419,-5.467759811047,-0.2));
#4550 = B_SPLINE_CURVE_WITH_KNOTS('',2,(#4551,#4552,#4553),
  .UNSPECIFIED.,.F.,.F.,(3,3),(0.,1.),.PIECEWISE_BEZIER_KNOTS.);
#4551 = CARTESIAN_POINT('',(-1.706713199419,-5.467759811047,-0.2));
#4552 = CARTESIAN_POINT('',(-1.796238998837,-5.37398255814,-0.2));
#4553 = CARTESIAN_POINT('',(-1.92746174593,-5.37398255814,-0.2));
#4554 = ORIENTED_EDGE('',*,*,#4555,.T.);
#4555 = EDGE_CURVE('',#4548,#470,#4556,.T.);
#4556 = LINE('',#4557,#4558);
#4557 = CARTESIAN_POINT('',(-1.706713199419,-5.467759811047,-0.2));
#4558 = VECTOR('',#4559,1.);
#4559 = DIRECTION('',(0.,0.,1.));
#4560 = ORIENTED_EDGE('',*,*,#480,.F.);
#4561 = ORIENTED_EDGE('',*,*,#4529,.F.);
#4562 = SURFACE_OF_LINEAR_EXTRUSION('',#4563,#4567);
#4563 = B_SPLINE_CURVE_WITH_KNOTS('',2,(#4564,#4565,#4566),
  .UNSPECIFIED.,.F.,.F.,(3,3),(0.,1.),.PIECEWISE_BEZIER_KNOTS.);
#4564 = CARTESIAN_POINT('',(-1.706713199419,-5.467759811047,-0.2));
#4565 = CARTESIAN_POINT('',(-1.796238998837,-5.37398255814,-0.2));
#4566 = CARTESIAN_POINT('',(-1.92746174593,-5.37398255814,-0.2));
#4567 = VECTOR('',#4568,1.);
#4568 = DIRECTION('',(-0.,-0.,-1.));
#4569 = ADVANCED_FACE('',(#4570),#4581,.F.);
#4570 = FACE_BOUND('',#4571,.F.);
#4571 = EDGE_LOOP('',(#4572,#4578,#4579,#4580));
#4572 = ORIENTED_EDGE('',*,*,#4573,.F.);
#4573 = EDGE_CURVE('',#4103,#4548,#4574,.T.);
#4574 = B_SPLINE_CURVE_WITH_KNOTS('',2,(#4575,#4576,#4577),
  .UNSPECIFIED.,.F.,.F.,(3,3),(0.,1.),.PIECEWISE_BEZIER_KNOTS.);
#4575 = CARTESIAN_POINT('',(-1.62331930407,-5.65523255814,-0.2));
#4576 = CARTESIAN_POINT('',(-1.652752443605,-5.526135537791,-0.2));
#4577 = CARTESIAN_POINT('',(-1.706713199419,-5.467759811047,-0.2));
#4578 = ORIENTED_EDGE('',*,*,#4117,.T.);
#4579 = ORIENTED_EDGE('',*,*,#469,.F.);
#4580 = ORIENTED_EDGE('',*,*,#4555,.F.);
#4581 = SURFACE_OF_LINEAR_EXTRUSION('',#4582,#4586);
#4582 = B_SPLINE_CURVE_WITH_KNOTS('',2,(#4583,#4584,#4585),
  .UNSPECIFIED.,.F.,.F.,(3,3),(0.,1.),.PIECEWISE_BEZIER_KNOTS.);
#4583 = CARTESIAN_POINT('',(-1.62331930407,-5.65523255814,-0.2));
#4584 = CARTESIAN_POINT('',(-1.652752443605,-5.526135537791,-0.2));
#4585 = CARTESIAN_POINT('',(-1.706713199419,-5.467759811047,-0.2));
#4586 = VECTOR('',#4587,1.);
#4587 = DIRECTION('',(-0.,-0.,-1.));
#4588 = ADVANCED_FACE('',(#4589),#4614,.F.);
#4589 = FACE_BOUND('',#4590,.F.);
#4590 = EDGE_LOOP('',(#4591,#4601,#4607,#4608));
#4591 = ORIENTED_EDGE('',*,*,#4592,.F.);
#4592 = EDGE_CURVE('',#4593,#4595,#4597,.T.);
#4593 = VERTEX_POINT('',#4594);
#4594 = CARTESIAN_POINT('',(-1.152143795349,-6.111119186047,-0.2));
#4595 = VERTEX_POINT('',#4596);
#4596 = CARTESIAN_POINT('',(-1.086573301163,-5.596202761628,-0.2));
#4597 = B_SPLINE_CURVE_WITH_KNOTS('',2,(#4598,#4599,#4600),
  .UNSPECIFIED.,.F.,.F.,(3,3),(0.,1.),.PIECEWISE_BEZIER_KNOTS.);
#4598 = CARTESIAN_POINT('',(-1.152143795349,-6.111119186047,-0.2));
#4599 = CARTESIAN_POINT('',(-1.152143795349,-5.791197311047,-0.2));
#4600 = CARTESIAN_POINT('',(-1.086573301163,-5.596202761628,-0.2));
#4601 = ORIENTED_EDGE('',*,*,#4602,.T.);
#4602 = EDGE_CURVE('',#4593,#727,#4603,.T.);
#4603 = LINE('',#4604,#4605);
#4604 = CARTESIAN_POINT('',(-1.152143795349,-6.111119186047,-0.2));
#4605 = VECTOR('',#4606,1.);
#4606 = DIRECTION('',(0.,0.,1.));
#4607 = ORIENTED_EDGE('',*,*,#724,.F.);
#4608 = ORIENTED_EDGE('',*,*,#4609,.F.);
#4609 = EDGE_CURVE('',#4595,#725,#4610,.T.);
#4610 = LINE('',#4611,#4612);
#4611 = CARTESIAN_POINT('',(-1.086573301163,-5.596202761628,-0.2));
#4612 = VECTOR('',#4613,1.);
#4613 = DIRECTION('',(0.,0.,1.));
#4614 = SURFACE_OF_LINEAR_EXTRUSION('',#4615,#4619);
#4615 = B_SPLINE_CURVE_WITH_KNOTS('',2,(#4616,#4617,#4618),
  .UNSPECIFIED.,.F.,.F.,(3,3),(0.,1.),.PIECEWISE_BEZIER_KNOTS.);
#4616 = CARTESIAN_POINT('',(-1.152143795349,-6.111119186047,-0.2));
#4617 = CARTESIAN_POINT('',(-1.152143795349,-5.791197311047,-0.2));
#4618 = CARTESIAN_POINT('',(-1.086573301163,-5.596202761628,-0.2));
#4619 = VECTOR('',#4620,1.);
#4620 = DIRECTION('',(-0.,-0.,-1.));
#4621 = ADVANCED_FACE('',(#4622),#4640,.F.);
#4622 = FACE_BOUND('',#4623,.F.);
#4623 = EDGE_LOOP('',(#4624,#4632,#4638,#4639));
#4624 = ORIENTED_EDGE('',*,*,#4625,.F.);
#4625 = EDGE_CURVE('',#4626,#4593,#4628,.T.);
#4626 = VERTEX_POINT('',#4627);
#4627 = CARTESIAN_POINT('',(-0.974318577326,-6.84441315407,-0.2));
#4628 = B_SPLINE_CURVE_WITH_KNOTS('',2,(#4629,#4630,#4631),
  .UNSPECIFIED.,.F.,.F.,(3,3),(0.,1.),.PIECEWISE_BEZIER_KNOTS.);
#4629 = CARTESIAN_POINT('',(-0.974318577326,-6.84441315407,-0.2));
#4630 = CARTESIAN_POINT('',(-1.152143795349,-6.619249636628,-0.2));
#4631 = CARTESIAN_POINT('',(-1.152143795349,-6.111119186047,-0.2));
#4632 = ORIENTED_EDGE('',*,*,#4633,.T.);
#4633 = EDGE_CURVE('',#4626,#849,#4634,.T.);
#4634 = LINE('',#4635,#4636);
#4635 = CARTESIAN_POINT('',(-0.974318577326,-6.84441315407,-0.2));
#4636 = VECTOR('',#4637,1.);
#4637 = DIRECTION('',(0.,0.,1.));
#4638 = ORIENTED_EDGE('',*,*,#863,.F.);
#4639 = ORIENTED_EDGE('',*,*,#4602,.F.);
#4640 = SURFACE_OF_LINEAR_EXTRUSION('',#4641,#4645);
#4641 = B_SPLINE_CURVE_WITH_KNOTS('',2,(#4642,#4643,#4644),
  .UNSPECIFIED.,.F.,.F.,(3,3),(0.,1.),.PIECEWISE_BEZIER_KNOTS.);
#4642 = CARTESIAN_POINT('',(-0.974318577326,-6.84441315407,-0.2));
#4643 = CARTESIAN_POINT('',(-1.152143795349,-6.619249636628,-0.2));
#4644 = CARTESIAN_POINT('',(-1.152143795349,-6.111119186047,-0.2));
#4645 = VECTOR('',#4646,1.);
#4646 = DIRECTION('',(-0.,-0.,-1.));
#4647 = ADVANCED_FACE('',(#4648),#4666,.F.);
#4648 = FACE_BOUND('',#4649,.F.);
#4649 = EDGE_LOOP('',(#4650,#4658,#4664,#4665));
#4650 = ORIENTED_EDGE('',*,*,#4651,.F.);
#4651 = EDGE_CURVE('',#4652,#4626,#4654,.T.);
#4652 = VERTEX_POINT('',#4653);
#4653 = CARTESIAN_POINT('',(-0.565933766279,-7.031395348837,-0.2));
#4654 = B_SPLINE_CURVE_WITH_KNOTS('',2,(#4655,#4656,#4657),
  .UNSPECIFIED.,.F.,.F.,(3,3),(0.,1.),.PIECEWISE_BEZIER_KNOTS.);
#4655 = CARTESIAN_POINT('',(-0.565933766279,-7.031395348837,-0.2));
#4656 = CARTESIAN_POINT('',(-0.825926498837,-7.031395348837,-0.2));
#4657 = CARTESIAN_POINT('',(-0.974318577326,-6.84441315407,-0.2));
#4658 = ORIENTED_EDGE('',*,*,#4659,.T.);
#4659 = EDGE_CURVE('',#4652,#834,#4660,.T.);
#4660 = LINE('',#4661,#4662);
#4661 = CARTESIAN_POINT('',(-0.565933766279,-7.031395348837,-0.2));
#4662 = VECTOR('',#4663,1.);
#4663 = DIRECTION('',(0.,0.,1.));
#4664 = ORIENTED_EDGE('',*,*,#848,.F.);
#4665 = ORIENTED_EDGE('',*,*,#4633,.F.);
#4666 = SURFACE_OF_LINEAR_EXTRUSION('',#4667,#4671);
#4667 = B_SPLINE_CURVE_WITH_KNOTS('',2,(#4668,#4669,#4670),
  .UNSPECIFIED.,.F.,.F.,(3,3),(0.,1.),.PIECEWISE_BEZIER_KNOTS.);
#4668 = CARTESIAN_POINT('',(-0.565933766279,-7.031395348837,-0.2));
#4669 = CARTESIAN_POINT('',(-0.825926498837,-7.031395348837,-0.2));
#4670 = CARTESIAN_POINT('',(-0.974318577326,-6.84441315407,-0.2));
#4671 = VECTOR('',#4672,1.);
#4672 = DIRECTION('',(-0.,-0.,-1.));
#4673 = ADVANCED_FACE('',(#4674),#4692,.F.);
#4674 = FACE_BOUND('',#4675,.F.);
#4675 = EDGE_LOOP('',(#4676,#4684,#4690,#4691));
#4676 = ORIENTED_EDGE('',*,*,#4677,.F.);
#4677 = EDGE_CURVE('',#4678,#4652,#4680,.T.);
#4678 = VERTEX_POINT('',#4679);
#4679 = CARTESIAN_POINT('',(-0.239144158721,-6.925027252907,-0.2));
#4680 = B_SPLINE_CURVE_WITH_KNOTS('',2,(#4681,#4682,#4683),
  .UNSPECIFIED.,.F.,.F.,(3,3),(0.,1.),.PIECEWISE_BEZIER_KNOTS.);
#4681 = CARTESIAN_POINT('',(-0.239144158721,-6.925027252907,-0.2));
#4682 = CARTESIAN_POINT('',(-0.368486455233,-7.031395348837,-0.2));
#4683 = CARTESIAN_POINT('',(-0.565933766279,-7.031395348837,-0.2));
#4684 = ORIENTED_EDGE('',*,*,#4685,.T.);
#4685 = EDGE_CURVE('',#4678,#823,#4686,.T.);
#4686 = LINE('',#4687,#4688);
#4687 = CARTESIAN_POINT('',(-0.239144158721,-6.925027252907,-0.2));
#4688 = VECTOR('',#4689,1.);
#4689 = DIRECTION('',(0.,0.,1.));
#4690 = ORIENTED_EDGE('',*,*,#833,.F.);
#4691 = ORIENTED_EDGE('',*,*,#4659,.F.);
#4692 = SURFACE_OF_LINEAR_EXTRUSION('',#4693,#4697);
#4693 = B_SPLINE_CURVE_WITH_KNOTS('',2,(#4694,#4695,#4696),
  .UNSPECIFIED.,.F.,.F.,(3,3),(0.,1.),.PIECEWISE_BEZIER_KNOTS.);
#4694 = CARTESIAN_POINT('',(-0.239144158721,-6.925027252907,-0.2));
#4695 = CARTESIAN_POINT('',(-0.368486455233,-7.031395348837,-0.2));
#4696 = CARTESIAN_POINT('',(-0.565933766279,-7.031395348837,-0.2));
#4697 = VECTOR('',#4698,1.);
#4698 = DIRECTION('',(-0.,-0.,-1.));
#4699 = ADVANCED_FACE('',(#4700),#4718,.F.);
#4700 = FACE_BOUND('',#4701,.F.);
#4701 = EDGE_LOOP('',(#4702,#4710,#4716,#4717));
#4702 = ORIENTED_EDGE('',*,*,#4703,.F.);
#4703 = EDGE_CURVE('',#4704,#4678,#4706,.T.);
#4704 = VERTEX_POINT('',#4705);
#4705 = CARTESIAN_POINT('',(-4.472192034884E-02,-6.623582848837,-0.2));
#4706 = B_SPLINE_CURVE_WITH_KNOTS('',2,(#4707,#4708,#4709),
  .UNSPECIFIED.,.F.,.F.,(3,3),(0.,1.),.PIECEWISE_BEZIER_KNOTS.);
#4707 = CARTESIAN_POINT('',(-4.472192034884E-02,-6.623582848837,-0.2));
#4708 = CARTESIAN_POINT('',(-0.109720103488,-6.818577398256,-0.2));
#4709 = CARTESIAN_POINT('',(-0.239144158721,-6.925027252907,-0.2));
#4710 = ORIENTED_EDGE('',*,*,#4711,.T.);
#4711 = EDGE_CURVE('',#4704,#811,#4712,.T.);
#4712 = LINE('',#4713,#4714);
#4713 = CARTESIAN_POINT('',(-4.472192034884E-02,-6.623582848837,-0.2));
#4714 = VECTOR('',#4715,1.);
#4715 = DIRECTION('',(0.,0.,1.));
#4716 = ORIENTED_EDGE('',*,*,#822,.F.);
#4717 = ORIENTED_EDGE('',*,*,#4685,.F.);
#4718 = SURFACE_OF_LINEAR_EXTRUSION('',#4719,#4723);
#4719 = B_SPLINE_CURVE_WITH_KNOTS('',2,(#4720,#4721,#4722),
  .UNSPECIFIED.,.F.,.F.,(3,3),(0.,1.),.PIECEWISE_BEZIER_KNOTS.);
#4720 = CARTESIAN_POINT('',(-4.472192034884E-02,-6.623582848837,-0.2));
#4721 = CARTESIAN_POINT('',(-0.109720103488,-6.818577398256,-0.2));
#4722 = CARTESIAN_POINT('',(-0.239144158721,-6.925027252907,-0.2));
#4723 = VECTOR('',#4724,1.);
#4724 = DIRECTION('',(-0.,-0.,-1.));
#4725 = ADVANCED_FACE('',(#4726),#4744,.F.);
#4726 = FACE_BOUND('',#4727,.F.);
#4727 = EDGE_LOOP('',(#4728,#4736,#4742,#4743));
#4728 = ORIENTED_EDGE('',*,*,#4729,.F.);
#4729 = EDGE_CURVE('',#4730,#4704,#4732,.T.);
#4730 = VERTEX_POINT('',#4731);
#4731 = CARTESIAN_POINT('',(2.02762627907E-02,-6.111119186047,-0.2));
#4732 = B_SPLINE_CURVE_WITH_KNOTS('',2,(#4733,#4734,#4735),
  .UNSPECIFIED.,.F.,.F.,(3,3),(0.,1.),.PIECEWISE_BEZIER_KNOTS.);
#4733 = CARTESIAN_POINT('',(2.02762627907E-02,-6.111119186047,-0.2));
#4734 = CARTESIAN_POINT('',(2.02762627907E-02,-6.428506540698,-0.2));
#4735 = CARTESIAN_POINT('',(-4.472192034884E-02,-6.623582848837,-0.2));
#4736 = ORIENTED_EDGE('',*,*,#4737,.T.);
#4737 = EDGE_CURVE('',#4730,#800,#4738,.T.);
#4738 = LINE('',#4739,#4740);
#4739 = CARTESIAN_POINT('',(2.02762627907E-02,-6.111119186047,-0.2));
#4740 = VECTOR('',#4741,1.);
#4741 = DIRECTION('',(0.,0.,1.));
#4742 = ORIENTED_EDGE('',*,*,#810,.F.);
#4743 = ORIENTED_EDGE('',*,*,#4711,.F.);
#4744 = SURFACE_OF_LINEAR_EXTRUSION('',#4745,#4749);
#4745 = B_SPLINE_CURVE_WITH_KNOTS('',2,(#4746,#4747,#4748),
  .UNSPECIFIED.,.F.,.F.,(3,3),(0.,1.),.PIECEWISE_BEZIER_KNOTS.);
#4746 = CARTESIAN_POINT('',(2.02762627907E-02,-6.111119186047,-0.2));
#4747 = CARTESIAN_POINT('',(2.02762627907E-02,-6.428506540698,-0.2));
#4748 = CARTESIAN_POINT('',(-4.472192034884E-02,-6.623582848837,-0.2));
#4749 = VECTOR('',#4750,1.);
#4750 = DIRECTION('',(-0.,-0.,-1.));
#4751 = ADVANCED_FACE('',(#4752),#4770,.F.);
#4752 = FACE_BOUND('',#4753,.F.);
#4753 = EDGE_LOOP('',(#4754,#4762,#4768,#4769));
#4754 = ORIENTED_EDGE('',*,*,#4755,.F.);
#4755 = EDGE_CURVE('',#4756,#4730,#4758,.T.);
#4756 = VERTEX_POINT('',#4757);
#4757 = CARTESIAN_POINT('',(-2.019430406977E-02,-5.684747456395,-0.2));
#4758 = B_SPLINE_CURVE_WITH_KNOTS('',2,(#4759,#4760,#4761),
  .UNSPECIFIED.,.F.,.F.,(3,3),(0.,1.),.PIECEWISE_BEZIER_KNOTS.);
#4759 = CARTESIAN_POINT('',(-2.019430406977E-02,-5.684747456395,-0.2));
#4760 = CARTESIAN_POINT('',(2.02762627907E-02,-5.842868822674,-0.2));
#4761 = CARTESIAN_POINT('',(2.02762627907E-02,-6.111119186047,-0.2));
#4762 = ORIENTED_EDGE('',*,*,#4763,.T.);
#4763 = EDGE_CURVE('',#4756,#789,#4764,.T.);
#4764 = LINE('',#4765,#4766);
#4765 = CARTESIAN_POINT('',(-2.019430406977E-02,-5.684747456395,-0.2));
#4766 = VECTOR('',#4767,1.);
#4767 = DIRECTION('',(0.,0.,1.));
#4768 = ORIENTED_EDGE('',*,*,#799,.F.);
#4769 = ORIENTED_EDGE('',*,*,#4737,.F.);
#4770 = SURFACE_OF_LINEAR_EXTRUSION('',#4771,#4775);
#4771 = B_SPLINE_CURVE_WITH_KNOTS('',2,(#4772,#4773,#4774),
  .UNSPECIFIED.,.F.,.F.,(3,3),(0.,1.),.PIECEWISE_BEZIER_KNOTS.);
#4772 = CARTESIAN_POINT('',(-2.019430406977E-02,-5.684747456395,-0.2));
#4773 = CARTESIAN_POINT('',(2.02762627907E-02,-5.842868822674,-0.2));
#4774 = CARTESIAN_POINT('',(2.02762627907E-02,-6.111119186047,-0.2));
#4775 = VECTOR('',#4776,1.);
#4776 = DIRECTION('',(-0.,-0.,-1.));
#4777 = ADVANCED_FACE('',(#4778),#4796,.F.);
#4778 = FACE_BOUND('',#4779,.F.);
#4779 = EDGE_LOOP('',(#4780,#4788,#4794,#4795));
#4780 = ORIENTED_EDGE('',*,*,#4781,.F.);
#4781 = EDGE_CURVE('',#4782,#4756,#4784,.T.);
#4782 = VERTEX_POINT('',#4783);
#4783 = CARTESIAN_POINT('',(-0.13179495814,-5.416578851744,-0.2));
#4784 = B_SPLINE_CURVE_WITH_KNOTS('',2,(#4785,#4786,#4787),
  .UNSPECIFIED.,.F.,.F.,(3,3),(0.,1.),.PIECEWISE_BEZIER_KNOTS.);
#4785 = CARTESIAN_POINT('',(-0.13179495814,-5.416578851744,-0.2));
#4786 = CARTESIAN_POINT('',(-6.066487093023E-02,-5.526626090116,-0.2));
#4787 = CARTESIAN_POINT('',(-2.019430406977E-02,-5.684747456395,-0.2));
#4788 = ORIENTED_EDGE('',*,*,#4789,.T.);
#4789 = EDGE_CURVE('',#4782,#776,#4790,.T.);
#4790 = LINE('',#4791,#4792);
#4791 = CARTESIAN_POINT('',(-0.13179495814,-5.416578851744,-0.2));
#4792 = VECTOR('',#4793,1.);
#4793 = DIRECTION('',(0.,0.,1.));
#4794 = ORIENTED_EDGE('',*,*,#788,.F.);
#4795 = ORIENTED_EDGE('',*,*,#4763,.F.);
#4796 = SURFACE_OF_LINEAR_EXTRUSION('',#4797,#4801);
#4797 = B_SPLINE_CURVE_WITH_KNOTS('',2,(#4798,#4799,#4800),
  .UNSPECIFIED.,.F.,.F.,(3,3),(0.,1.),.PIECEWISE_BEZIER_KNOTS.);
#4798 = CARTESIAN_POINT('',(-0.13179495814,-5.416578851744,-0.2));
#4799 = CARTESIAN_POINT('',(-6.066487093023E-02,-5.526626090116,-0.2));
#4800 = CARTESIAN_POINT('',(-2.019430406977E-02,-5.684747456395,-0.2));
#4801 = VECTOR('',#4802,1.);
#4802 = DIRECTION('',(-0.,-0.,-1.));
#4803 = ADVANCED_FACE('',(#4804),#4822,.F.);
#4804 = FACE_BOUND('',#4805,.F.);
#4805 = EDGE_LOOP('',(#4806,#4814,#4820,#4821));
#4806 = ORIENTED_EDGE('',*,*,#4807,.F.);
#4807 = EDGE_CURVE('',#4808,#4782,#4810,.T.);
#4808 = VERTEX_POINT('',#4809);
#4809 = CARTESIAN_POINT('',(-0.312072937791,-5.247992369186,-0.2));
#4810 = B_SPLINE_CURVE_WITH_KNOTS('',2,(#4811,#4812,#4813),
  .UNSPECIFIED.,.F.,.F.,(3,3),(0.,1.),.PIECEWISE_BEZIER_KNOTS.);
#4811 = CARTESIAN_POINT('',(-0.312072937791,-5.247992369186,-0.2));
#4812 = CARTESIAN_POINT('',(-0.202925045349,-5.306449854651,-0.2));
#4813 = CARTESIAN_POINT('',(-0.13179495814,-5.416578851744,-0.2));
#4814 = ORIENTED_EDGE('',*,*,#4815,.T.);
#4815 = EDGE_CURVE('',#4808,#765,#4816,.T.);
#4816 = LINE('',#4817,#4818);
#4817 = CARTESIAN_POINT('',(-0.312072937791,-5.247992369186,-0.2));
#4818 = VECTOR('',#4819,1.);
#4819 = DIRECTION('',(0.,0.,1.));
#4820 = ORIENTED_EDGE('',*,*,#775,.F.);
#4821 = ORIENTED_EDGE('',*,*,#4789,.F.);
#4822 = SURFACE_OF_LINEAR_EXTRUSION('',#4823,#4827);
#4823 = B_SPLINE_CURVE_WITH_KNOTS('',2,(#4824,#4825,#4826),
  .UNSPECIFIED.,.F.,.F.,(3,3),(0.,1.),.PIECEWISE_BEZIER_KNOTS.);
#4824 = CARTESIAN_POINT('',(-0.312072937791,-5.247992369186,-0.2));
#4825 = CARTESIAN_POINT('',(-0.202925045349,-5.306449854651,-0.2));
#4826 = CARTESIAN_POINT('',(-0.13179495814,-5.416578851744,-0.2));
#4827 = VECTOR('',#4828,1.);
#4828 = DIRECTION('',(-0.,-0.,-1.));
#4829 = ADVANCED_FACE('',(#4830),#4848,.F.);
#4830 = FACE_BOUND('',#4831,.F.);
#4831 = EDGE_LOOP('',(#4832,#4840,#4846,#4847));
#4832 = ORIENTED_EDGE('',*,*,#4833,.F.);
#4833 = EDGE_CURVE('',#4834,#4808,#4836,.T.);
#4834 = VERTEX_POINT('',#4835);
#4835 = CARTESIAN_POINT('',(-0.565933766279,-5.189534883721,-0.2));
#4836 = B_SPLINE_CURVE_WITH_KNOTS('',2,(#4837,#4838,#4839),
  .UNSPECIFIED.,.F.,.F.,(3,3),(0.,1.),.PIECEWISE_BEZIER_KNOTS.);
#4837 = CARTESIAN_POINT('',(-0.565933766279,-5.189534883721,-0.2));
#4838 = CARTESIAN_POINT('',(-0.421220830233,-5.189534883721,-0.2));
#4839 = CARTESIAN_POINT('',(-0.312072937791,-5.247992369186,-0.2));
#4840 = ORIENTED_EDGE('',*,*,#4841,.T.);
#4841 = EDGE_CURVE('',#4834,#750,#4842,.T.);
#4842 = LINE('',#4843,#4844);
#4843 = CARTESIAN_POINT('',(-0.565933766279,-5.189534883721,-0.2));
#4844 = VECTOR('',#4845,1.);
#4845 = DIRECTION('',(0.,0.,1.));
#4846 = ORIENTED_EDGE('',*,*,#764,.F.);
#4847 = ORIENTED_EDGE('',*,*,#4815,.F.);
#4848 = SURFACE_OF_LINEAR_EXTRUSION('',#4849,#4853);
#4849 = B_SPLINE_CURVE_WITH_KNOTS('',2,(#4850,#4851,#4852),
  .UNSPECIFIED.,.F.,.F.,(3,3),(0.,1.),.PIECEWISE_BEZIER_KNOTS.);
#4850 = CARTESIAN_POINT('',(-0.565933766279,-5.189534883721,-0.2));
#4851 = CARTESIAN_POINT('',(-0.421220830233,-5.189534883721,-0.2));
#4852 = CARTESIAN_POINT('',(-0.312072937791,-5.247992369186,-0.2));
#4853 = VECTOR('',#4854,1.);
#4854 = DIRECTION('',(-0.,-0.,-1.));
#4855 = ADVANCED_FACE('',(#4856),#4874,.F.);
#4856 = FACE_BOUND('',#4857,.F.);
#4857 = EDGE_LOOP('',(#4858,#4866,#4872,#4873));
#4858 = ORIENTED_EDGE('',*,*,#4859,.F.);
#4859 = EDGE_CURVE('',#4860,#4834,#4862,.T.);
#4860 = VERTEX_POINT('',#4861);
#4861 = CARTESIAN_POINT('',(-0.891578751744,-5.295330668605,-0.2));
#4862 = B_SPLINE_CURVE_WITH_KNOTS('',2,(#4863,#4864,#4865),
  .UNSPECIFIED.,.F.,.F.,(3,3),(0.,1.),.PIECEWISE_BEZIER_KNOTS.);
#4863 = CARTESIAN_POINT('',(-0.891578751744,-5.295330668605,-0.2));
#4864 = CARTESIAN_POINT('',(-0.762154696512,-5.189534883721,-0.2));
#4865 = CARTESIAN_POINT('',(-0.565933766279,-5.189534883721,-0.2));
#4866 = ORIENTED_EDGE('',*,*,#4867,.T.);
#4867 = EDGE_CURVE('',#4860,#739,#4868,.T.);
#4868 = LINE('',#4869,#4870);
#4869 = CARTESIAN_POINT('',(-0.891578751744,-5.295330668605,-0.2));
#4870 = VECTOR('',#4871,1.);
#4871 = DIRECTION('',(0.,0.,1.));
#4872 = ORIENTED_EDGE('',*,*,#749,.F.);
#4873 = ORIENTED_EDGE('',*,*,#4841,.F.);
#4874 = SURFACE_OF_LINEAR_EXTRUSION('',#4875,#4879);
#4875 = B_SPLINE_CURVE_WITH_KNOTS('',2,(#4876,#4877,#4878),
  .UNSPECIFIED.,.F.,.F.,(3,3),(0.,1.),.PIECEWISE_BEZIER_KNOTS.);
#4876 = CARTESIAN_POINT('',(-0.891578751744,-5.295330668605,-0.2));
#4877 = CARTESIAN_POINT('',(-0.762154696512,-5.189534883721,-0.2));
#4878 = CARTESIAN_POINT('',(-0.565933766279,-5.189534883721,-0.2));
#4879 = VECTOR('',#4880,1.);
#4880 = DIRECTION('',(-0.,-0.,-1.));
#4881 = ADVANCED_FACE('',(#4882),#4893,.F.);
#4882 = FACE_BOUND('',#4883,.F.);
#4883 = EDGE_LOOP('',(#4884,#4890,#4891,#4892));
#4884 = ORIENTED_EDGE('',*,*,#4885,.F.);
#4885 = EDGE_CURVE('',#4595,#4860,#4886,.T.);
#4886 = B_SPLINE_CURVE_WITH_KNOTS('',2,(#4887,#4888,#4889),
  .UNSPECIFIED.,.F.,.F.,(3,3),(0.,1.),.PIECEWISE_BEZIER_KNOTS.);
#4887 = CARTESIAN_POINT('',(-1.086573301163,-5.596202761628,-0.2));
#4888 = CARTESIAN_POINT('',(-1.020921048256,-5.401126453488,-0.2));
#4889 = CARTESIAN_POINT('',(-0.891578751744,-5.295330668605,-0.2));
#4890 = ORIENTED_EDGE('',*,*,#4609,.T.);
#4891 = ORIENTED_EDGE('',*,*,#738,.F.);
#4892 = ORIENTED_EDGE('',*,*,#4867,.F.);
#4893 = SURFACE_OF_LINEAR_EXTRUSION('',#4894,#4898);
#4894 = B_SPLINE_CURVE_WITH_KNOTS('',2,(#4895,#4896,#4897),
  .UNSPECIFIED.,.F.,.F.,(3,3),(0.,1.),.PIECEWISE_BEZIER_KNOTS.);
#4895 = CARTESIAN_POINT('',(-1.086573301163,-5.596202761628,-0.2));
#4896 = CARTESIAN_POINT('',(-1.020921048256,-5.401126453488,-0.2));
#4897 = CARTESIAN_POINT('',(-0.891578751744,-5.295330668605,-0.2));
#4898 = VECTOR('',#4899,1.);
#4899 = DIRECTION('',(-0.,-0.,-1.));
#4900 = ADVANCED_FACE('',(#4901),#4920,.F.);
#4901 = FACE_BOUND('',#4902,.T.);
#4902 = EDGE_LOOP('',(#4903,#4911,#4912,#4913));
#4903 = ORIENTED_EDGE('',*,*,#4904,.F.);
#4904 = EDGE_CURVE('',#881,#4905,#4907,.T.);
#4905 = VERTEX_POINT('',#4906);
#4906 = CARTESIAN_POINT('',(-11.25,0.,-2.));
#4907 = LINE('',#4908,#4909);
#4908 = CARTESIAN_POINT('',(-9.25,0.,0.));
#4909 = VECTOR('',#4910,1.);
#4910 = DIRECTION('',(-0.707106781187,0.,-0.707106781187));
#4911 = ORIENTED_EDGE('',*,*,#880,.T.);
#4912 = ORIENTED_EDGE('',*,*,#4904,.T.);
#4913 = ORIENTED_EDGE('',*,*,#4914,.F.);
#4914 = EDGE_CURVE('',#4905,#4905,#4915,.T.);
#4915 = CIRCLE('',#4916,1.5);
#4916 = AXIS2_PLACEMENT_3D('',#4917,#4918,#4919);
#4917 = CARTESIAN_POINT('',(-12.75,0.,-2.));
#4918 = DIRECTION('',(0.,0.,1.));
#4919 = DIRECTION('',(1.,0.,0.));
#4920 = CONICAL_SURFACE('',#4921,3.5,0.785398163397);
#4921 = AXIS2_PLACEMENT_3D('',#4922,#4923,#4924);
#4922 = CARTESIAN_POINT('',(-12.75,0.,0.));
#4923 = DIRECTION('',(0.,0.,1.));
#4924 = DIRECTION('',(1.,0.,0.));
#4925 = ADVANCED_FACE('',(#4926),#4951,.F.);
#4926 = FACE_BOUND('',#4927,.F.);
#4927 = EDGE_LOOP('',(#4928,#4938,#4944,#4945));
#4928 = ORIENTED_EDGE('',*,*,#4929,.F.);
#4929 = EDGE_CURVE('',#4930,#4932,#4934,.T.);
#4930 = VERTEX_POINT('',#4931);
#4931 = CARTESIAN_POINT('',(3.56925882093,-6.455813953488,-0.2));
#4932 = VERTEX_POINT('',#4933);
#4933 = CARTESIAN_POINT('',(3.56925882093,-6.236046511628,-0.2));
#4934 = LINE('',#4935,#4936);
#4935 = CARTESIAN_POINT('',(3.56925882093,-6.455813953488,-0.2));
#4936 = VECTOR('',#4937,1.);
#4937 = DIRECTION('',(0.,1.,0.));
#4938 = ORIENTED_EDGE('',*,*,#4939,.T.);
#4939 = EDGE_CURVE('',#4930,#894,#4940,.T.);
#4940 = LINE('',#4941,#4942);
#4941 = CARTESIAN_POINT('',(3.56925882093,-6.455813953488,-0.2));
#4942 = VECTOR('',#4943,1.);
#4943 = DIRECTION('',(0.,0.,1.));
#4944 = ORIENTED_EDGE('',*,*,#891,.F.);
#4945 = ORIENTED_EDGE('',*,*,#4946,.F.);
#4946 = EDGE_CURVE('',#4932,#892,#4947,.T.);
#4947 = LINE('',#4948,#4949);
#4948 = CARTESIAN_POINT('',(3.56925882093,-6.236046511628,-0.2));
#4949 = VECTOR('',#4950,1.);
#4950 = DIRECTION('',(0.,0.,1.));
#4951 = PLANE('',#4952);
#4952 = AXIS2_PLACEMENT_3D('',#4953,#4954,#4955);
#4953 = CARTESIAN_POINT('',(3.56925882093,-6.455813953488,-0.2));
#4954 = DIRECTION('',(-1.,0.,0.));
#4955 = DIRECTION('',(0.,1.,0.));
#4956 = ADVANCED_FACE('',(#4957),#4975,.F.);
#4957 = FACE_BOUND('',#4958,.F.);
#4958 = EDGE_LOOP('',(#4959,#4967,#4973,#4974));
#4959 = ORIENTED_EDGE('',*,*,#4960,.F.);
#4960 = EDGE_CURVE('',#4961,#4930,#4963,.T.);
#4961 = VERTEX_POINT('',#4962);
#4962 = CARTESIAN_POINT('',(4.247447411047,-6.455813953488,-0.2));
#4963 = LINE('',#4964,#4965);
#4964 = CARTESIAN_POINT('',(4.247447411047,-6.455813953488,-0.2));
#4965 = VECTOR('',#4966,1.);
#4966 = DIRECTION('',(-1.,0.,0.));
#4967 = ORIENTED_EDGE('',*,*,#4968,.T.);
#4968 = EDGE_CURVE('',#4961,#910,#4969,.T.);
#4969 = LINE('',#4970,#4971);
#4970 = CARTESIAN_POINT('',(4.247447411047,-6.455813953488,-0.2));
#4971 = VECTOR('',#4972,1.);
#4972 = DIRECTION('',(0.,0.,1.));
#4973 = ORIENTED_EDGE('',*,*,#917,.F.);
#4974 = ORIENTED_EDGE('',*,*,#4939,.F.);
#4975 = PLANE('',#4976);
#4976 = AXIS2_PLACEMENT_3D('',#4977,#4978,#4979);
#4977 = CARTESIAN_POINT('',(4.247447411047,-6.455813953488,-0.2));
#4978 = DIRECTION('',(0.,-1.,0.));
#4979 = DIRECTION('',(-1.,0.,0.));
#4980 = ADVANCED_FACE('',(#4981),#4999,.F.);
#4981 = FACE_BOUND('',#4982,.F.);
#4982 = EDGE_LOOP('',(#4983,#4991,#4997,#4998));
#4983 = ORIENTED_EDGE('',*,*,#4984,.F.);
#4984 = EDGE_CURVE('',#4985,#4961,#4987,.T.);
#4985 = VERTEX_POINT('',#4986);
#4986 = CARTESIAN_POINT('',(4.247447411047,-6.236046511628,-0.2));
#4987 = LINE('',#4988,#4989);
#4988 = CARTESIAN_POINT('',(4.247447411047,-6.236046511628,-0.2));
#4989 = VECTOR('',#4990,1.);
#4990 = DIRECTION('',(0.,-1.,0.));
#4991 = ORIENTED_EDGE('',*,*,#4992,.T.);
#4992 = EDGE_CURVE('',#4985,#902,#4993,.T.);
#4993 = LINE('',#4994,#4995);
#4994 = CARTESIAN_POINT('',(4.247447411047,-6.236046511628,-0.2));
#4995 = VECTOR('',#4996,1.);
#4996 = DIRECTION('',(0.,0.,1.));
#4997 = ORIENTED_EDGE('',*,*,#909,.F.);
#4998 = ORIENTED_EDGE('',*,*,#4968,.F.);
#4999 = PLANE('',#5000);
#5000 = AXIS2_PLACEMENT_3D('',#5001,#5002,#5003);
#5001 = CARTESIAN_POINT('',(4.247447411047,-6.236046511628,-0.2));
#5002 = DIRECTION('',(1.,0.,0.));
#5003 = DIRECTION('',(0.,-1.,0.));
#5004 = ADVANCED_FACE('',(#5005),#5016,.F.);
#5005 = FACE_BOUND('',#5006,.F.);
#5006 = EDGE_LOOP('',(#5007,#5013,#5014,#5015));
#5007 = ORIENTED_EDGE('',*,*,#5008,.F.);
#5008 = EDGE_CURVE('',#4932,#4985,#5009,.T.);
#5009 = LINE('',#5010,#5011);
#5010 = CARTESIAN_POINT('',(3.56925882093,-6.236046511628,-0.2));
#5011 = VECTOR('',#5012,1.);
#5012 = DIRECTION('',(1.,0.,0.));
#5013 = ORIENTED_EDGE('',*,*,#4946,.T.);
#5014 = ORIENTED_EDGE('',*,*,#901,.F.);
#5015 = ORIENTED_EDGE('',*,*,#4992,.F.);
#5016 = PLANE('',#5017);
#5017 = AXIS2_PLACEMENT_3D('',#5018,#5019,#5020);
#5018 = CARTESIAN_POINT('',(3.56925882093,-6.236046511628,-0.2));
#5019 = DIRECTION('',(0.,1.,0.));
#5020 = DIRECTION('',(1.,0.,0.));
#5021 = ADVANCED_FACE('',(#5022),#5047,.F.);
#5022 = FACE_BOUND('',#5023,.F.);
#5023 = EDGE_LOOP('',(#5024,#5034,#5040,#5041));
#5024 = ORIENTED_EDGE('',*,*,#5025,.F.);
#5025 = EDGE_CURVE('',#5026,#5028,#5030,.T.);
#5026 = VERTEX_POINT('',#5027);
#5027 = CARTESIAN_POINT('',(0.324663980814,-7.,-0.2));
#5028 = VERTEX_POINT('',#5029);
#5029 = CARTESIAN_POINT('',(0.324663980814,-5.2,-0.2));
#5030 = LINE('',#5031,#5032);
#5031 = CARTESIAN_POINT('',(0.324663980814,-7.,-0.2));
#5032 = VECTOR('',#5033,1.);
#5033 = DIRECTION('',(0.,1.,0.));
#5034 = ORIENTED_EDGE('',*,*,#5035,.T.);
#5035 = EDGE_CURVE('',#5026,#928,#5036,.T.);
#5036 = LINE('',#5037,#5038);
#5037 = CARTESIAN_POINT('',(0.324663980814,-7.,-0.2));
#5038 = VECTOR('',#5039,1.);
#5039 = DIRECTION('',(0.,0.,1.));
#5040 = ORIENTED_EDGE('',*,*,#925,.F.);
#5041 = ORIENTED_EDGE('',*,*,#5042,.F.);
#5042 = EDGE_CURVE('',#5028,#926,#5043,.T.);
#5043 = LINE('',#5044,#5045);
#5044 = CARTESIAN_POINT('',(0.324663980814,-5.2,-0.2));
#5045 = VECTOR('',#5046,1.);
#5046 = DIRECTION('',(0.,0.,1.));
#5047 = PLANE('',#5048);
#5048 = AXIS2_PLACEMENT_3D('',#5049,#5050,#5051);
#5049 = CARTESIAN_POINT('',(0.324663980814,-7.,-0.2));
#5050 = DIRECTION('',(-1.,0.,0.));
#5051 = DIRECTION('',(0.,1.,0.));
#5052 = ADVANCED_FACE('',(#5053),#5071,.F.);
#5053 = FACE_BOUND('',#5054,.F.);
#5054 = EDGE_LOOP('',(#5055,#5063,#5069,#5070));
#5055 = ORIENTED_EDGE('',*,*,#5056,.F.);
#5056 = EDGE_CURVE('',#5057,#5026,#5059,.T.);
#5057 = VERTEX_POINT('',#5058);
#5058 = CARTESIAN_POINT('',(1.010210855814,-7.,-0.2));
#5059 = LINE('',#5060,#5061);
#5060 = CARTESIAN_POINT('',(1.010210855814,-7.,-0.2));
#5061 = VECTOR('',#5062,1.);
#5062 = DIRECTION('',(-1.,0.,0.));
#5063 = ORIENTED_EDGE('',*,*,#5064,.T.);
#5064 = EDGE_CURVE('',#5057,#1069,#5065,.T.);
#5065 = LINE('',#5066,#5067);
#5066 = CARTESIAN_POINT('',(1.010210855814,-7.,-0.2));
#5067 = VECTOR('',#5068,1.);
#5068 = DIRECTION('',(0.,0.,1.));
#5069 = ORIENTED_EDGE('',*,*,#1079,.F.);
#5070 = ORIENTED_EDGE('',*,*,#5035,.F.);
#5071 = PLANE('',#5072);
#5072 = AXIS2_PLACEMENT_3D('',#5073,#5074,#5075);
#5073 = CARTESIAN_POINT('',(1.010210855814,-7.,-0.2));
#5074 = DIRECTION('',(0.,-1.,0.));
#5075 = DIRECTION('',(-1.,0.,0.));
#5076 = ADVANCED_FACE('',(#5077),#5095,.F.);
#5077 = FACE_BOUND('',#5078,.F.);
#5078 = EDGE_LOOP('',(#5079,#5087,#5093,#5094));
#5079 = ORIENTED_EDGE('',*,*,#5080,.F.);
#5080 = EDGE_CURVE('',#5081,#5057,#5083,.T.);
#5081 = VERTEX_POINT('',#5082);
#5082 = CARTESIAN_POINT('',(1.300209038953,-6.969994549419,-0.2));
#5083 = B_SPLINE_CURVE_WITH_KNOTS('',2,(#5084,#5085,#5086),
  .UNSPECIFIED.,.F.,.F.,(3,3),(0.,1.),.PIECEWISE_BEZIER_KNOTS.);
#5084 = CARTESIAN_POINT('',(1.300209038953,-6.969994549419,-0.2));
#5085 = CARTESIAN_POINT('',(1.181904169767,-7.,-0.2));
#5086 = CARTESIAN_POINT('',(1.010210855814,-7.,-0.2));
#5087 = ORIENTED_EDGE('',*,*,#5088,.T.);
#5088 = EDGE_CURVE('',#5081,#1059,#5089,.T.);
#5089 = LINE('',#5090,#5091);
#5090 = CARTESIAN_POINT('',(1.300209038953,-6.969994549419,-0.2));
#5091 = VECTOR('',#5092,1.);
#5092 = DIRECTION('',(0.,0.,1.));
#5093 = ORIENTED_EDGE('',*,*,#1068,.F.);
#5094 = ORIENTED_EDGE('',*,*,#5064,.F.);
#5095 = SURFACE_OF_LINEAR_EXTRUSION('',#5096,#5100);
#5096 = B_SPLINE_CURVE_WITH_KNOTS('',2,(#5097,#5098,#5099),
  .UNSPECIFIED.,.F.,.F.,(3,3),(0.,1.),.PIECEWISE_BEZIER_KNOTS.);
#5097 = CARTESIAN_POINT('',(1.300209038953,-6.969994549419,-0.2));
#5098 = CARTESIAN_POINT('',(1.181904169767,-7.,-0.2));
#5099 = CARTESIAN_POINT('',(1.010210855814,-7.,-0.2));
#5100 = VECTOR('',#5101,1.);
#5101 = DIRECTION('',(-0.,-0.,-1.));
#5102 = ADVANCED_FACE('',(#5103),#5121,.F.);
#5103 = FACE_BOUND('',#5104,.F.);
#5104 = EDGE_LOOP('',(#5105,#5113,#5119,#5120));
#5105 = ORIENTED_EDGE('',*,*,#5106,.F.);
#5106 = EDGE_CURVE('',#5107,#5081,#5109,.T.);
#5107 = VERTEX_POINT('',#5108);
#5108 = CARTESIAN_POINT('',(1.497084038953,-6.881041061047,-0.2));
#5109 = B_SPLINE_CURVE_WITH_KNOTS('',2,(#5110,#5111,#5112),
  .UNSPECIFIED.,.F.,.F.,(3,3),(0.,1.),.PIECEWISE_BEZIER_KNOTS.);
#5110 = CARTESIAN_POINT('',(1.497084038953,-6.881041061047,-0.2));
#5111 = CARTESIAN_POINT('',(1.41859566686,-6.939907340116,-0.2));
#5112 = CARTESIAN_POINT('',(1.300209038953,-6.969994549419,-0.2));
#5113 = ORIENTED_EDGE('',*,*,#5114,.T.);
#5114 = EDGE_CURVE('',#5107,#1048,#5115,.T.);
#5115 = LINE('',#5116,#5117);
#5116 = CARTESIAN_POINT('',(1.497084038953,-6.881041061047,-0.2));
#5117 = VECTOR('',#5118,1.);
#5118 = DIRECTION('',(0.,0.,1.));
#5119 = ORIENTED_EDGE('',*,*,#1058,.F.);
#5120 = ORIENTED_EDGE('',*,*,#5088,.F.);
#5121 = SURFACE_OF_LINEAR_EXTRUSION('',#5122,#5126);
#5122 = B_SPLINE_CURVE_WITH_KNOTS('',2,(#5123,#5124,#5125),
  .UNSPECIFIED.,.F.,.F.,(3,3),(0.,1.),.PIECEWISE_BEZIER_KNOTS.);
#5123 = CARTESIAN_POINT('',(1.497084038953,-6.881041061047,-0.2));
#5124 = CARTESIAN_POINT('',(1.41859566686,-6.939907340116,-0.2));
#5125 = CARTESIAN_POINT('',(1.300209038953,-6.969994549419,-0.2));
#5126 = VECTOR('',#5127,1.);
#5127 = DIRECTION('',(-0.,-0.,-1.));
#5128 = ADVANCED_FACE('',(#5129),#5147,.F.);
#5129 = FACE_BOUND('',#5130,.F.);
#5130 = EDGE_LOOP('',(#5131,#5139,#5145,#5146));
#5131 = ORIENTED_EDGE('',*,*,#5132,.F.);
#5132 = EDGE_CURVE('',#5133,#5107,#5135,.T.);
#5133 = VERTEX_POINT('',#5134);
#5134 = CARTESIAN_POINT('',(1.628879097093,-6.71351744186,-0.2));
#5135 = B_SPLINE_CURVE_WITH_KNOTS('',2,(#5136,#5137,#5138),
  .UNSPECIFIED.,.F.,.F.,(3,3),(0.,1.),.PIECEWISE_BEZIER_KNOTS.);
#5136 = CARTESIAN_POINT('',(1.628879097093,-6.71351744186,-0.2));
#5137 = CARTESIAN_POINT('',(1.575572411047,-6.822093023256,-0.2));
#5138 = CARTESIAN_POINT('',(1.497084038953,-6.881041061047,-0.2));
#5139 = ORIENTED_EDGE('',*,*,#5140,.T.);
#5140 = EDGE_CURVE('',#5133,#1035,#5141,.T.);
#5141 = LINE('',#5142,#5143);
#5142 = CARTESIAN_POINT('',(1.628879097093,-6.71351744186,-0.2));
#5143 = VECTOR('',#5144,1.);
#5144 = DIRECTION('',(0.,0.,1.));
#5145 = ORIENTED_EDGE('',*,*,#1047,.F.);
#5146 = ORIENTED_EDGE('',*,*,#5114,.F.);
#5147 = SURFACE_OF_LINEAR_EXTRUSION('',#5148,#5152);
#5148 = B_SPLINE_CURVE_WITH_KNOTS('',2,(#5149,#5150,#5151),
  .UNSPECIFIED.,.F.,.F.,(3,3),(0.,1.),.PIECEWISE_BEZIER_KNOTS.);
#5149 = CARTESIAN_POINT('',(1.628879097093,-6.71351744186,-0.2));
#5150 = CARTESIAN_POINT('',(1.575572411047,-6.822093023256,-0.2));
#5151 = CARTESIAN_POINT('',(1.497084038953,-6.881041061047,-0.2));
#5152 = VECTOR('',#5153,1.);
#5153 = DIRECTION('',(-0.,-0.,-1.));
#5154 = ADVANCED_FACE('',(#5155),#5173,.F.);
#5155 = FACE_BOUND('',#5156,.F.);
#5156 = EDGE_LOOP('',(#5157,#5165,#5171,#5172));
#5157 = ORIENTED_EDGE('',*,*,#5158,.F.);
#5158 = EDGE_CURVE('',#5159,#5133,#5161,.T.);
#5159 = VERTEX_POINT('',#5160);
#5160 = CARTESIAN_POINT('',(1.68226754186,-6.478461119186,-0.2));
#5161 = B_SPLINE_CURVE_WITH_KNOTS('',2,(#5162,#5163,#5164),
  .UNSPECIFIED.,.F.,.F.,(3,3),(0.,1.),.PIECEWISE_BEZIER_KNOTS.);
#5162 = CARTESIAN_POINT('',(1.68226754186,-6.478461119186,-0.2));
#5163 = CARTESIAN_POINT('',(1.68226754186,-6.604860101744,-0.2));
#5164 = CARTESIAN_POINT('',(1.628879097093,-6.71351744186,-0.2));
#5165 = ORIENTED_EDGE('',*,*,#5166,.T.);
#5166 = EDGE_CURVE('',#5159,#1020,#5167,.T.);
#5167 = LINE('',#5168,#5169);
#5168 = CARTESIAN_POINT('',(1.68226754186,-6.478461119186,-0.2));
#5169 = VECTOR('',#5170,1.);
#5170 = DIRECTION('',(0.,0.,1.));
#5171 = ORIENTED_EDGE('',*,*,#1034,.F.);
#5172 = ORIENTED_EDGE('',*,*,#5140,.F.);
#5173 = SURFACE_OF_LINEAR_EXTRUSION('',#5174,#5178);
#5174 = B_SPLINE_CURVE_WITH_KNOTS('',2,(#5175,#5176,#5177),
  .UNSPECIFIED.,.F.,.F.,(3,3),(0.,1.),.PIECEWISE_BEZIER_KNOTS.);
#5175 = CARTESIAN_POINT('',(1.68226754186,-6.478461119186,-0.2));
#5176 = CARTESIAN_POINT('',(1.68226754186,-6.604860101744,-0.2));
#5177 = CARTESIAN_POINT('',(1.628879097093,-6.71351744186,-0.2));
#5178 = VECTOR('',#5179,1.);
#5179 = DIRECTION('',(-0.,-0.,-1.));
#5180 = ADVANCED_FACE('',(#5181),#5199,.F.);
#5181 = FACE_BOUND('',#5182,.F.);
#5182 = EDGE_LOOP('',(#5183,#5191,#5197,#5198));
#5183 = ORIENTED_EDGE('',*,*,#5184,.F.);
#5184 = EDGE_CURVE('',#5185,#5159,#5187,.T.);
#5185 = VERTEX_POINT('',#5186);
#5186 = CARTESIAN_POINT('',(1.594540434302,-6.206041061047,-0.2));
#5187 = B_SPLINE_CURVE_WITH_KNOTS('',2,(#5188,#5189,#5190),
  .UNSPECIFIED.,.F.,.F.,(3,3),(0.,1.),.PIECEWISE_BEZIER_KNOTS.);
#5188 = CARTESIAN_POINT('',(1.594540434302,-6.206041061047,-0.2));
#5189 = CARTESIAN_POINT('',(1.68226754186,-6.321402616279,-0.2));
#5190 = CARTESIAN_POINT('',(1.68226754186,-6.478461119186,-0.2));
#5191 = ORIENTED_EDGE('',*,*,#5192,.T.);
#5192 = EDGE_CURVE('',#5185,#1005,#5193,.T.);
#5193 = LINE('',#5194,#5195);
#5194 = CARTESIAN_POINT('',(1.594540434302,-6.206041061047,-0.2));
#5195 = VECTOR('',#5196,1.);
#5196 = DIRECTION('',(0.,0.,1.));
#5197 = ORIENTED_EDGE('',*,*,#1019,.F.);
#5198 = ORIENTED_EDGE('',*,*,#5166,.F.);
#5199 = SURFACE_OF_LINEAR_EXTRUSION('',#5200,#5204);
#5200 = B_SPLINE_CURVE_WITH_KNOTS('',2,(#5201,#5202,#5203),
  .UNSPECIFIED.,.F.,.F.,(3,3),(0.,1.),.PIECEWISE_BEZIER_KNOTS.);
#5201 = CARTESIAN_POINT('',(1.594540434302,-6.206041061047,-0.2));
#5202 = CARTESIAN_POINT('',(1.68226754186,-6.321402616279,-0.2));
#5203 = CARTESIAN_POINT('',(1.68226754186,-6.478461119186,-0.2));
#5204 = VECTOR('',#5205,1.);
#5205 = DIRECTION('',(-0.,-0.,-1.));
#5206 = ADVANCED_FACE('',(#5207),#5225,.F.);
#5207 = FACE_BOUND('',#5208,.F.);
#5208 = EDGE_LOOP('',(#5209,#5217,#5223,#5224));
#5209 = ORIENTED_EDGE('',*,*,#5210,.F.);
#5210 = EDGE_CURVE('',#5211,#5185,#5213,.T.);
#5211 = VERTEX_POINT('',#5212);
#5212 = CARTESIAN_POINT('',(1.343786437209,-6.04285065407,-0.2));
#5213 = B_SPLINE_CURVE_WITH_KNOTS('',2,(#5214,#5215,#5216),
  .UNSPECIFIED.,.F.,.F.,(3,3),(0.,1.),.PIECEWISE_BEZIER_KNOTS.);
#5214 = CARTESIAN_POINT('',(1.343786437209,-6.04285065407,-0.2));
#5215 = CARTESIAN_POINT('',(1.506895085465,-6.090679505814,-0.2));
#5216 = CARTESIAN_POINT('',(1.594540434302,-6.206041061047,-0.2));
#5217 = ORIENTED_EDGE('',*,*,#5218,.T.);
#5218 = EDGE_CURVE('',#5211,#994,#5219,.T.);
#5219 = LINE('',#5220,#5221);
#5220 = CARTESIAN_POINT('',(1.343786437209,-6.04285065407,-0.2));
#5221 = VECTOR('',#5222,1.);
#5222 = DIRECTION('',(0.,0.,1.));
#5223 = ORIENTED_EDGE('',*,*,#1004,.F.);
#5224 = ORIENTED_EDGE('',*,*,#5192,.F.);
#5225 = SURFACE_OF_LINEAR_EXTRUSION('',#5226,#5230);
#5226 = B_SPLINE_CURVE_WITH_KNOTS('',2,(#5227,#5228,#5229),
  .UNSPECIFIED.,.F.,.F.,(3,3),(0.,1.),.PIECEWISE_BEZIER_KNOTS.);
#5227 = CARTESIAN_POINT('',(1.343786437209,-6.04285065407,-0.2));
#5228 = CARTESIAN_POINT('',(1.506895085465,-6.090679505814,-0.2));
#5229 = CARTESIAN_POINT('',(1.594540434302,-6.206041061047,-0.2));
#5230 = VECTOR('',#5231,1.);
#5231 = DIRECTION('',(-0.,-0.,-1.));
#5232 = ADVANCED_FACE('',(#5233),#5251,.F.);
#5233 = FACE_BOUND('',#5234,.F.);
#5234 = EDGE_LOOP('',(#5235,#5243,#5249,#5250));
#5235 = ORIENTED_EDGE('',*,*,#5236,.F.);
#5236 = EDGE_CURVE('',#5237,#5211,#5239,.T.);
#5237 = VERTEX_POINT('',#5238);
#5238 = CARTESIAN_POINT('',(1.532649082558,-5.878270348837,-0.2));
#5239 = B_SPLINE_CURVE_WITH_KNOTS('',2,(#5240,#5241,#5242),
  .UNSPECIFIED.,.F.,.F.,(3,3),(0.,1.),.PIECEWISE_BEZIER_KNOTS.);
#5240 = CARTESIAN_POINT('',(1.532649082558,-5.878270348837,-0.2));
#5241 = CARTESIAN_POINT('',(1.470103661047,-5.980223473837,-0.2));
#5242 = CARTESIAN_POINT('',(1.343786437209,-6.04285065407,-0.2));
#5243 = ORIENTED_EDGE('',*,*,#5244,.T.);
#5244 = EDGE_CURVE('',#5237,#981,#5245,.T.);
#5245 = LINE('',#5246,#5247);
#5246 = CARTESIAN_POINT('',(1.532649082558,-5.878270348837,-0.2));
#5247 = VECTOR('',#5248,1.);
#5248 = DIRECTION('',(0.,0.,1.));
#5249 = ORIENTED_EDGE('',*,*,#993,.F.);
#5250 = ORIENTED_EDGE('',*,*,#5218,.F.);
#5251 = SURFACE_OF_LINEAR_EXTRUSION('',#5252,#5256);
#5252 = B_SPLINE_CURVE_WITH_KNOTS('',2,(#5253,#5254,#5255),
  .UNSPECIFIED.,.F.,.F.,(3,3),(0.,1.),.PIECEWISE_BEZIER_KNOTS.);
#5253 = CARTESIAN_POINT('',(1.532649082558,-5.878270348837,-0.2));
#5254 = CARTESIAN_POINT('',(1.470103661047,-5.980223473837,-0.2));
#5255 = CARTESIAN_POINT('',(1.343786437209,-6.04285065407,-0.2));
#5256 = VECTOR('',#5257,1.);
#5257 = DIRECTION('',(-0.,-0.,-1.));
#5258 = ADVANCED_FACE('',(#5259),#5277,.F.);
#5259 = FACE_BOUND('',#5260,.F.);
#5260 = EDGE_LOOP('',(#5261,#5269,#5275,#5276));
#5261 = ORIENTED_EDGE('',*,*,#5262,.F.);
#5262 = EDGE_CURVE('',#5263,#5237,#5265,.T.);
#5263 = VERTEX_POINT('',#5264);
#5264 = CARTESIAN_POINT('',(1.59519450407,-5.660710392442,-0.2));
#5265 = B_SPLINE_CURVE_WITH_KNOTS('',2,(#5266,#5267,#5268),
  .UNSPECIFIED.,.F.,.F.,(3,3),(0.,1.),.PIECEWISE_BEZIER_KNOTS.);
#5266 = CARTESIAN_POINT('',(1.59519450407,-5.660710392442,-0.2));
#5267 = CARTESIAN_POINT('',(1.59519450407,-5.776235465116,-0.2));
#5268 = CARTESIAN_POINT('',(1.532649082558,-5.878270348837,-0.2));
#5269 = ORIENTED_EDGE('',*,*,#5270,.T.);
#5270 = EDGE_CURVE('',#5263,#968,#5271,.T.);
#5271 = LINE('',#5272,#5273);
#5272 = CARTESIAN_POINT('',(1.59519450407,-5.660710392442,-0.2));
#5273 = VECTOR('',#5274,1.);
#5274 = DIRECTION('',(0.,0.,1.));
#5275 = ORIENTED_EDGE('',*,*,#980,.F.);
#5276 = ORIENTED_EDGE('',*,*,#5244,.F.);
#5277 = SURFACE_OF_LINEAR_EXTRUSION('',#5278,#5282);
#5278 = B_SPLINE_CURVE_WITH_KNOTS('',2,(#5279,#5280,#5281),
  .UNSPECIFIED.,.F.,.F.,(3,3),(0.,1.),.PIECEWISE_BEZIER_KNOTS.);
#5279 = CARTESIAN_POINT('',(1.59519450407,-5.660710392442,-0.2));
#5280 = CARTESIAN_POINT('',(1.59519450407,-5.776235465116,-0.2));
#5281 = CARTESIAN_POINT('',(1.532649082558,-5.878270348837,-0.2));
#5282 = VECTOR('',#5283,1.);
#5283 = DIRECTION('',(-0.,-0.,-1.));
#5284 = ADVANCED_FACE('',(#5285),#5303,.F.);
#5285 = FACE_BOUND('',#5286,.F.);
#5286 = EDGE_LOOP('',(#5287,#5295,#5301,#5302));
#5287 = ORIENTED_EDGE('',*,*,#5288,.F.);
#5288 = EDGE_CURVE('',#5289,#5263,#5291,.T.);
#5289 = VERTEX_POINT('',#5290);
#5290 = CARTESIAN_POINT('',(1.524636727907,-5.423037790698,-0.2));
#5291 = B_SPLINE_CURVE_WITH_KNOTS('',2,(#5292,#5293,#5294),
  .UNSPECIFIED.,.F.,.F.,(3,3),(0.,1.),.PIECEWISE_BEZIER_KNOTS.);
#5292 = CARTESIAN_POINT('',(1.524636727907,-5.423037790698,-0.2));
#5293 = CARTESIAN_POINT('',(1.59519450407,-5.536682412791,-0.2));
#5294 = CARTESIAN_POINT('',(1.59519450407,-5.660710392442,-0.2));
#5295 = ORIENTED_EDGE('',*,*,#5296,.T.);
#5296 = EDGE_CURVE('',#5289,#955,#5297,.T.);
#5297 = LINE('',#5298,#5299);
#5298 = CARTESIAN_POINT('',(1.524636727907,-5.423037790698,-0.2));
#5299 = VECTOR('',#5300,1.);
#5300 = DIRECTION('',(0.,0.,1.));
#5301 = ORIENTED_EDGE('',*,*,#967,.F.);
#5302 = ORIENTED_EDGE('',*,*,#5270,.F.);
#5303 = SURFACE_OF_LINEAR_EXTRUSION('',#5304,#5308);
#5304 = B_SPLINE_CURVE_WITH_KNOTS('',2,(#5305,#5306,#5307),
  .UNSPECIFIED.,.F.,.F.,(3,3),(0.,1.),.PIECEWISE_BEZIER_KNOTS.);
#5305 = CARTESIAN_POINT('',(1.524636727907,-5.423037790698,-0.2));
#5306 = CARTESIAN_POINT('',(1.59519450407,-5.536682412791,-0.2));
#5307 = CARTESIAN_POINT('',(1.59519450407,-5.660710392442,-0.2));
#5308 = VECTOR('',#5309,1.);
#5309 = DIRECTION('',(-0.,-0.,-1.));
#5310 = ADVANCED_FACE('',(#5311),#5329,.F.);
#5311 = FACE_BOUND('',#5312,.F.);
#5312 = EDGE_LOOP('',(#5313,#5321,#5327,#5328));
#5313 = ORIENTED_EDGE('',*,*,#5314,.F.);
#5314 = EDGE_CURVE('',#5315,#5289,#5317,.T.);
#5315 = VERTEX_POINT('',#5316);
#5316 = CARTESIAN_POINT('',(1.329642178488,-5.254696584302,-0.2));
#5317 = B_SPLINE_CURVE_WITH_KNOTS('',2,(#5318,#5319,#5320),
  .UNSPECIFIED.,.F.,.F.,(3,3),(0.,1.),.PIECEWISE_BEZIER_KNOTS.);
#5318 = CARTESIAN_POINT('',(1.329642178488,-5.254696584302,-0.2));
#5319 = CARTESIAN_POINT('',(1.454160710465,-5.309311409884,-0.2));
#5320 = CARTESIAN_POINT('',(1.524636727907,-5.423037790698,-0.2));
#5321 = ORIENTED_EDGE('',*,*,#5322,.T.);
#5322 = EDGE_CURVE('',#5315,#944,#5323,.T.);
#5323 = LINE('',#5324,#5325);
#5324 = CARTESIAN_POINT('',(1.329642178488,-5.254696584302,-0.2));
#5325 = VECTOR('',#5326,1.);
#5326 = DIRECTION('',(0.,0.,1.));
#5327 = ORIENTED_EDGE('',*,*,#954,.F.);
#5328 = ORIENTED_EDGE('',*,*,#5296,.F.);
#5329 = SURFACE_OF_LINEAR_EXTRUSION('',#5330,#5334);
#5330 = B_SPLINE_CURVE_WITH_KNOTS('',2,(#5331,#5332,#5333),
  .UNSPECIFIED.,.F.,.F.,(3,3),(0.,1.),.PIECEWISE_BEZIER_KNOTS.);
#5331 = CARTESIAN_POINT('',(1.329642178488,-5.254696584302,-0.2));
#5332 = CARTESIAN_POINT('',(1.454160710465,-5.309311409884,-0.2));
#5333 = CARTESIAN_POINT('',(1.524636727907,-5.423037790698,-0.2));
#5334 = VECTOR('',#5335,1.);
#5335 = DIRECTION('',(-0.,-0.,-1.));
#5336 = ADVANCED_FACE('',(#5337),#5355,.F.);
#5337 = FACE_BOUND('',#5338,.F.);
#5338 = EDGE_LOOP('',(#5339,#5347,#5353,#5354));
#5339 = ORIENTED_EDGE('',*,*,#5340,.F.);
#5340 = EDGE_CURVE('',#5341,#5315,#5343,.T.);
#5341 = VERTEX_POINT('',#5342);
#5342 = CARTESIAN_POINT('',(0.999173428488,-5.2,-0.2));
#5343 = B_SPLINE_CURVE_WITH_KNOTS('',2,(#5344,#5345,#5346),
  .UNSPECIFIED.,.F.,.F.,(3,3),(0.,1.),.PIECEWISE_BEZIER_KNOTS.);
#5344 = CARTESIAN_POINT('',(0.999173428488,-5.2,-0.2));
#5345 = CARTESIAN_POINT('',(1.205205405233,-5.2,-0.2));
#5346 = CARTESIAN_POINT('',(1.329642178488,-5.254696584302,-0.2));
#5347 = ORIENTED_EDGE('',*,*,#5348,.T.);
#5348 = EDGE_CURVE('',#5341,#936,#5349,.T.);
#5349 = LINE('',#5350,#5351);
#5350 = CARTESIAN_POINT('',(0.999173428488,-5.2,-0.2));
#5351 = VECTOR('',#5352,1.);
#5352 = DIRECTION('',(0.,0.,1.));
#5353 = ORIENTED_EDGE('',*,*,#943,.F.);
#5354 = ORIENTED_EDGE('',*,*,#5322,.F.);
#5355 = SURFACE_OF_LINEAR_EXTRUSION('',#5356,#5360);
#5356 = B_SPLINE_CURVE_WITH_KNOTS('',2,(#5357,#5358,#5359),
  .UNSPECIFIED.,.F.,.F.,(3,3),(0.,1.),.PIECEWISE_BEZIER_KNOTS.);
#5357 = CARTESIAN_POINT('',(0.999173428488,-5.2,-0.2));
#5358 = CARTESIAN_POINT('',(1.205205405233,-5.2,-0.2));
#5359 = CARTESIAN_POINT('',(1.329642178488,-5.254696584302,-0.2));
#5360 = VECTOR('',#5361,1.);
#5361 = DIRECTION('',(-0.,-0.,-1.));
#5362 = ADVANCED_FACE('',(#5363),#5374,.F.);
#5363 = FACE_BOUND('',#5364,.F.);
#5364 = EDGE_LOOP('',(#5365,#5371,#5372,#5373));
#5365 = ORIENTED_EDGE('',*,*,#5366,.F.);
#5366 = EDGE_CURVE('',#5028,#5341,#5367,.T.);
#5367 = LINE('',#5368,#5369);
#5368 = CARTESIAN_POINT('',(0.324663980814,-5.2,-0.2));
#5369 = VECTOR('',#5370,1.);
#5370 = DIRECTION('',(1.,0.,0.));
#5371 = ORIENTED_EDGE('',*,*,#5042,.T.);
#5372 = ORIENTED_EDGE('',*,*,#935,.F.);
#5373 = ORIENTED_EDGE('',*,*,#5348,.F.);
#5374 = PLANE('',#5375);
#5375 = AXIS2_PLACEMENT_3D('',#5376,#5377,#5378);
#5376 = CARTESIAN_POINT('',(0.324663980814,-5.2,-0.2));
#5377 = DIRECTION('',(0.,1.,0.));
#5378 = DIRECTION('',(1.,0.,0.));
#5379 = ADVANCED_FACE('',(#5380),#5405,.F.);
#5380 = FACE_BOUND('',#5381,.F.);
#5381 = EDGE_LOOP('',(#5382,#5392,#5398,#5399));
#5382 = ORIENTED_EDGE('',*,*,#5383,.F.);
#5383 = EDGE_CURVE('',#5384,#5386,#5388,.T.);
#5384 = VERTEX_POINT('',#5385);
#5385 = CARTESIAN_POINT('',(2.013799155233,-7.,-0.2));
#5386 = VERTEX_POINT('',#5387);
#5387 = CARTESIAN_POINT('',(2.013799155233,-5.2,-0.2));
#5388 = LINE('',#5389,#5390);
#5389 = CARTESIAN_POINT('',(2.013799155233,-7.,-0.2));
#5390 = VECTOR('',#5391,1.);
#5391 = DIRECTION('',(0.,1.,0.));
#5392 = ORIENTED_EDGE('',*,*,#5393,.T.);
#5393 = EDGE_CURVE('',#5384,#1090,#5394,.T.);
#5394 = LINE('',#5395,#5396);
#5395 = CARTESIAN_POINT('',(2.013799155233,-7.,-0.2));
#5396 = VECTOR('',#5397,1.);
#5397 = DIRECTION('',(0.,0.,1.));
#5398 = ORIENTED_EDGE('',*,*,#1087,.F.);
#5399 = ORIENTED_EDGE('',*,*,#5400,.F.);
#5400 = EDGE_CURVE('',#5386,#1088,#5401,.T.);
#5401 = LINE('',#5402,#5403);
#5402 = CARTESIAN_POINT('',(2.013799155233,-5.2,-0.2));
#5403 = VECTOR('',#5404,1.);
#5404 = DIRECTION('',(0.,0.,1.));
#5405 = PLANE('',#5406);
#5406 = AXIS2_PLACEMENT_3D('',#5407,#5408,#5409);
#5407 = CARTESIAN_POINT('',(2.013799155233,-7.,-0.2));
#5408 = DIRECTION('',(-1.,0.,0.));
#5409 = DIRECTION('',(0.,1.,0.));
#5410 = ADVANCED_FACE('',(#5411),#5429,.F.);
#5411 = FACE_BOUND('',#5412,.F.);
#5412 = EDGE_LOOP('',(#5413,#5421,#5427,#5428));
#5413 = ORIENTED_EDGE('',*,*,#5414,.F.);
#5414 = EDGE_CURVE('',#5415,#5384,#5417,.T.);
#5415 = VERTEX_POINT('',#5416);
#5416 = CARTESIAN_POINT('',(3.355459765698,-7.,-0.2));
#5417 = LINE('',#5418,#5419);
#5418 = CARTESIAN_POINT('',(3.355459765698,-7.,-0.2));
#5419 = VECTOR('',#5420,1.);
#5420 = DIRECTION('',(-1.,0.,0.));
#5421 = ORIENTED_EDGE('',*,*,#5422,.T.);
#5422 = EDGE_CURVE('',#5415,#1170,#5423,.T.);
#5423 = LINE('',#5424,#5425);
#5424 = CARTESIAN_POINT('',(3.355459765698,-7.,-0.2));
#5425 = VECTOR('',#5426,1.);
#5426 = DIRECTION('',(0.,0.,1.));
#5427 = ORIENTED_EDGE('',*,*,#1177,.F.);
#5428 = ORIENTED_EDGE('',*,*,#5393,.F.);
#5429 = PLANE('',#5430);
#5430 = AXIS2_PLACEMENT_3D('',#5431,#5432,#5433);
#5431 = CARTESIAN_POINT('',(3.355459765698,-7.,-0.2));
#5432 = DIRECTION('',(0.,-1.,0.));
#5433 = DIRECTION('',(-1.,0.,0.));
#5434 = ADVANCED_FACE('',(#5435),#5453,.F.);
#5435 = FACE_BOUND('',#5436,.F.);
#5436 = EDGE_LOOP('',(#5437,#5445,#5451,#5452));
#5437 = ORIENTED_EDGE('',*,*,#5438,.F.);
#5438 = EDGE_CURVE('',#5439,#5415,#5441,.T.);
#5439 = VERTEX_POINT('',#5440);
#5440 = CARTESIAN_POINT('',(3.355459765698,-6.792005813953,-0.2));
#5441 = LINE('',#5442,#5443);
#5442 = CARTESIAN_POINT('',(3.355459765698,-6.792005813953,-0.2));
#5443 = VECTOR('',#5444,1.);
#5444 = DIRECTION('',(0.,-1.,0.));
#5445 = ORIENTED_EDGE('',*,*,#5446,.T.);
#5446 = EDGE_CURVE('',#5439,#1162,#5447,.T.);
#5447 = LINE('',#5448,#5449);
#5448 = CARTESIAN_POINT('',(3.355459765698,-6.792005813953,-0.2));
#5449 = VECTOR('',#5450,1.);
#5450 = DIRECTION('',(0.,0.,1.));
#5451 = ORIENTED_EDGE('',*,*,#1169,.F.);
#5452 = ORIENTED_EDGE('',*,*,#5422,.F.);
#5453 = PLANE('',#5454);
#5454 = AXIS2_PLACEMENT_3D('',#5455,#5456,#5457);
#5455 = CARTESIAN_POINT('',(3.355459765698,-6.792005813953,-0.2));
#5456 = DIRECTION('',(1.,0.,0.));
#5457 = DIRECTION('',(0.,-1.,0.));
#5458 = ADVANCED_FACE('',(#5459),#5477,.F.);
#5459 = FACE_BOUND('',#5460,.F.);
#5460 = EDGE_LOOP('',(#5461,#5469,#5475,#5476));
#5461 = ORIENTED_EDGE('',*,*,#5462,.F.);
#5462 = EDGE_CURVE('',#5463,#5439,#5465,.T.);
#5463 = VERTEX_POINT('',#5464);
#5464 = CARTESIAN_POINT('',(2.25171703314,-6.792005813953,-0.2));
#5465 = LINE('',#5466,#5467);
#5466 = CARTESIAN_POINT('',(2.25171703314,-6.792005813953,-0.2));
#5467 = VECTOR('',#5468,1.);
#5468 = DIRECTION('',(1.,0.,0.));
#5469 = ORIENTED_EDGE('',*,*,#5470,.T.);
#5470 = EDGE_CURVE('',#5463,#1154,#5471,.T.);
#5471 = LINE('',#5472,#5473);
#5472 = CARTESIAN_POINT('',(2.25171703314,-6.792005813953,-0.2));
#5473 = VECTOR('',#5474,1.);
#5474 = DIRECTION('',(0.,0.,1.));
#5475 = ORIENTED_EDGE('',*,*,#1161,.F.);
#5476 = ORIENTED_EDGE('',*,*,#5446,.F.);
#5477 = PLANE('',#5478);
#5478 = AXIS2_PLACEMENT_3D('',#5479,#5480,#5481);
#5479 = CARTESIAN_POINT('',(2.25171703314,-6.792005813953,-0.2));
#5480 = DIRECTION('',(0.,1.,0.));
#5481 = DIRECTION('',(1.,0.,0.));
#5482 = ADVANCED_FACE('',(#5483),#5501,.F.);
#5483 = FACE_BOUND('',#5484,.F.);
#5484 = EDGE_LOOP('',(#5485,#5493,#5499,#5500));
#5485 = ORIENTED_EDGE('',*,*,#5486,.F.);
#5486 = EDGE_CURVE('',#5487,#5463,#5489,.T.);
#5487 = VERTEX_POINT('',#5488);
#5488 = CARTESIAN_POINT('',(2.25171703314,-6.171947674419,-0.2));
#5489 = LINE('',#5490,#5491);
#5490 = CARTESIAN_POINT('',(2.25171703314,-6.171947674419,-0.2));
#5491 = VECTOR('',#5492,1.);
#5492 = DIRECTION('',(0.,-1.,0.));
#5493 = ORIENTED_EDGE('',*,*,#5494,.T.);
#5494 = EDGE_CURVE('',#5487,#1146,#5495,.T.);
#5495 = LINE('',#5496,#5497);
#5496 = CARTESIAN_POINT('',(2.25171703314,-6.171947674419,-0.2));
#5497 = VECTOR('',#5498,1.);
#5498 = DIRECTION('',(0.,0.,1.));
#5499 = ORIENTED_EDGE('',*,*,#1153,.F.);
#5500 = ORIENTED_EDGE('',*,*,#5470,.F.);
#5501 = PLANE('',#5502);
#5502 = AXIS2_PLACEMENT_3D('',#5503,#5504,#5505);
#5503 = CARTESIAN_POINT('',(2.25171703314,-6.171947674419,-0.2));
#5504 = DIRECTION('',(1.,0.,0.));
#5505 = DIRECTION('',(0.,-1.,0.));
#5506 = ADVANCED_FACE('',(#5507),#5525,.F.);
#5507 = FACE_BOUND('',#5508,.F.);
#5508 = EDGE_LOOP('',(#5509,#5517,#5523,#5524));
#5509 = ORIENTED_EDGE('',*,*,#5510,.F.);
#5510 = EDGE_CURVE('',#5511,#5487,#5513,.T.);
#5511 = VERTEX_POINT('',#5512);
#5512 = CARTESIAN_POINT('',(3.246311873256,-6.171947674419,-0.2));
#5513 = LINE('',#5514,#5515);
#5514 = CARTESIAN_POINT('',(3.246311873256,-6.171947674419,-0.2));
#5515 = VECTOR('',#5516,1.);
#5516 = DIRECTION('',(-1.,0.,0.));
#5517 = ORIENTED_EDGE('',*,*,#5518,.T.);
#5518 = EDGE_CURVE('',#5511,#1138,#5519,.T.);
#5519 = LINE('',#5520,#5521);
#5520 = CARTESIAN_POINT('',(3.246311873256,-6.171947674419,-0.2));
#5521 = VECTOR('',#5522,1.);
#5522 = DIRECTION('',(0.,0.,1.));
#5523 = ORIENTED_EDGE('',*,*,#1145,.F.);
#5524 = ORIENTED_EDGE('',*,*,#5494,.F.);
#5525 = PLANE('',#5526);
#5526 = AXIS2_PLACEMENT_3D('',#5527,#5528,#5529);
#5527 = CARTESIAN_POINT('',(3.246311873256,-6.171947674419,-0.2));
#5528 = DIRECTION('',(0.,-1.,0.));
#5529 = DIRECTION('',(-1.,0.,0.));
#5530 = ADVANCED_FACE('',(#5531),#5549,.F.);
#5531 = FACE_BOUND('',#5532,.F.);
#5532 = EDGE_LOOP('',(#5533,#5541,#5547,#5548));
#5533 = ORIENTED_EDGE('',*,*,#5534,.F.);
#5534 = EDGE_CURVE('',#5535,#5511,#5537,.T.);
#5535 = VERTEX_POINT('',#5536);
#5536 = CARTESIAN_POINT('',(3.246311873256,-5.963953488372,-0.2));
#5537 = LINE('',#5538,#5539);
#5538 = CARTESIAN_POINT('',(3.246311873256,-5.963953488372,-0.2));
#5539 = VECTOR('',#5540,1.);
#5540 = DIRECTION('',(0.,-1.,0.));
#5541 = ORIENTED_EDGE('',*,*,#5542,.T.);
#5542 = EDGE_CURVE('',#5535,#1130,#5543,.T.);
#5543 = LINE('',#5544,#5545);
#5544 = CARTESIAN_POINT('',(3.246311873256,-5.963953488372,-0.2));
#5545 = VECTOR('',#5546,1.);
#5546 = DIRECTION('',(0.,0.,1.));
#5547 = ORIENTED_EDGE('',*,*,#1137,.F.);
#5548 = ORIENTED_EDGE('',*,*,#5518,.F.);
#5549 = PLANE('',#5550);
#5550 = AXIS2_PLACEMENT_3D('',#5551,#5552,#5553);
#5551 = CARTESIAN_POINT('',(3.246311873256,-5.963953488372,-0.2));
#5552 = DIRECTION('',(1.,0.,0.));
#5553 = DIRECTION('',(0.,-1.,0.));
#5554 = ADVANCED_FACE('',(#5555),#5573,.F.);
#5555 = FACE_BOUND('',#5556,.F.);
#5556 = EDGE_LOOP('',(#5557,#5565,#5571,#5572));
#5557 = ORIENTED_EDGE('',*,*,#5558,.F.);
#5558 = EDGE_CURVE('',#5559,#5535,#5561,.T.);
#5559 = VERTEX_POINT('',#5560);
#5560 = CARTESIAN_POINT('',(2.25171703314,-5.963953488372,-0.2));
#5561 = LINE('',#5562,#5563);
#5562 = CARTESIAN_POINT('',(2.25171703314,-5.963953488372,-0.2));
#5563 = VECTOR('',#5564,1.);
#5564 = DIRECTION('',(1.,0.,0.));
#5565 = ORIENTED_EDGE('',*,*,#5566,.T.);
#5566 = EDGE_CURVE('',#5559,#1122,#5567,.T.);
#5567 = LINE('',#5568,#5569);
#5568 = CARTESIAN_POINT('',(2.25171703314,-5.963953488372,-0.2));
#5569 = VECTOR('',#5570,1.);
#5570 = DIRECTION('',(0.,0.,1.));
#5571 = ORIENTED_EDGE('',*,*,#1129,.F.);
#5572 = ORIENTED_EDGE('',*,*,#5542,.F.);
#5573 = PLANE('',#5574);
#5574 = AXIS2_PLACEMENT_3D('',#5575,#5576,#5577);
#5575 = CARTESIAN_POINT('',(2.25171703314,-5.963953488372,-0.2));
#5576 = DIRECTION('',(0.,1.,0.));
#5577 = DIRECTION('',(1.,0.,0.));
#5578 = ADVANCED_FACE('',(#5579),#5597,.F.);
#5579 = FACE_BOUND('',#5580,.F.);
#5580 = EDGE_LOOP('',(#5581,#5589,#5595,#5596));
#5581 = ORIENTED_EDGE('',*,*,#5582,.F.);
#5582 = EDGE_CURVE('',#5583,#5559,#5585,.T.);
#5583 = VERTEX_POINT('',#5584);
#5584 = CARTESIAN_POINT('',(2.25171703314,-5.407994186047,-0.2));
#5585 = LINE('',#5586,#5587);
#5586 = CARTESIAN_POINT('',(2.25171703314,-5.407994186047,-0.2));
#5587 = VECTOR('',#5588,1.);
#5588 = DIRECTION('',(0.,-1.,0.));
#5589 = ORIENTED_EDGE('',*,*,#5590,.T.);
#5590 = EDGE_CURVE('',#5583,#1114,#5591,.T.);
#5591 = LINE('',#5592,#5593);
#5592 = CARTESIAN_POINT('',(2.25171703314,-5.407994186047,-0.2));
#5593 = VECTOR('',#5594,1.);
#5594 = DIRECTION('',(0.,0.,1.));
#5595 = ORIENTED_EDGE('',*,*,#1121,.F.);
#5596 = ORIENTED_EDGE('',*,*,#5566,.F.);
#5597 = PLANE('',#5598);
#5598 = AXIS2_PLACEMENT_3D('',#5599,#5600,#5601);
#5599 = CARTESIAN_POINT('',(2.25171703314,-5.407994186047,-0.2));
#5600 = DIRECTION('',(1.,0.,0.));
#5601 = DIRECTION('',(0.,-1.,0.));
#5602 = ADVANCED_FACE('',(#5603),#5621,.F.);
#5603 = FACE_BOUND('',#5604,.F.);
#5604 = EDGE_LOOP('',(#5605,#5613,#5619,#5620));
#5605 = ORIENTED_EDGE('',*,*,#5606,.F.);
#5606 = EDGE_CURVE('',#5607,#5583,#5609,.T.);
#5607 = VERTEX_POINT('',#5608);
#5608 = CARTESIAN_POINT('',(3.313762818023,-5.407994186047,-0.2));
#5609 = LINE('',#5610,#5611);
#5610 = CARTESIAN_POINT('',(3.313762818023,-5.407994186047,-0.2));
#5611 = VECTOR('',#5612,1.);
#5612 = DIRECTION('',(-1.,0.,0.));
#5613 = ORIENTED_EDGE('',*,*,#5614,.T.);
#5614 = EDGE_CURVE('',#5607,#1106,#5615,.T.);
#5615 = LINE('',#5616,#5617);
#5616 = CARTESIAN_POINT('',(3.313762818023,-5.407994186047,-0.2));
#5617 = VECTOR('',#5618,1.);
#5618 = DIRECTION('',(0.,0.,1.));
#5619 = ORIENTED_EDGE('',*,*,#1113,.F.);
#5620 = ORIENTED_EDGE('',*,*,#5590,.F.);
#5621 = PLANE('',#5622);
#5622 = AXIS2_PLACEMENT_3D('',#5623,#5624,#5625);
#5623 = CARTESIAN_POINT('',(3.313762818023,-5.407994186047,-0.2));
#5624 = DIRECTION('',(0.,-1.,0.));
#5625 = DIRECTION('',(-1.,0.,0.));
#5626 = ADVANCED_FACE('',(#5627),#5645,.F.);
#5627 = FACE_BOUND('',#5628,.F.);
#5628 = EDGE_LOOP('',(#5629,#5637,#5643,#5644));
#5629 = ORIENTED_EDGE('',*,*,#5630,.F.);
#5630 = EDGE_CURVE('',#5631,#5607,#5633,.T.);
#5631 = VERTEX_POINT('',#5632);
#5632 = CARTESIAN_POINT('',(3.313762818023,-5.2,-0.2));
#5633 = LINE('',#5634,#5635);
#5634 = CARTESIAN_POINT('',(3.313762818023,-5.2,-0.2));
#5635 = VECTOR('',#5636,1.);
#5636 = DIRECTION('',(0.,-1.,0.));
#5637 = ORIENTED_EDGE('',*,*,#5638,.T.);
#5638 = EDGE_CURVE('',#5631,#1098,#5639,.T.);
#5639 = LINE('',#5640,#5641);
#5640 = CARTESIAN_POINT('',(3.313762818023,-5.2,-0.2));
#5641 = VECTOR('',#5642,1.);
#5642 = DIRECTION('',(0.,0.,1.));
#5643 = ORIENTED_EDGE('',*,*,#1105,.F.);
#5644 = ORIENTED_EDGE('',*,*,#5614,.F.);
#5645 = PLANE('',#5646);
#5646 = AXIS2_PLACEMENT_3D('',#5647,#5648,#5649);
#5647 = CARTESIAN_POINT('',(3.313762818023,-5.2,-0.2));
#5648 = DIRECTION('',(1.,0.,0.));
#5649 = DIRECTION('',(0.,-1.,0.));
#5650 = ADVANCED_FACE('',(#5651),#5662,.F.);
#5651 = FACE_BOUND('',#5652,.F.);
#5652 = EDGE_LOOP('',(#5653,#5659,#5660,#5661));
#5653 = ORIENTED_EDGE('',*,*,#5654,.F.);
#5654 = EDGE_CURVE('',#5386,#5631,#5655,.T.);
#5655 = LINE('',#5656,#5657);
#5656 = CARTESIAN_POINT('',(2.013799155233,-5.2,-0.2));
#5657 = VECTOR('',#5658,1.);
#5658 = DIRECTION('',(1.,0.,0.));
#5659 = ORIENTED_EDGE('',*,*,#5400,.T.);
#5660 = ORIENTED_EDGE('',*,*,#1097,.F.);
#5661 = ORIENTED_EDGE('',*,*,#5638,.F.);
#5662 = PLANE('',#5663);
#5663 = AXIS2_PLACEMENT_3D('',#5664,#5665,#5666);
#5664 = CARTESIAN_POINT('',(2.013799155233,-5.2,-0.2));
#5665 = DIRECTION('',(0.,1.,0.));
#5666 = DIRECTION('',(1.,0.,0.));
#5667 = ADVANCED_FACE('',(#5668),#5693,.F.);
#5668 = FACE_BOUND('',#5669,.F.);
#5669 = EDGE_LOOP('',(#5670,#5680,#5686,#5687));
#5670 = ORIENTED_EDGE('',*,*,#5671,.F.);
#5671 = EDGE_CURVE('',#5672,#5674,#5676,.T.);
#5672 = VERTEX_POINT('',#5673);
#5673 = CARTESIAN_POINT('',(4.51316325407,-7.,-0.2));
#5674 = VERTEX_POINT('',#5675);
#5675 = CARTESIAN_POINT('',(4.51316325407,-5.2,-0.2));
#5676 = LINE('',#5677,#5678);
#5677 = CARTESIAN_POINT('',(4.51316325407,-7.,-0.2));
#5678 = VECTOR('',#5679,1.);
#5679 = DIRECTION('',(0.,1.,0.));
#5680 = ORIENTED_EDGE('',*,*,#5681,.T.);
#5681 = EDGE_CURVE('',#5672,#1188,#5682,.T.);
#5682 = LINE('',#5683,#5684);
#5683 = CARTESIAN_POINT('',(4.51316325407,-7.,-0.2));
#5684 = VECTOR('',#5685,1.);
#5685 = DIRECTION('',(0.,0.,1.));
#5686 = ORIENTED_EDGE('',*,*,#1185,.F.);
#5687 = ORIENTED_EDGE('',*,*,#5688,.F.);
#5688 = EDGE_CURVE('',#5674,#1186,#5689,.T.);
#5689 = LINE('',#5690,#5691);
#5690 = CARTESIAN_POINT('',(4.51316325407,-5.2,-0.2));
#5691 = VECTOR('',#5692,1.);
#5692 = DIRECTION('',(0.,0.,1.));
#5693 = PLANE('',#5694);
#5694 = AXIS2_PLACEMENT_3D('',#5695,#5696,#5697);
#5695 = CARTESIAN_POINT('',(4.51316325407,-7.,-0.2));
#5696 = DIRECTION('',(-1.,0.,0.));
#5697 = DIRECTION('',(0.,1.,0.));
#5698 = ADVANCED_FACE('',(#5699),#5717,.F.);
#5699 = FACE_BOUND('',#5700,.F.);
#5700 = EDGE_LOOP('',(#5701,#5709,#5715,#5716));
#5701 = ORIENTED_EDGE('',*,*,#5702,.F.);
#5702 = EDGE_CURVE('',#5703,#5672,#5705,.T.);
#5703 = VERTEX_POINT('',#5704);
#5704 = CARTESIAN_POINT('',(4.742496466279,-7.,-0.2));
#5705 = LINE('',#5706,#5707);
#5706 = CARTESIAN_POINT('',(4.742496466279,-7.,-0.2));
#5707 = VECTOR('',#5708,1.);
#5708 = DIRECTION('',(-1.,0.,0.));
#5709 = ORIENTED_EDGE('',*,*,#5710,.T.);
#5710 = EDGE_CURVE('',#5703,#1298,#5711,.T.);
#5711 = LINE('',#5712,#5713);
#5712 = CARTESIAN_POINT('',(4.742496466279,-7.,-0.2));
#5713 = VECTOR('',#5714,1.);
#5714 = DIRECTION('',(0.,0.,1.));
#5715 = ORIENTED_EDGE('',*,*,#1305,.F.);
#5716 = ORIENTED_EDGE('',*,*,#5681,.F.);
#5717 = PLANE('',#5718);
#5718 = AXIS2_PLACEMENT_3D('',#5719,#5720,#5721);
#5719 = CARTESIAN_POINT('',(4.742496466279,-7.,-0.2));
#5720 = DIRECTION('',(0.,-1.,0.));
#5721 = DIRECTION('',(-1.,0.,0.));
#5722 = ADVANCED_FACE('',(#5723),#5741,.F.);
#5723 = FACE_BOUND('',#5724,.F.);
#5724 = EDGE_LOOP('',(#5725,#5733,#5739,#5740));
#5725 = ORIENTED_EDGE('',*,*,#5726,.F.);
#5726 = EDGE_CURVE('',#5727,#5703,#5729,.T.);
#5727 = VERTEX_POINT('',#5728);
#5728 = CARTESIAN_POINT('',(4.742496466279,-5.467351017442,-0.2));
#5729 = LINE('',#5730,#5731);
#5730 = CARTESIAN_POINT('',(4.742496466279,-5.467351017442,-0.2));
#5731 = VECTOR('',#5732,1.);
#5732 = DIRECTION('',(0.,-1.,0.));
#5733 = ORIENTED_EDGE('',*,*,#5734,.T.);
#5734 = EDGE_CURVE('',#5727,#1290,#5735,.T.);
#5735 = LINE('',#5736,#5737);
#5736 = CARTESIAN_POINT('',(4.742496466279,-5.467351017442,-0.2));
#5737 = VECTOR('',#5738,1.);
#5738 = DIRECTION('',(0.,0.,1.));
#5739 = ORIENTED_EDGE('',*,*,#1297,.F.);
#5740 = ORIENTED_EDGE('',*,*,#5710,.F.);
#5741 = PLANE('',#5742);
#5742 = AXIS2_PLACEMENT_3D('',#5743,#5744,#5745);
#5743 = CARTESIAN_POINT('',(4.742496466279,-5.467351017442,-0.2));
#5744 = DIRECTION('',(1.,0.,0.));
#5745 = DIRECTION('',(0.,-1.,0.));
#5746 = ADVANCED_FACE('',(#5747),#5765,.F.);
#5747 = FACE_BOUND('',#5748,.F.);
#5748 = EDGE_LOOP('',(#5749,#5757,#5763,#5764));
#5749 = ORIENTED_EDGE('',*,*,#5750,.F.);
#5750 = EDGE_CURVE('',#5751,#5727,#5753,.T.);
#5751 = VERTEX_POINT('',#5752);
#5752 = CARTESIAN_POINT('',(5.262481931395,-7.,-0.2));
#5753 = LINE('',#5754,#5755);
#5754 = CARTESIAN_POINT('',(5.262481931395,-7.,-0.2));
#5755 = VECTOR('',#5756,1.);
#5756 = DIRECTION('',(-0.32128501932,0.946982542796,0.));
#5757 = ORIENTED_EDGE('',*,*,#5758,.T.);
#5758 = EDGE_CURVE('',#5751,#1282,#5759,.T.);
#5759 = LINE('',#5760,#5761);
#5760 = CARTESIAN_POINT('',(5.262481931395,-7.,-0.2));
#5761 = VECTOR('',#5762,1.);
#5762 = DIRECTION('',(0.,0.,1.));
#5763 = ORIENTED_EDGE('',*,*,#1289,.F.);
#5764 = ORIENTED_EDGE('',*,*,#5734,.F.);
#5765 = PLANE('',#5766);
#5766 = AXIS2_PLACEMENT_3D('',#5767,#5768,#5769);
#5767 = CARTESIAN_POINT('',(5.262481931395,-7.,-0.2));
#5768 = DIRECTION('',(-0.946982542796,-0.32128501932,0.));
#5769 = DIRECTION('',(-0.32128501932,0.946982542796,0.));
#5770 = ADVANCED_FACE('',(#5771),#5789,.F.);
#5771 = FACE_BOUND('',#5772,.F.);
#5772 = EDGE_LOOP('',(#5773,#5781,#5787,#5788));
#5773 = ORIENTED_EDGE('',*,*,#5774,.F.);
#5774 = EDGE_CURVE('',#5775,#5751,#5777,.T.);
#5775 = VERTEX_POINT('',#5776);
#5776 = CARTESIAN_POINT('',(5.477098573837,-7.,-0.2));
#5777 = LINE('',#5778,#5779);
#5778 = CARTESIAN_POINT('',(5.477098573837,-7.,-0.2));
#5779 = VECTOR('',#5780,1.);
#5780 = DIRECTION('',(-1.,0.,0.));
#5781 = ORIENTED_EDGE('',*,*,#5782,.T.);
#5782 = EDGE_CURVE('',#5775,#1274,#5783,.T.);
#5783 = LINE('',#5784,#5785);
#5784 = CARTESIAN_POINT('',(5.477098573837,-7.,-0.2));
#5785 = VECTOR('',#5786,1.);
#5786 = DIRECTION('',(0.,0.,1.));
#5787 = ORIENTED_EDGE('',*,*,#1281,.F.);
#5788 = ORIENTED_EDGE('',*,*,#5758,.F.);
#5789 = PLANE('',#5790);
#5790 = AXIS2_PLACEMENT_3D('',#5791,#5792,#5793);
#5791 = CARTESIAN_POINT('',(5.477098573837,-7.,-0.2));
#5792 = DIRECTION('',(0.,-1.,0.));
#5793 = DIRECTION('',(-1.,0.,0.));
#5794 = ADVANCED_FACE('',(#5795),#5813,.F.);
#5795 = FACE_BOUND('',#5796,.F.);
#5796 = EDGE_LOOP('',(#5797,#5805,#5811,#5812));
#5797 = ORIENTED_EDGE('',*,*,#5798,.F.);
#5798 = EDGE_CURVE('',#5799,#5775,#5801,.T.);
#5799 = VERTEX_POINT('',#5800);
#5800 = CARTESIAN_POINT('',(5.999536800581,-5.493105014535,-0.2));
#5801 = LINE('',#5802,#5803);
#5802 = CARTESIAN_POINT('',(5.999536800581,-5.493105014535,-0.2));
#5803 = VECTOR('',#5804,1.);
#5804 = DIRECTION('',(-0.327570063092,-0.944826890899,0.));
#5805 = ORIENTED_EDGE('',*,*,#5806,.T.);
#5806 = EDGE_CURVE('',#5799,#1266,#5807,.T.);
#5807 = LINE('',#5808,#5809);
#5808 = CARTESIAN_POINT('',(5.999536800581,-5.493105014535,-0.2));
#5809 = VECTOR('',#5810,1.);
#5810 = DIRECTION('',(0.,0.,1.));
#5811 = ORIENTED_EDGE('',*,*,#1273,.F.);
#5812 = ORIENTED_EDGE('',*,*,#5782,.F.);
#5813 = PLANE('',#5814);
#5814 = AXIS2_PLACEMENT_3D('',#5815,#5816,#5817);
#5815 = CARTESIAN_POINT('',(5.999536800581,-5.493105014535,-0.2));
#5816 = DIRECTION('',(0.944826890899,-0.327570063092,0.));
#5817 = DIRECTION('',(-0.327570063092,-0.944826890899,0.));
#5818 = ADVANCED_FACE('',(#5819),#5837,.F.);
#5819 = FACE_BOUND('',#5820,.F.);
#5820 = EDGE_LOOP('',(#5821,#5829,#5835,#5836));
#5821 = ORIENTED_EDGE('',*,*,#5822,.F.);
#5822 = EDGE_CURVE('',#5823,#5799,#5825,.T.);
#5823 = VERTEX_POINT('',#5824);
#5824 = CARTESIAN_POINT('',(5.999536800581,-7.,-0.2));
#5825 = LINE('',#5826,#5827);
#5826 = CARTESIAN_POINT('',(5.999536800581,-7.,-0.2));
#5827 = VECTOR('',#5828,1.);
#5828 = DIRECTION('',(0.,1.,0.));
#5829 = ORIENTED_EDGE('',*,*,#5830,.T.);
#5830 = EDGE_CURVE('',#5823,#1258,#5831,.T.);
#5831 = LINE('',#5832,#5833);
#5832 = CARTESIAN_POINT('',(5.999536800581,-7.,-0.2));
#5833 = VECTOR('',#5834,1.);
#5834 = DIRECTION('',(0.,0.,1.));
#5835 = ORIENTED_EDGE('',*,*,#1265,.F.);
#5836 = ORIENTED_EDGE('',*,*,#5806,.F.);
#5837 = PLANE('',#5838);
#5838 = AXIS2_PLACEMENT_3D('',#5839,#5840,#5841);
#5839 = CARTESIAN_POINT('',(5.999536800581,-7.,-0.2));
#5840 = DIRECTION('',(-1.,0.,0.));
#5841 = DIRECTION('',(0.,1.,0.));
#5842 = ADVANCED_FACE('',(#5843),#5861,.F.);
#5843 = FACE_BOUND('',#5844,.F.);
#5844 = EDGE_LOOP('',(#5845,#5853,#5859,#5860));
#5845 = ORIENTED_EDGE('',*,*,#5846,.F.);
#5846 = EDGE_CURVE('',#5847,#5823,#5849,.T.);
#5847 = VERTEX_POINT('',#5848);
#5848 = CARTESIAN_POINT('',(6.228870012791,-7.,-0.2));
#5849 = LINE('',#5850,#5851);
#5850 = CARTESIAN_POINT('',(6.228870012791,-7.,-0.2));
#5851 = VECTOR('',#5852,1.);
#5852 = DIRECTION('',(-1.,0.,0.));
#5853 = ORIENTED_EDGE('',*,*,#5854,.T.);
#5854 = EDGE_CURVE('',#5847,#1250,#5855,.T.);
#5855 = LINE('',#5856,#5857);
#5856 = CARTESIAN_POINT('',(6.228870012791,-7.,-0.2));
#5857 = VECTOR('',#5858,1.);
#5858 = DIRECTION('',(0.,0.,1.));
#5859 = ORIENTED_EDGE('',*,*,#1257,.F.);
#5860 = ORIENTED_EDGE('',*,*,#5830,.F.);
#5861 = PLANE('',#5862);
#5862 = AXIS2_PLACEMENT_3D('',#5863,#5864,#5865);
#5863 = CARTESIAN_POINT('',(6.228870012791,-7.,-0.2));
#5864 = DIRECTION('',(0.,-1.,0.));
#5865 = DIRECTION('',(-1.,0.,0.));
#5866 = ADVANCED_FACE('',(#5867),#5885,.F.);
#5867 = FACE_BOUND('',#5868,.F.);
#5868 = EDGE_LOOP('',(#5869,#5877,#5883,#5884));
#5869 = ORIENTED_EDGE('',*,*,#5870,.F.);
#5870 = EDGE_CURVE('',#5871,#5847,#5873,.T.);
#5871 = VERTEX_POINT('',#5872);
#5872 = CARTESIAN_POINT('',(6.228870012791,-5.2,-0.2));
#5873 = LINE('',#5874,#5875);
#5874 = CARTESIAN_POINT('',(6.228870012791,-5.2,-0.2));
#5875 = VECTOR('',#5876,1.);
#5876 = DIRECTION('',(0.,-1.,0.));
#5877 = ORIENTED_EDGE('',*,*,#5878,.T.);
#5878 = EDGE_CURVE('',#5871,#1242,#5879,.T.);
#5879 = LINE('',#5880,#5881);
#5880 = CARTESIAN_POINT('',(6.228870012791,-5.2,-0.2));
#5881 = VECTOR('',#5882,1.);
#5882 = DIRECTION('',(0.,0.,1.));
#5883 = ORIENTED_EDGE('',*,*,#1249,.F.);
#5884 = ORIENTED_EDGE('',*,*,#5854,.F.);
#5885 = PLANE('',#5886);
#5886 = AXIS2_PLACEMENT_3D('',#5887,#5888,#5889);
#5887 = CARTESIAN_POINT('',(6.228870012791,-5.2,-0.2));
#5888 = DIRECTION('',(1.,0.,0.));
#5889 = DIRECTION('',(0.,-1.,0.));
#5890 = ADVANCED_FACE('',(#5891),#5909,.F.);
#5891 = FACE_BOUND('',#5892,.F.);
#5892 = EDGE_LOOP('',(#5893,#5901,#5907,#5908));
#5893 = ORIENTED_EDGE('',*,*,#5894,.F.);
#5894 = EDGE_CURVE('',#5895,#5871,#5897,.T.);
#5895 = VERTEX_POINT('',#5896);
#5896 = CARTESIAN_POINT('',(5.908784620349,-5.2,-0.2));
#5897 = LINE('',#5898,#5899);
#5898 = CARTESIAN_POINT('',(5.908784620349,-5.2,-0.2));
#5899 = VECTOR('',#5900,1.);
#5900 = DIRECTION('',(1.,0.,0.));
#5901 = ORIENTED_EDGE('',*,*,#5902,.T.);
#5902 = EDGE_CURVE('',#5895,#1234,#5903,.T.);
#5903 = LINE('',#5904,#5905);
#5904 = CARTESIAN_POINT('',(5.908784620349,-5.2,-0.2));
#5905 = VECTOR('',#5906,1.);
#5906 = DIRECTION('',(0.,0.,1.));
#5907 = ORIENTED_EDGE('',*,*,#1241,.F.);
#5908 = ORIENTED_EDGE('',*,*,#5878,.F.);
#5909 = PLANE('',#5910);
#5910 = AXIS2_PLACEMENT_3D('',#5911,#5912,#5913);
#5911 = CARTESIAN_POINT('',(5.908784620349,-5.2,-0.2));
#5912 = DIRECTION('',(0.,1.,0.));
#5913 = DIRECTION('',(1.,0.,0.));
#5914 = ADVANCED_FACE('',(#5915),#5933,.F.);
#5915 = FACE_BOUND('',#5916,.F.);
#5916 = EDGE_LOOP('',(#5917,#5925,#5931,#5932));
#5917 = ORIENTED_EDGE('',*,*,#5918,.F.);
#5918 = EDGE_CURVE('',#5919,#5895,#5921,.T.);
#5919 = VERTEX_POINT('',#5920);
#5920 = CARTESIAN_POINT('',(5.478324954651,-6.452625363372,-0.2));
#5921 = LINE('',#5922,#5923);
#5922 = CARTESIAN_POINT('',(5.478324954651,-6.452625363372,-0.2));
#5923 = VECTOR('',#5924,1.);
#5924 = DIRECTION('',(0.324991786148,0.945716838666,0.));
#5925 = ORIENTED_EDGE('',*,*,#5926,.T.);
#5926 = EDGE_CURVE('',#5919,#1223,#5927,.T.);
#5927 = LINE('',#5928,#5929);
#5928 = CARTESIAN_POINT('',(5.478324954651,-6.452625363372,-0.2));
#5929 = VECTOR('',#5930,1.);
#5930 = DIRECTION('',(0.,0.,1.));
#5931 = ORIENTED_EDGE('',*,*,#1233,.F.);
#5932 = ORIENTED_EDGE('',*,*,#5902,.F.);
#5933 = PLANE('',#5934);
#5934 = AXIS2_PLACEMENT_3D('',#5935,#5936,#5937);
#5935 = CARTESIAN_POINT('',(5.478324954651,-6.452625363372,-0.2));
#5936 = DIRECTION('',(-0.945716838666,0.324991786148,0.));
#5937 = DIRECTION('',(0.324991786148,0.945716838666,0.));
#5938 = ADVANCED_FACE('',(#5939),#5957,.F.);
#5939 = FACE_BOUND('',#5940,.F.);
#5940 = EDGE_LOOP('',(#5941,#5949,#5955,#5956));
#5941 = ORIENTED_EDGE('',*,*,#5942,.F.);
#5942 = EDGE_CURVE('',#5943,#5919,#5945,.T.);
#5943 = VERTEX_POINT('',#5944);
#5944 = CARTESIAN_POINT('',(5.382667251163,-6.741233648256,-0.2));
#5945 = B_SPLINE_CURVE_WITH_KNOTS('',2,(#5946,#5947,#5948),
  .UNSPECIFIED.,.F.,.F.,(3,3),(0.,1.),.PIECEWISE_BEZIER_KNOTS.);
#5946 = CARTESIAN_POINT('',(5.382667251163,-6.741233648256,-0.2));
#5947 = CARTESIAN_POINT('',(5.413326771512,-6.642959665698,-0.2));
#5948 = CARTESIAN_POINT('',(5.478324954651,-6.452625363372,-0.2));
#5949 = ORIENTED_EDGE('',*,*,#5950,.T.);
#5950 = EDGE_CURVE('',#5943,#1212,#5951,.T.);
#5951 = LINE('',#5952,#5953);
#5952 = CARTESIAN_POINT('',(5.382667251163,-6.741233648256,-0.2));
#5953 = VECTOR('',#5954,1.);
#5954 = DIRECTION('',(0.,0.,1.));
#5955 = ORIENTED_EDGE('',*,*,#1222,.F.);
#5956 = ORIENTED_EDGE('',*,*,#5926,.F.);
#5957 = SURFACE_OF_LINEAR_EXTRUSION('',#5958,#5962);
#5958 = B_SPLINE_CURVE_WITH_KNOTS('',2,(#5959,#5960,#5961),
  .UNSPECIFIED.,.F.,.F.,(3,3),(0.,1.),.PIECEWISE_BEZIER_KNOTS.);
#5959 = CARTESIAN_POINT('',(5.382667251163,-6.741233648256,-0.2));
#5960 = CARTESIAN_POINT('',(5.413326771512,-6.642959665698,-0.2));
#5961 = CARTESIAN_POINT('',(5.478324954651,-6.452625363372,-0.2));
#5962 = VECTOR('',#5963,1.);
#5963 = DIRECTION('',(-0.,-0.,-1.));
#5964 = ADVANCED_FACE('',(#5965),#5983,.F.);
#5965 = FACE_BOUND('',#5966,.F.);
#5966 = EDGE_LOOP('',(#5967,#5975,#5981,#5982));
#5967 = ORIENTED_EDGE('',*,*,#5968,.F.);
#5968 = EDGE_CURVE('',#5969,#5943,#5971,.T.);
#5969 = VERTEX_POINT('',#5970);
#5970 = CARTESIAN_POINT('',(5.296820594186,-6.474781976744,-0.2));
#5971 = B_SPLINE_CURVE_WITH_KNOTS('',2,(#5972,#5973,#5974),
  .UNSPECIFIED.,.F.,.F.,(3,3),(0.,1.),.PIECEWISE_BEZIER_KNOTS.);
#5972 = CARTESIAN_POINT('',(5.296820594186,-6.474781976744,-0.2));
#5973 = CARTESIAN_POINT('',(5.355686873256,-6.65285247093,-0.2));
#5974 = CARTESIAN_POINT('',(5.382667251163,-6.741233648256,-0.2));
#5975 = ORIENTED_EDGE('',*,*,#5976,.T.);
#5976 = EDGE_CURVE('',#5969,#1204,#5977,.T.);
#5977 = LINE('',#5978,#5979);
#5978 = CARTESIAN_POINT('',(5.296820594186,-6.474781976744,-0.2));
#5979 = VECTOR('',#5980,1.);
#5980 = DIRECTION('',(0.,0.,1.));
#5981 = ORIENTED_EDGE('',*,*,#1211,.F.);
#5982 = ORIENTED_EDGE('',*,*,#5950,.F.);
#5983 = SURFACE_OF_LINEAR_EXTRUSION('',#5984,#5988);
#5984 = B_SPLINE_CURVE_WITH_KNOTS('',2,(#5985,#5986,#5987),
  .UNSPECIFIED.,.F.,.F.,(3,3),(0.,1.),.PIECEWISE_BEZIER_KNOTS.);
#5985 = CARTESIAN_POINT('',(5.296820594186,-6.474781976744,-0.2));
#5986 = CARTESIAN_POINT('',(5.355686873256,-6.65285247093,-0.2));
#5987 = CARTESIAN_POINT('',(5.382667251163,-6.741233648256,-0.2));
#5988 = VECTOR('',#5989,1.);
#5989 = DIRECTION('',(-0.,-0.,-1.));
#5990 = ADVANCED_FACE('',(#5991),#6009,.F.);
#5991 = FACE_BOUND('',#5992,.F.);
#5992 = EDGE_LOOP('',(#5993,#6001,#6007,#6008));
#5993 = ORIENTED_EDGE('',*,*,#5994,.F.);
#5994 = EDGE_CURVE('',#5995,#5969,#5997,.T.);
#5995 = VERTEX_POINT('',#5996);
#5996 = CARTESIAN_POINT('',(4.871266451744,-5.2,-0.2));
#5997 = LINE('',#5998,#5999);
#5998 = CARTESIAN_POINT('',(4.871266451744,-5.2,-0.2));
#5999 = VECTOR('',#6000,1.);
#6000 = DIRECTION('',(0.316647498316,-0.9485432841,0.));
#6001 = ORIENTED_EDGE('',*,*,#6002,.T.);
#6002 = EDGE_CURVE('',#5995,#1196,#6003,.T.);
#6003 = LINE('',#6004,#6005);
#6004 = CARTESIAN_POINT('',(4.871266451744,-5.2,-0.2));
#6005 = VECTOR('',#6006,1.);
#6006 = DIRECTION('',(0.,0.,1.));
#6007 = ORIENTED_EDGE('',*,*,#1203,.F.);
#6008 = ORIENTED_EDGE('',*,*,#5976,.F.);
#6009 = PLANE('',#6010);
#6010 = AXIS2_PLACEMENT_3D('',#6011,#6012,#6013);
#6011 = CARTESIAN_POINT('',(4.871266451744,-5.2,-0.2));
#6012 = DIRECTION('',(0.9485432841,0.316647498316,0.));
#6013 = DIRECTION('',(0.316647498316,-0.9485432841,0.));
#6014 = ADVANCED_FACE('',(#6015),#6026,.F.);
#6015 = FACE_BOUND('',#6016,.F.);
#6016 = EDGE_LOOP('',(#6017,#6023,#6024,#6025));
#6017 = ORIENTED_EDGE('',*,*,#6018,.F.);
#6018 = EDGE_CURVE('',#5674,#5995,#6019,.T.);
#6019 = LINE('',#6020,#6021);
#6020 = CARTESIAN_POINT('',(4.51316325407,-5.2,-0.2));
#6021 = VECTOR('',#6022,1.);
#6022 = DIRECTION('',(1.,0.,0.));
#6023 = ORIENTED_EDGE('',*,*,#5688,.T.);
#6024 = ORIENTED_EDGE('',*,*,#1195,.F.);
#6025 = ORIENTED_EDGE('',*,*,#6002,.F.);
#6026 = PLANE('',#6027);
#6027 = AXIS2_PLACEMENT_3D('',#6028,#6029,#6030);
#6028 = CARTESIAN_POINT('',(4.51316325407,-5.2,-0.2));
#6029 = DIRECTION('',(0.,1.,0.));
#6030 = DIRECTION('',(1.,0.,0.));
#6031 = ADVANCED_FACE('',(#6032),#6057,.T.);
#6032 = FACE_BOUND('',#6033,.T.);
#6033 = EDGE_LOOP('',(#6034,#6042,#6043,#6051));
#6034 = ORIENTED_EDGE('',*,*,#6035,.F.);
#6035 = EDGE_CURVE('',#1314,#6036,#6038,.T.);
#6036 = VERTEX_POINT('',#6037);
#6037 = CARTESIAN_POINT('',(5.27409090033,3.45,-0.5));
#6038 = LINE('',#6039,#6040);
#6039 = CARTESIAN_POINT('',(5.238848257833,3.370843728943,
    -0.579156271057));
#6040 = VECTOR('',#6041,1.);
#6041 = DIRECTION('',(-0.300294039609,-0.674471455947,-0.674471455947));
#6042 = ORIENTED_EDGE('',*,*,#1313,.T.);
#6043 = ORIENTED_EDGE('',*,*,#6044,.T.);
#6044 = EDGE_CURVE('',#1316,#6045,#6047,.T.);
#6045 = VERTEX_POINT('',#6046);
#6046 = CARTESIAN_POINT('',(-7.3,3.45,-0.5));
#6047 = LINE('',#6048,#6049);
#6048 = CARTESIAN_POINT('',(-5.370984849945,1.520984849945,
    -2.429015150055));
#6049 = VECTOR('',#6050,1.);
#6050 = DIRECTION('',(0.57735026919,-0.57735026919,-0.57735026919));
#6051 = ORIENTED_EDGE('',*,*,#6052,.F.);
#6052 = EDGE_CURVE('',#6036,#6045,#6053,.T.);
#6053 = LINE('',#6054,#6055);
#6054 = CARTESIAN_POINT('',(5.27409090033,3.45,-0.5));
#6055 = VECTOR('',#6056,1.);
#6056 = DIRECTION('',(-1.,0.,0.));
#6057 = PLANE('',#6058);
#6058 = AXIS2_PLACEMENT_3D('',#6059,#6060,#6061);
#6059 = CARTESIAN_POINT('',(5.27409090033,3.7,-0.25));
#6060 = DIRECTION('',(0.,-0.707106781187,0.707106781187));
#6061 = DIRECTION('',(-1.,0.,0.));
#6062 = ADVANCED_FACE('',(#6063),#6081,.T.);
#6063 = FACE_BOUND('',#6064,.T.);
#6064 = EDGE_LOOP('',(#6065,#6073,#6074,#6075));
#6065 = ORIENTED_EDGE('',*,*,#6066,.F.);
#6066 = EDGE_CURVE('',#1324,#6067,#6069,.T.);
#6067 = VERTEX_POINT('',#6068);
#6068 = CARTESIAN_POINT('',(7.3,1.2,-0.5));
#6069 = LINE('',#6070,#6071);
#6070 = CARTESIAN_POINT('',(7.318331025997,1.207036621606,
    -0.481668974003));
#6071 = VECTOR('',#6072,1.);
#6072 = DIRECTION('',(-0.682414773418,-0.261954488492,-0.682414773418));
#6073 = ORIENTED_EDGE('',*,*,#1323,.T.);
#6074 = ORIENTED_EDGE('',*,*,#6035,.T.);
#6075 = ORIENTED_EDGE('',*,*,#6076,.F.);
#6076 = EDGE_CURVE('',#6067,#6036,#6077,.T.);
#6077 = LINE('',#6078,#6079);
#6078 = CARTESIAN_POINT('',(7.3,1.2,-0.5));
#6079 = VECTOR('',#6080,1.);
#6080 = DIRECTION('',(-0.669130606359,0.743144825477,0.));
#6081 = PLANE('',#6082);
#6082 = AXIS2_PLACEMENT_3D('',#6083,#6084,#6085);
#6083 = CARTESIAN_POINT('',(7.485786206369,1.36728265159,-0.25));
#6084 = DIRECTION('',(-0.525482745499,-0.473146789256,0.707106781187));
#6085 = DIRECTION('',(-0.669130606359,0.743144825477,2.775557561563E-17)
  );
#6086 = ADVANCED_FACE('',(#6087),#6105,.T.);
#6087 = FACE_BOUND('',#6088,.T.);
#6088 = EDGE_LOOP('',(#6089,#6090,#6091,#6099));
#6089 = ORIENTED_EDGE('',*,*,#6044,.F.);
#6090 = ORIENTED_EDGE('',*,*,#1355,.T.);
#6091 = ORIENTED_EDGE('',*,*,#6092,.T.);
#6092 = EDGE_CURVE('',#1348,#6093,#6095,.T.);
#6093 = VERTEX_POINT('',#6094);
#6094 = CARTESIAN_POINT('',(-7.3,-3.45,-0.5));
#6095 = LINE('',#6096,#6097);
#6096 = CARTESIAN_POINT('',(-6.316666666667,-2.466666666667,
    -1.483333333333));
#6097 = VECTOR('',#6098,1.);
#6098 = DIRECTION('',(0.57735026919,0.57735026919,-0.57735026919));
#6099 = ORIENTED_EDGE('',*,*,#6100,.F.);
#6100 = EDGE_CURVE('',#6045,#6093,#6101,.T.);
#6101 = LINE('',#6102,#6103);
#6102 = CARTESIAN_POINT('',(-7.3,3.45,-0.5));
#6103 = VECTOR('',#6104,1.);
#6104 = DIRECTION('',(0.,-1.,0.));
#6105 = PLANE('',#6106);
#6106 = AXIS2_PLACEMENT_3D('',#6107,#6108,#6109);
#6107 = CARTESIAN_POINT('',(-7.55,3.45,-0.25));
#6108 = DIRECTION('',(0.707106781187,0.,0.707106781187));
#6109 = DIRECTION('',(0.,-1.,0.));
#6110 = ADVANCED_FACE('',(#6111),#6129,.T.);
#6111 = FACE_BOUND('',#6112,.T.);
#6112 = EDGE_LOOP('',(#6113,#6121,#6122,#6123));
#6113 = ORIENTED_EDGE('',*,*,#6114,.F.);
#6114 = EDGE_CURVE('',#1332,#6115,#6117,.T.);
#6115 = VERTEX_POINT('',#6116);
#6116 = CARTESIAN_POINT('',(7.3,-1.2,-0.5));
#6117 = LINE('',#6118,#6119);
#6118 = CARTESIAN_POINT('',(7.262229049719,-1.185501090618,
    -0.537770950281));
#6119 = VECTOR('',#6120,1.);
#6120 = DIRECTION('',(-0.682414773418,0.261954488492,-0.682414773418));
#6121 = ORIENTED_EDGE('',*,*,#1331,.T.);
#6122 = ORIENTED_EDGE('',*,*,#6066,.T.);
#6123 = ORIENTED_EDGE('',*,*,#6124,.F.);
#6124 = EDGE_CURVE('',#6115,#6067,#6125,.T.);
#6125 = LINE('',#6126,#6127);
#6126 = CARTESIAN_POINT('',(7.3,-1.2,-0.5));
#6127 = VECTOR('',#6128,1.);
#6128 = DIRECTION('',(0.,1.,0.));
#6129 = PLANE('',#6130);
#6130 = AXIS2_PLACEMENT_3D('',#6131,#6132,#6133);
#6131 = CARTESIAN_POINT('',(7.55,-1.2,-0.25));
#6132 = DIRECTION('',(-0.707106781187,0.,0.707106781187));
#6133 = DIRECTION('',(0.,1.,0.));
#6134 = ADVANCED_FACE('',(#6135),#6153,.T.);
#6135 = FACE_BOUND('',#6136,.T.);
#6136 = EDGE_LOOP('',(#6137,#6138,#6139,#6147));
#6137 = ORIENTED_EDGE('',*,*,#6092,.F.);
#6138 = ORIENTED_EDGE('',*,*,#1347,.T.);
#6139 = ORIENTED_EDGE('',*,*,#6140,.T.);
#6140 = EDGE_CURVE('',#1340,#6141,#6143,.T.);
#6141 = VERTEX_POINT('',#6142);
#6142 = CARTESIAN_POINT('',(5.27409090033,-3.45,-0.5));
#6143 = LINE('',#6144,#6145);
#6144 = CARTESIAN_POINT('',(4.808416961062,-2.404079207755,
    -1.545920792245));
#6145 = VECTOR('',#6146,1.);
#6146 = DIRECTION('',(-0.300294039609,0.674471455947,-0.674471455947));
#6147 = ORIENTED_EDGE('',*,*,#6148,.F.);
#6148 = EDGE_CURVE('',#6093,#6141,#6149,.T.);
#6149 = LINE('',#6150,#6151);
#6150 = CARTESIAN_POINT('',(-7.3,-3.45,-0.5));
#6151 = VECTOR('',#6152,1.);
#6152 = DIRECTION('',(1.,0.,0.));
#6153 = PLANE('',#6154);
#6154 = AXIS2_PLACEMENT_3D('',#6155,#6156,#6157);
#6155 = CARTESIAN_POINT('',(-7.3,-3.7,-0.25));
#6156 = DIRECTION('',(0.,0.707106781187,0.707106781187));
#6157 = DIRECTION('',(1.,0.,0.));
#6158 = ADVANCED_FACE('',(#6159),#6170,.T.);
#6159 = FACE_BOUND('',#6160,.T.);
#6160 = EDGE_LOOP('',(#6161,#6162,#6163,#6164));
#6161 = ORIENTED_EDGE('',*,*,#6140,.F.);
#6162 = ORIENTED_EDGE('',*,*,#1339,.T.);
#6163 = ORIENTED_EDGE('',*,*,#6114,.T.);
#6164 = ORIENTED_EDGE('',*,*,#6165,.F.);
#6165 = EDGE_CURVE('',#6141,#6115,#6166,.T.);
#6166 = LINE('',#6167,#6168);
#6167 = CARTESIAN_POINT('',(5.27409090033,-3.45,-0.5));
#6168 = VECTOR('',#6169,1.);
#6169 = DIRECTION('',(0.669130606359,0.743144825477,0.));
#6170 = PLANE('',#6171);
#6171 = AXIS2_PLACEMENT_3D('',#6172,#6173,#6174);
#6172 = CARTESIAN_POINT('',(5.459877106699,-3.61728265159,-0.25));
#6173 = DIRECTION('',(-0.525482745499,0.473146789256,0.707106781187));
#6174 = DIRECTION('',(0.669130606359,0.743144825477,-8.326672684689E-17)
  );
#6175 = ADVANCED_FACE('',(#6176),#6195,.F.);
#6176 = FACE_BOUND('',#6177,.T.);
#6177 = EDGE_LOOP('',(#6178,#6186,#6187,#6188));
#6178 = ORIENTED_EDGE('',*,*,#6179,.F.);
#6179 = EDGE_CURVE('',#1364,#6180,#6182,.T.);
#6180 = VERTEX_POINT('',#6181);
#6181 = CARTESIAN_POINT('',(14.25,0.,-2.));
#6182 = LINE('',#6183,#6184);
#6183 = CARTESIAN_POINT('',(16.25,0.,0.));
#6184 = VECTOR('',#6185,1.);
#6185 = DIRECTION('',(-0.707106781187,0.,-0.707106781187));
#6186 = ORIENTED_EDGE('',*,*,#1363,.T.);
#6187 = ORIENTED_EDGE('',*,*,#6179,.T.);
#6188 = ORIENTED_EDGE('',*,*,#6189,.F.);
#6189 = EDGE_CURVE('',#6180,#6180,#6190,.T.);
#6190 = CIRCLE('',#6191,1.5);
#6191 = AXIS2_PLACEMENT_3D('',#6192,#6193,#6194);
#6192 = CARTESIAN_POINT('',(12.75,0.,-2.));
#6193 = DIRECTION('',(0.,0.,1.));
#6194 = DIRECTION('',(1.,0.,0.));
#6195 = CONICAL_SURFACE('',#6196,3.5,0.785398163397);
#6196 = AXIS2_PLACEMENT_3D('',#6197,#6198,#6199);
#6197 = CARTESIAN_POINT('',(12.75,0.,0.));
#6198 = DIRECTION('',(0.,0.,1.));
#6199 = DIRECTION('',(1.,0.,0.));
#6200 = ADVANCED_FACE('',(#6201),#6226,.F.);
#6201 = FACE_BOUND('',#6202,.F.);
#6202 = EDGE_LOOP('',(#6203,#6213,#6219,#6220));
#6203 = ORIENTED_EDGE('',*,*,#6204,.F.);
#6204 = EDGE_CURVE('',#6205,#6207,#6209,.T.);
#6205 = VERTEX_POINT('',#6206);
#6206 = CARTESIAN_POINT('',(-7.660674055233,5.687790697674,-0.2));
#6207 = VERTEX_POINT('',#6208);
#6208 = CARTESIAN_POINT('',(-7.660674055233,6.180959302326,-0.2));
#6209 = LINE('',#6210,#6211);
#6210 = CARTESIAN_POINT('',(-7.660674055233,5.687790697674,-0.2));
#6211 = VECTOR('',#6212,1.);
#6212 = DIRECTION('',(0.,1.,0.));
#6213 = ORIENTED_EDGE('',*,*,#6214,.T.);
#6214 = EDGE_CURVE('',#6205,#1377,#6215,.T.);
#6215 = LINE('',#6216,#6217);
#6216 = CARTESIAN_POINT('',(-7.660674055233,5.687790697674,-0.2));
#6217 = VECTOR('',#6218,1.);
#6218 = DIRECTION('',(0.,0.,1.));
#6219 = ORIENTED_EDGE('',*,*,#1374,.F.);
#6220 = ORIENTED_EDGE('',*,*,#6221,.F.);
#6221 = EDGE_CURVE('',#6207,#1375,#6222,.T.);
#6222 = LINE('',#6223,#6224);
#6223 = CARTESIAN_POINT('',(-7.660674055233,6.180959302326,-0.2));
#6224 = VECTOR('',#6225,1.);
#6225 = DIRECTION('',(0.,0.,1.));
#6226 = PLANE('',#6227);
#6227 = AXIS2_PLACEMENT_3D('',#6228,#6229,#6230);
#6228 = CARTESIAN_POINT('',(-7.660674055233,5.687790697674,-0.2));
#6229 = DIRECTION('',(-1.,0.,0.));
#6230 = DIRECTION('',(0.,1.,0.));
#6231 = ADVANCED_FACE('',(#6232),#6250,.F.);
#6232 = FACE_BOUND('',#6233,.F.);
#6233 = EDGE_LOOP('',(#6234,#6242,#6248,#6249));
#6234 = ORIENTED_EDGE('',*,*,#6235,.F.);
#6235 = EDGE_CURVE('',#6236,#6205,#6238,.T.);
#6236 = VERTEX_POINT('',#6237);
#6237 = CARTESIAN_POINT('',(-7.45218931686,5.687790697674,-0.2));
#6238 = LINE('',#6239,#6240);
#6239 = CARTESIAN_POINT('',(-7.45218931686,5.687790697674,-0.2));
#6240 = VECTOR('',#6241,1.);
#6241 = DIRECTION('',(-1.,0.,0.));
#6242 = ORIENTED_EDGE('',*,*,#6243,.T.);
#6243 = EDGE_CURVE('',#6236,#1457,#6244,.T.);
#6244 = LINE('',#6245,#6246);
#6245 = CARTESIAN_POINT('',(-7.45218931686,5.687790697674,-0.2));
#6246 = VECTOR('',#6247,1.);
#6247 = DIRECTION('',(0.,0.,1.));
#6248 = ORIENTED_EDGE('',*,*,#1464,.F.);
#6249 = ORIENTED_EDGE('',*,*,#6214,.F.);
#6250 = PLANE('',#6251);
#6251 = AXIS2_PLACEMENT_3D('',#6252,#6253,#6254);
#6252 = CARTESIAN_POINT('',(-7.45218931686,5.687790697674,-0.2));
#6253 = DIRECTION('',(0.,-1.,0.));
#6254 = DIRECTION('',(-1.,0.,0.));
#6255 = ADVANCED_FACE('',(#6256),#6274,.F.);
#6256 = FACE_BOUND('',#6257,.F.);
#6257 = EDGE_LOOP('',(#6258,#6266,#6272,#6273));
#6258 = ORIENTED_EDGE('',*,*,#6259,.F.);
#6259 = EDGE_CURVE('',#6260,#6236,#6262,.T.);
#6260 = VERTEX_POINT('',#6261);
#6261 = CARTESIAN_POINT('',(-7.45218931686,6.180959302326,-0.2));
#6262 = LINE('',#6263,#6264);
#6263 = CARTESIAN_POINT('',(-7.45218931686,6.180959302326,-0.2));
#6264 = VECTOR('',#6265,1.);
#6265 = DIRECTION('',(0.,-1.,0.));
#6266 = ORIENTED_EDGE('',*,*,#6267,.T.);
#6267 = EDGE_CURVE('',#6260,#1449,#6268,.T.);
#6268 = LINE('',#6269,#6270);
#6269 = CARTESIAN_POINT('',(-7.45218931686,6.180959302326,-0.2));
#6270 = VECTOR('',#6271,1.);
#6271 = DIRECTION('',(0.,0.,1.));
#6272 = ORIENTED_EDGE('',*,*,#1456,.F.);
#6273 = ORIENTED_EDGE('',*,*,#6243,.F.);
#6274 = PLANE('',#6275);
#6275 = AXIS2_PLACEMENT_3D('',#6276,#6277,#6278);
#6276 = CARTESIAN_POINT('',(-7.45218931686,6.180959302326,-0.2));
#6277 = DIRECTION('',(1.,0.,0.));
#6278 = DIRECTION('',(0.,-1.,0.));
#6279 = ADVANCED_FACE('',(#6280),#6298,.F.);
#6280 = FACE_BOUND('',#6281,.F.);
#6281 = EDGE_LOOP('',(#6282,#6290,#6296,#6297));
#6282 = ORIENTED_EDGE('',*,*,#6283,.F.);
#6283 = EDGE_CURVE('',#6284,#6260,#6286,.T.);
#6284 = VERTEX_POINT('',#6285);
#6285 = CARTESIAN_POINT('',(-6.962863372093,6.180959302326,-0.2));
#6286 = LINE('',#6287,#6288);
#6287 = CARTESIAN_POINT('',(-6.962863372093,6.180959302326,-0.2));
#6288 = VECTOR('',#6289,1.);
#6289 = DIRECTION('',(-1.,0.,0.));
#6290 = ORIENTED_EDGE('',*,*,#6291,.T.);
#6291 = EDGE_CURVE('',#6284,#1441,#6292,.T.);
#6292 = LINE('',#6293,#6294);
#6293 = CARTESIAN_POINT('',(-6.962863372093,6.180959302326,-0.2));
#6294 = VECTOR('',#6295,1.);
#6295 = DIRECTION('',(0.,0.,1.));
#6296 = ORIENTED_EDGE('',*,*,#1448,.F.);
#6297 = ORIENTED_EDGE('',*,*,#6267,.F.);
#6298 = PLANE('',#6299);
#6299 = AXIS2_PLACEMENT_3D('',#6300,#6301,#6302);
#6300 = CARTESIAN_POINT('',(-6.962863372093,6.180959302326,-0.2));
#6301 = DIRECTION('',(0.,-1.,0.));
#6302 = DIRECTION('',(-1.,0.,0.));
#6303 = ADVANCED_FACE('',(#6304),#6322,.F.);
#6304 = FACE_BOUND('',#6305,.F.);
#6305 = EDGE_LOOP('',(#6306,#6314,#6320,#6321));
#6306 = ORIENTED_EDGE('',*,*,#6307,.F.);
#6307 = EDGE_CURVE('',#6308,#6284,#6310,.T.);
#6308 = VERTEX_POINT('',#6309);
#6309 = CARTESIAN_POINT('',(-6.962863372093,6.388953488372,-0.2));
#6310 = LINE('',#6311,#6312);
#6311 = CARTESIAN_POINT('',(-6.962863372093,6.388953488372,-0.2));
#6312 = VECTOR('',#6313,1.);
#6313 = DIRECTION('',(0.,-1.,0.));
#6314 = ORIENTED_EDGE('',*,*,#6315,.T.);
#6315 = EDGE_CURVE('',#6308,#1433,#6316,.T.);
#6316 = LINE('',#6317,#6318);
#6317 = CARTESIAN_POINT('',(-6.962863372093,6.388953488372,-0.2));
#6318 = VECTOR('',#6319,1.);
#6319 = DIRECTION('',(0.,0.,1.));
#6320 = ORIENTED_EDGE('',*,*,#1440,.F.);
#6321 = ORIENTED_EDGE('',*,*,#6291,.F.);
#6322 = PLANE('',#6323);
#6323 = AXIS2_PLACEMENT_3D('',#6324,#6325,#6326);
#6324 = CARTESIAN_POINT('',(-6.962863372093,6.388953488372,-0.2));
#6325 = DIRECTION('',(1.,0.,0.));
#6326 = DIRECTION('',(0.,-1.,0.));
#6327 = ADVANCED_FACE('',(#6328),#6346,.F.);
#6328 = FACE_BOUND('',#6329,.F.);
#6329 = EDGE_LOOP('',(#6330,#6338,#6344,#6345));
#6330 = ORIENTED_EDGE('',*,*,#6331,.F.);
#6331 = EDGE_CURVE('',#6332,#6308,#6334,.T.);
#6332 = VERTEX_POINT('',#6333);
#6333 = CARTESIAN_POINT('',(-7.45218931686,6.388953488372,-0.2));
#6334 = LINE('',#6335,#6336);
#6335 = CARTESIAN_POINT('',(-7.45218931686,6.388953488372,-0.2));
#6336 = VECTOR('',#6337,1.);
#6337 = DIRECTION('',(1.,0.,0.));
#6338 = ORIENTED_EDGE('',*,*,#6339,.T.);
#6339 = EDGE_CURVE('',#6332,#1425,#6340,.T.);
#6340 = LINE('',#6341,#6342);
#6341 = CARTESIAN_POINT('',(-7.45218931686,6.388953488372,-0.2));
#6342 = VECTOR('',#6343,1.);
#6343 = DIRECTION('',(0.,0.,1.));
#6344 = ORIENTED_EDGE('',*,*,#1432,.F.);
#6345 = ORIENTED_EDGE('',*,*,#6315,.F.);
#6346 = PLANE('',#6347);
#6347 = AXIS2_PLACEMENT_3D('',#6348,#6349,#6350);
#6348 = CARTESIAN_POINT('',(-7.45218931686,6.388953488372,-0.2));
#6349 = DIRECTION('',(0.,1.,0.));
#6350 = DIRECTION('',(1.,0.,0.));
#6351 = ADVANCED_FACE('',(#6352),#6370,.F.);
#6352 = FACE_BOUND('',#6353,.F.);
#6353 = EDGE_LOOP('',(#6354,#6362,#6368,#6369));
#6354 = ORIENTED_EDGE('',*,*,#6355,.F.);
#6355 = EDGE_CURVE('',#6356,#6332,#6358,.T.);
#6356 = VERTEX_POINT('',#6357);
#6357 = CARTESIAN_POINT('',(-7.45218931686,6.875581395349,-0.2));
#6358 = LINE('',#6359,#6360);
#6359 = CARTESIAN_POINT('',(-7.45218931686,6.875581395349,-0.2));
#6360 = VECTOR('',#6361,1.);
#6361 = DIRECTION('',(0.,-1.,0.));
#6362 = ORIENTED_EDGE('',*,*,#6363,.T.);
#6363 = EDGE_CURVE('',#6356,#1417,#6364,.T.);
#6364 = LINE('',#6365,#6366);
#6365 = CARTESIAN_POINT('',(-7.45218931686,6.875581395349,-0.2));
#6366 = VECTOR('',#6367,1.);
#6367 = DIRECTION('',(0.,0.,1.));
#6368 = ORIENTED_EDGE('',*,*,#1424,.F.);
#6369 = ORIENTED_EDGE('',*,*,#6339,.F.);
#6370 = PLANE('',#6371);
#6371 = AXIS2_PLACEMENT_3D('',#6372,#6373,#6374);
#6372 = CARTESIAN_POINT('',(-7.45218931686,6.875581395349,-0.2));
#6373 = DIRECTION('',(1.,0.,0.));
#6374 = DIRECTION('',(0.,-1.,0.));
#6375 = ADVANCED_FACE('',(#6376),#6394,.F.);
#6376 = FACE_BOUND('',#6377,.F.);
#6377 = EDGE_LOOP('',(#6378,#6386,#6392,#6393));
#6378 = ORIENTED_EDGE('',*,*,#6379,.F.);
#6379 = EDGE_CURVE('',#6380,#6356,#6382,.T.);
#6380 = VERTEX_POINT('',#6381);
#6381 = CARTESIAN_POINT('',(-7.660674055233,6.875581395349,-0.2));
#6382 = LINE('',#6383,#6384);
#6383 = CARTESIAN_POINT('',(-7.660674055233,6.875581395349,-0.2));
#6384 = VECTOR('',#6385,1.);
#6385 = DIRECTION('',(1.,0.,0.));
#6386 = ORIENTED_EDGE('',*,*,#6387,.T.);
#6387 = EDGE_CURVE('',#6380,#1409,#6388,.T.);
#6388 = LINE('',#6389,#6390);
#6389 = CARTESIAN_POINT('',(-7.660674055233,6.875581395349,-0.2));
#6390 = VECTOR('',#6391,1.);
#6391 = DIRECTION('',(0.,0.,1.));
#6392 = ORIENTED_EDGE('',*,*,#1416,.F.);
#6393 = ORIENTED_EDGE('',*,*,#6363,.F.);
#6394 = PLANE('',#6395);
#6395 = AXIS2_PLACEMENT_3D('',#6396,#6397,#6398);
#6396 = CARTESIAN_POINT('',(-7.660674055233,6.875581395349,-0.2));
#6397 = DIRECTION('',(0.,1.,0.));
#6398 = DIRECTION('',(1.,0.,0.));
#6399 = ADVANCED_FACE('',(#6400),#6418,.F.);
#6400 = FACE_BOUND('',#6401,.F.);
#6401 = EDGE_LOOP('',(#6402,#6410,#6416,#6417));
#6402 = ORIENTED_EDGE('',*,*,#6403,.F.);
#6403 = EDGE_CURVE('',#6404,#6380,#6406,.T.);
#6404 = VERTEX_POINT('',#6405);
#6405 = CARTESIAN_POINT('',(-7.660674055233,6.388953488372,-0.2));
#6406 = LINE('',#6407,#6408);
#6407 = CARTESIAN_POINT('',(-7.660674055233,6.388953488372,-0.2));
#6408 = VECTOR('',#6409,1.);
#6409 = DIRECTION('',(0.,1.,0.));
#6410 = ORIENTED_EDGE('',*,*,#6411,.T.);
#6411 = EDGE_CURVE('',#6404,#1401,#6412,.T.);
#6412 = LINE('',#6413,#6414);
#6413 = CARTESIAN_POINT('',(-7.660674055233,6.388953488372,-0.2));
#6414 = VECTOR('',#6415,1.);
#6415 = DIRECTION('',(0.,0.,1.));
#6416 = ORIENTED_EDGE('',*,*,#1408,.F.);
#6417 = ORIENTED_EDGE('',*,*,#6387,.F.);
#6418 = PLANE('',#6419);
#6419 = AXIS2_PLACEMENT_3D('',#6420,#6421,#6422);
#6420 = CARTESIAN_POINT('',(-7.660674055233,6.388953488372,-0.2));
#6421 = DIRECTION('',(-1.,0.,0.));
#6422 = DIRECTION('',(0.,1.,0.));
#6423 = ADVANCED_FACE('',(#6424),#6442,.F.);
#6424 = FACE_BOUND('',#6425,.F.);
#6425 = EDGE_LOOP('',(#6426,#6434,#6440,#6441));
#6426 = ORIENTED_EDGE('',*,*,#6427,.F.);
#6427 = EDGE_CURVE('',#6428,#6404,#6430,.T.);
#6428 = VERTEX_POINT('',#6429);
#6429 = CARTESIAN_POINT('',(-8.15,6.388953488372,-0.2));
#6430 = LINE('',#6431,#6432);
#6431 = CARTESIAN_POINT('',(-8.15,6.388953488372,-0.2));
#6432 = VECTOR('',#6433,1.);
#6433 = DIRECTION('',(1.,0.,0.));
#6434 = ORIENTED_EDGE('',*,*,#6435,.T.);
#6435 = EDGE_CURVE('',#6428,#1393,#6436,.T.);
#6436 = LINE('',#6437,#6438);
#6437 = CARTESIAN_POINT('',(-8.15,6.388953488372,-0.2));
#6438 = VECTOR('',#6439,1.);
#6439 = DIRECTION('',(0.,0.,1.));
#6440 = ORIENTED_EDGE('',*,*,#1400,.F.);
#6441 = ORIENTED_EDGE('',*,*,#6411,.F.);
#6442 = PLANE('',#6443);
#6443 = AXIS2_PLACEMENT_3D('',#6444,#6445,#6446);
#6444 = CARTESIAN_POINT('',(-8.15,6.388953488372,-0.2));
#6445 = DIRECTION('',(0.,1.,0.));
#6446 = DIRECTION('',(1.,0.,0.));
#6447 = ADVANCED_FACE('',(#6448),#6466,.F.);
#6448 = FACE_BOUND('',#6449,.F.);
#6449 = EDGE_LOOP('',(#6450,#6458,#6464,#6465));
#6450 = ORIENTED_EDGE('',*,*,#6451,.F.);
#6451 = EDGE_CURVE('',#6452,#6428,#6454,.T.);
#6452 = VERTEX_POINT('',#6453);
#6453 = CARTESIAN_POINT('',(-8.15,6.180959302326,-0.2));
#6454 = LINE('',#6455,#6456);
#6455 = CARTESIAN_POINT('',(-8.15,6.180959302326,-0.2));
#6456 = VECTOR('',#6457,1.);
#6457 = DIRECTION('',(0.,1.,0.));
#6458 = ORIENTED_EDGE('',*,*,#6459,.T.);
#6459 = EDGE_CURVE('',#6452,#1385,#6460,.T.);
#6460 = LINE('',#6461,#6462);
#6461 = CARTESIAN_POINT('',(-8.15,6.180959302326,-0.2));
#6462 = VECTOR('',#6463,1.);
#6463 = DIRECTION('',(0.,0.,1.));
#6464 = ORIENTED_EDGE('',*,*,#1392,.F.);
#6465 = ORIENTED_EDGE('',*,*,#6435,.F.);
#6466 = PLANE('',#6467);
#6467 = AXIS2_PLACEMENT_3D('',#6468,#6469,#6470);
#6468 = CARTESIAN_POINT('',(-8.15,6.180959302326,-0.2));
#6469 = DIRECTION('',(-1.,0.,0.));
#6470 = DIRECTION('',(0.,1.,0.));
#6471 = ADVANCED_FACE('',(#6472),#6483,.F.);
#6472 = FACE_BOUND('',#6473,.F.);
#6473 = EDGE_LOOP('',(#6474,#6480,#6481,#6482));
#6474 = ORIENTED_EDGE('',*,*,#6475,.F.);
#6475 = EDGE_CURVE('',#6207,#6452,#6476,.T.);
#6476 = LINE('',#6477,#6478);
#6477 = CARTESIAN_POINT('',(-7.660674055233,6.180959302326,-0.2));
#6478 = VECTOR('',#6479,1.);
#6479 = DIRECTION('',(-1.,0.,0.));
#6480 = ORIENTED_EDGE('',*,*,#6221,.T.);
#6481 = ORIENTED_EDGE('',*,*,#1384,.F.);
#6482 = ORIENTED_EDGE('',*,*,#6459,.F.);
#6483 = PLANE('',#6484);
#6484 = AXIS2_PLACEMENT_3D('',#6485,#6486,#6487);
#6485 = CARTESIAN_POINT('',(-7.660674055233,6.180959302326,-0.2));
#6486 = DIRECTION('',(0.,-1.,0.));
#6487 = DIRECTION('',(-1.,0.,0.));
#6488 = ADVANCED_FACE('',(#6489),#6514,.F.);
#6489 = FACE_BOUND('',#6490,.F.);
#6490 = EDGE_LOOP('',(#6491,#6501,#6507,#6508));
#6491 = ORIENTED_EDGE('',*,*,#6492,.F.);
#6492 = EDGE_CURVE('',#6493,#6495,#6497,.T.);
#6493 = VERTEX_POINT('',#6494);
#6494 = CARTESIAN_POINT('',(-3.484765625,5.4,-0.2));
#6495 = VERTEX_POINT('',#6496);
#6496 = CARTESIAN_POINT('',(-2.794313226744,7.2,-0.2));
#6497 = LINE('',#6498,#6499);
#6498 = CARTESIAN_POINT('',(-3.484765625,5.4,-0.2));
#6499 = VECTOR('',#6500,1.);
#6500 = DIRECTION('',(0.358140599612,0.933667666201,0.));
#6501 = ORIENTED_EDGE('',*,*,#6502,.T.);
#6502 = EDGE_CURVE('',#6493,#1475,#6503,.T.);
#6503 = LINE('',#6504,#6505);
#6504 = CARTESIAN_POINT('',(-3.484765625,5.4,-0.2));
#6505 = VECTOR('',#6506,1.);
#6506 = DIRECTION('',(0.,0.,1.));
#6507 = ORIENTED_EDGE('',*,*,#1472,.F.);
#6508 = ORIENTED_EDGE('',*,*,#6509,.F.);
#6509 = EDGE_CURVE('',#6495,#1473,#6510,.T.);
#6510 = LINE('',#6511,#6512);
#6511 = CARTESIAN_POINT('',(-2.794313226744,7.2,-0.2));
#6512 = VECTOR('',#6513,1.);
#6513 = DIRECTION('',(0.,0.,1.));
#6514 = PLANE('',#6515);
#6515 = AXIS2_PLACEMENT_3D('',#6516,#6517,#6518);
#6516 = CARTESIAN_POINT('',(-3.484765625,5.4,-0.2));
#6517 = DIRECTION('',(-0.933667666201,0.358140599612,0.));
#6518 = DIRECTION('',(0.358140599612,0.933667666201,0.));
#6519 = ADVANCED_FACE('',(#6520),#6538,.F.);
#6520 = FACE_BOUND('',#6521,.F.);
#6521 = EDGE_LOOP('',(#6522,#6530,#6536,#6537));
#6522 = ORIENTED_EDGE('',*,*,#6523,.F.);
#6523 = EDGE_CURVE('',#6524,#6493,#6526,.T.);
#6524 = VERTEX_POINT('',#6525);
#6525 = CARTESIAN_POINT('',(-3.232131177326,5.4,-0.2));
#6526 = LINE('',#6527,#6528);
#6527 = CARTESIAN_POINT('',(-3.232131177326,5.4,-0.2));
#6528 = VECTOR('',#6529,1.);
#6529 = DIRECTION('',(-1.,0.,0.));
#6530 = ORIENTED_EDGE('',*,*,#6531,.T.);
#6531 = EDGE_CURVE('',#6524,#1523,#6532,.T.);
#6532 = LINE('',#6533,#6534);
#6533 = CARTESIAN_POINT('',(-3.232131177326,5.4,-0.2));
#6534 = VECTOR('',#6535,1.);
#6535 = DIRECTION('',(0.,0.,1.));
#6536 = ORIENTED_EDGE('',*,*,#1530,.F.);
#6537 = ORIENTED_EDGE('',*,*,#6502,.F.);
#6538 = PLANE('',#6539);
#6539 = AXIS2_PLACEMENT_3D('',#6540,#6541,#6542);
#6540 = CARTESIAN_POINT('',(-3.232131177326,5.4,-0.2));
#6541 = DIRECTION('',(0.,-1.,0.));
#6542 = DIRECTION('',(-1.,0.,0.));
#6543 = ADVANCED_FACE('',(#6544),#6562,.F.);
#6544 = FACE_BOUND('',#6545,.F.);
#6545 = EDGE_LOOP('',(#6546,#6554,#6560,#6561));
#6546 = ORIENTED_EDGE('',*,*,#6547,.F.);
#6547 = EDGE_CURVE('',#6548,#6524,#6550,.T.);
#6548 = VERTEX_POINT('',#6549);
#6549 = CARTESIAN_POINT('',(-3.034683866279,5.941569767442,-0.2));
#6550 = LINE('',#6551,#6552);
#6551 = CARTESIAN_POINT('',(-3.034683866279,5.941569767442,-0.2));
#6552 = VECTOR('',#6553,1.);
#6553 = DIRECTION('',(-0.342528723811,-0.939507356738,0.));
#6554 = ORIENTED_EDGE('',*,*,#6555,.T.);
#6555 = EDGE_CURVE('',#6548,#1515,#6556,.T.);
#6556 = LINE('',#6557,#6558);
#6557 = CARTESIAN_POINT('',(-3.034683866279,5.941569767442,-0.2));
#6558 = VECTOR('',#6559,1.);
#6559 = DIRECTION('',(0.,0.,1.));
#6560 = ORIENTED_EDGE('',*,*,#1522,.F.);
#6561 = ORIENTED_EDGE('',*,*,#6531,.F.);
#6562 = PLANE('',#6563);
#6563 = AXIS2_PLACEMENT_3D('',#6564,#6565,#6566);
#6564 = CARTESIAN_POINT('',(-3.034683866279,5.941569767442,-0.2));
#6565 = DIRECTION('',(0.939507356738,-0.342528723811,0.));
#6566 = DIRECTION('',(-0.342528723811,-0.939507356738,0.));
#6567 = ADVANCED_FACE('',(#6568),#6586,.F.);
#6568 = FACE_BOUND('',#6569,.F.);
#6569 = EDGE_LOOP('',(#6570,#6578,#6584,#6585));
#6570 = ORIENTED_EDGE('',*,*,#6571,.F.);
#6571 = EDGE_CURVE('',#6572,#6548,#6574,.T.);
#6572 = VERTEX_POINT('',#6573);
#6573 = CARTESIAN_POINT('',(-2.282912427326,5.941569767442,-0.2));
#6574 = LINE('',#6575,#6576);
#6575 = CARTESIAN_POINT('',(-2.282912427326,5.941569767442,-0.2));
#6576 = VECTOR('',#6577,1.);
#6577 = DIRECTION('',(-1.,0.,0.));
#6578 = ORIENTED_EDGE('',*,*,#6579,.T.);
#6579 = EDGE_CURVE('',#6572,#1507,#6580,.T.);
#6580 = LINE('',#6581,#6582);
#6581 = CARTESIAN_POINT('',(-2.282912427326,5.941569767442,-0.2));
#6582 = VECTOR('',#6583,1.);
#6583 = DIRECTION('',(0.,0.,1.));
#6584 = ORIENTED_EDGE('',*,*,#1514,.F.);
#6585 = ORIENTED_EDGE('',*,*,#6555,.F.);
#6586 = PLANE('',#6587);
#6587 = AXIS2_PLACEMENT_3D('',#6588,#6589,#6590);
#6588 = CARTESIAN_POINT('',(-2.282912427326,5.941569767442,-0.2));
#6589 = DIRECTION('',(0.,-1.,0.));
#6590 = DIRECTION('',(-1.,0.,0.));
#6591 = ADVANCED_FACE('',(#6592),#6610,.F.);
#6592 = FACE_BOUND('',#6593,.F.);
#6593 = EDGE_LOOP('',(#6594,#6602,#6608,#6609));
#6594 = ORIENTED_EDGE('',*,*,#6595,.F.);
#6595 = EDGE_CURVE('',#6596,#6572,#6598,.T.);
#6596 = VERTEX_POINT('',#6597);
#6597 = CARTESIAN_POINT('',(-2.07320130814,5.4,-0.2));
#6598 = LINE('',#6599,#6600);
#6599 = CARTESIAN_POINT('',(-2.07320130814,5.4,-0.2));
#6600 = VECTOR('',#6601,1.);
#6601 = DIRECTION('',(-0.361100736281,0.932526813694,0.));
#6602 = ORIENTED_EDGE('',*,*,#6603,.T.);
#6603 = EDGE_CURVE('',#6596,#1499,#6604,.T.);
#6604 = LINE('',#6605,#6606);
#6605 = CARTESIAN_POINT('',(-2.07320130814,5.4,-0.2));
#6606 = VECTOR('',#6607,1.);
#6607 = DIRECTION('',(0.,0.,1.));
#6608 = ORIENTED_EDGE('',*,*,#1506,.F.);
#6609 = ORIENTED_EDGE('',*,*,#6579,.F.);
#6610 = PLANE('',#6611);
#6611 = AXIS2_PLACEMENT_3D('',#6612,#6613,#6614);
#6612 = CARTESIAN_POINT('',(-2.07320130814,5.4,-0.2));
#6613 = DIRECTION('',(-0.932526813694,-0.361100736281,0.));
#6614 = DIRECTION('',(-0.361100736281,0.932526813694,0.));
#6615 = ADVANCED_FACE('',(#6616),#6634,.F.);
#6616 = FACE_BOUND('',#6617,.F.);
#6617 = EDGE_LOOP('',(#6618,#6626,#6632,#6633));
#6618 = ORIENTED_EDGE('',*,*,#6619,.F.);
#6619 = EDGE_CURVE('',#6620,#6596,#6622,.T.);
#6620 = VERTEX_POINT('',#6621);
#6621 = CARTESIAN_POINT('',(-1.802171148256,5.4,-0.2));
#6622 = LINE('',#6623,#6624);
#6623 = CARTESIAN_POINT('',(-1.802171148256,5.4,-0.2));
#6624 = VECTOR('',#6625,1.);
#6625 = DIRECTION('',(-1.,0.,0.));
#6626 = ORIENTED_EDGE('',*,*,#6627,.T.);
#6627 = EDGE_CURVE('',#6620,#1491,#6628,.T.);
#6628 = LINE('',#6629,#6630);
#6629 = CARTESIAN_POINT('',(-1.802171148256,5.4,-0.2));
#6630 = VECTOR('',#6631,1.);
#6631 = DIRECTION('',(0.,0.,1.));
#6632 = ORIENTED_EDGE('',*,*,#1498,.F.);
#6633 = ORIENTED_EDGE('',*,*,#6603,.F.);
#6634 = PLANE('',#6635);
#6635 = AXIS2_PLACEMENT_3D('',#6636,#6637,#6638);
#6636 = CARTESIAN_POINT('',(-1.802171148256,5.4,-0.2));
#6637 = DIRECTION('',(0.,-1.,0.));
#6638 = DIRECTION('',(-1.,0.,0.));
#6639 = ADVANCED_FACE('',(#6640),#6658,.F.);
#6640 = FACE_BOUND('',#6641,.F.);
#6641 = EDGE_LOOP('',(#6642,#6650,#6656,#6657));
#6642 = ORIENTED_EDGE('',*,*,#6643,.F.);
#6643 = EDGE_CURVE('',#6644,#6620,#6646,.T.);
#6644 = VERTEX_POINT('',#6645);
#6645 = CARTESIAN_POINT('',(-2.537999636628,7.2,-0.2));
#6646 = LINE('',#6647,#6648);
#6647 = CARTESIAN_POINT('',(-2.537999636628,7.2,-0.2));
#6648 = VECTOR('',#6649,1.);
#6649 = DIRECTION('',(0.378397088703,-0.92564336721,0.));
#6650 = ORIENTED_EDGE('',*,*,#6651,.T.);
#6651 = EDGE_CURVE('',#6644,#1483,#6652,.T.);
#6652 = LINE('',#6653,#6654);
#6653 = CARTESIAN_POINT('',(-2.537999636628,7.2,-0.2));
#6654 = VECTOR('',#6655,1.);
#6655 = DIRECTION('',(0.,0.,1.));
#6656 = ORIENTED_EDGE('',*,*,#1490,.F.);
#6657 = ORIENTED_EDGE('',*,*,#6627,.F.);
#6658 = PLANE('',#6659);
#6659 = AXIS2_PLACEMENT_3D('',#6660,#6661,#6662);
#6660 = CARTESIAN_POINT('',(-2.537999636628,7.2,-0.2));
#6661 = DIRECTION('',(0.92564336721,0.378397088703,0.));
#6662 = DIRECTION('',(0.378397088703,-0.92564336721,0.));
#6663 = ADVANCED_FACE('',(#6664),#6675,.F.);
#6664 = FACE_BOUND('',#6665,.F.);
#6665 = EDGE_LOOP('',(#6666,#6672,#6673,#6674));
#6666 = ORIENTED_EDGE('',*,*,#6667,.F.);
#6667 = EDGE_CURVE('',#6495,#6644,#6668,.T.);
#6668 = LINE('',#6669,#6670);
#6669 = CARTESIAN_POINT('',(-2.794313226744,7.2,-0.2));
#6670 = VECTOR('',#6671,1.);
#6671 = DIRECTION('',(1.,0.,0.));
#6672 = ORIENTED_EDGE('',*,*,#6509,.T.);
#6673 = ORIENTED_EDGE('',*,*,#1482,.F.);
#6674 = ORIENTED_EDGE('',*,*,#6651,.F.);
#6675 = PLANE('',#6676);
#6676 = AXIS2_PLACEMENT_3D('',#6677,#6678,#6679);
#6677 = CARTESIAN_POINT('',(-2.794313226744,7.2,-0.2));
#6678 = DIRECTION('',(0.,1.,0.));
#6679 = DIRECTION('',(1.,0.,0.));
#6680 = ADVANCED_FACE('',(#6681),#6706,.F.);
#6681 = FACE_BOUND('',#6682,.F.);
#6682 = EDGE_LOOP('',(#6683,#6693,#6699,#6700));
#6683 = ORIENTED_EDGE('',*,*,#6684,.F.);
#6684 = EDGE_CURVE('',#6685,#6687,#6689,.T.);
#6685 = VERTEX_POINT('',#6686);
#6686 = CARTESIAN_POINT('',(-1.641106468023,5.4,-0.2));
#6687 = VERTEX_POINT('',#6688);
#6688 = CARTESIAN_POINT('',(-1.641106468023,6.702906976744,-0.2));
#6689 = LINE('',#6690,#6691);
#6690 = CARTESIAN_POINT('',(-1.641106468023,5.4,-0.2));
#6691 = VECTOR('',#6692,1.);
#6692 = DIRECTION('',(0.,1.,0.));
#6693 = ORIENTED_EDGE('',*,*,#6694,.T.);
#6694 = EDGE_CURVE('',#6685,#1541,#6695,.T.);
#6695 = LINE('',#6696,#6697);
#6696 = CARTESIAN_POINT('',(-1.641106468023,5.4,-0.2));
#6697 = VECTOR('',#6698,1.);
#6698 = DIRECTION('',(0.,0.,1.));
#6699 = ORIENTED_EDGE('',*,*,#1538,.F.);
#6700 = ORIENTED_EDGE('',*,*,#6701,.F.);
#6701 = EDGE_CURVE('',#6687,#1539,#6702,.T.);
#6702 = LINE('',#6703,#6704);
#6703 = CARTESIAN_POINT('',(-1.641106468023,6.702906976744,-0.2));
#6704 = VECTOR('',#6705,1.);
#6705 = DIRECTION('',(0.,0.,1.));
#6706 = PLANE('',#6707);
#6707 = AXIS2_PLACEMENT_3D('',#6708,#6709,#6710);
#6708 = CARTESIAN_POINT('',(-1.641106468023,5.4,-0.2));
#6709 = DIRECTION('',(-1.,0.,0.));
#6710 = DIRECTION('',(0.,1.,0.));
#6711 = ADVANCED_FACE('',(#6712),#6730,.F.);
#6712 = FACE_BOUND('',#6713,.F.);
#6713 = EDGE_LOOP('',(#6714,#6722,#6728,#6729));
#6714 = ORIENTED_EDGE('',*,*,#6715,.F.);
#6715 = EDGE_CURVE('',#6716,#6685,#6718,.T.);
#6716 = VERTEX_POINT('',#6717);
#6717 = CARTESIAN_POINT('',(-1.420357921512,5.4,-0.2));
#6718 = LINE('',#6719,#6720);
#6719 = CARTESIAN_POINT('',(-1.420357921512,5.4,-0.2));
#6720 = VECTOR('',#6721,1.);
#6721 = DIRECTION('',(-1.,0.,0.));
#6722 = ORIENTED_EDGE('',*,*,#6723,.T.);
#6723 = EDGE_CURVE('',#6716,#1822,#6724,.T.);
#6724 = LINE('',#6725,#6726);
#6725 = CARTESIAN_POINT('',(-1.420357921512,5.4,-0.2));
#6726 = VECTOR('',#6727,1.);
#6727 = DIRECTION('',(0.,0.,1.));
#6728 = ORIENTED_EDGE('',*,*,#1829,.F.);
#6729 = ORIENTED_EDGE('',*,*,#6694,.F.);
#6730 = PLANE('',#6731);
#6731 = AXIS2_PLACEMENT_3D('',#6732,#6733,#6734);
#6732 = CARTESIAN_POINT('',(-1.420357921512,5.4,-0.2));
#6733 = DIRECTION('',(0.,-1.,0.));
#6734 = DIRECTION('',(-1.,0.,0.));
#6735 = ADVANCED_FACE('',(#6736),#6754,.F.);
#6736 = FACE_BOUND('',#6737,.F.);
#6737 = EDGE_LOOP('',(#6738,#6746,#6752,#6753));
#6738 = ORIENTED_EDGE('',*,*,#6739,.F.);
#6739 = EDGE_CURVE('',#6740,#6716,#6742,.T.);
#6740 = VERTEX_POINT('',#6741);
#6741 = CARTESIAN_POINT('',(-1.420357921512,6.075081758721,-0.2));
#6742 = LINE('',#6743,#6744);
#6743 = CARTESIAN_POINT('',(-1.420357921512,6.075081758721,-0.2));
#6744 = VECTOR('',#6745,1.);
#6745 = DIRECTION('',(0.,-1.,0.));
#6746 = ORIENTED_EDGE('',*,*,#6747,.T.);
#6747 = EDGE_CURVE('',#6740,#1811,#6748,.T.);
#6748 = LINE('',#6749,#6750);
#6749 = CARTESIAN_POINT('',(-1.420357921512,6.075081758721,-0.2));
#6750 = VECTOR('',#6751,1.);
#6751 = DIRECTION('',(0.,0.,1.));
#6752 = ORIENTED_EDGE('',*,*,#1821,.F.);
#6753 = ORIENTED_EDGE('',*,*,#6723,.F.);
#6754 = PLANE('',#6755);
#6755 = AXIS2_PLACEMENT_3D('',#6756,#6757,#6758);
#6756 = CARTESIAN_POINT('',(-1.420357921512,6.075081758721,-0.2));
#6757 = DIRECTION('',(1.,0.,0.));
#6758 = DIRECTION('',(0.,-1.,0.));
#6759 = ADVANCED_FACE('',(#6760),#6778,.F.);
#6760 = FACE_BOUND('',#6761,.F.);
#6761 = EDGE_LOOP('',(#6762,#6770,#6776,#6777));
#6762 = ORIENTED_EDGE('',*,*,#6763,.F.);
#6763 = EDGE_CURVE('',#6764,#6740,#6766,.T.);
#6764 = VERTEX_POINT('',#6765);
#6765 = CARTESIAN_POINT('',(-1.384792877907,6.347011264535,-0.2));
#6766 = B_SPLINE_CURVE_WITH_KNOTS('',2,(#6767,#6768,#6769),
  .UNSPECIFIED.,.F.,.F.,(3,3),(0.,1.),.PIECEWISE_BEZIER_KNOTS.);
#6767 = CARTESIAN_POINT('',(-1.384792877907,6.347011264535,-0.2));
#6768 = CARTESIAN_POINT('',(-1.420357921512,6.252743459302,-0.2));
#6769 = CARTESIAN_POINT('',(-1.420357921512,6.075081758721,-0.2));
#6770 = ORIENTED_EDGE('',*,*,#6771,.T.);
#6771 = EDGE_CURVE('',#6764,#1798,#6772,.T.);
#6772 = LINE('',#6773,#6774);
#6773 = CARTESIAN_POINT('',(-1.384792877907,6.347011264535,-0.2));
#6774 = VECTOR('',#6775,1.);
#6775 = DIRECTION('',(0.,0.,1.));
#6776 = ORIENTED_EDGE('',*,*,#1810,.F.);
#6777 = ORIENTED_EDGE('',*,*,#6747,.F.);
#6778 = SURFACE_OF_LINEAR_EXTRUSION('',#6779,#6783);
#6779 = B_SPLINE_CURVE_WITH_KNOTS('',2,(#6780,#6781,#6782),
  .UNSPECIFIED.,.F.,.F.,(3,3),(0.,1.),.PIECEWISE_BEZIER_KNOTS.);
#6780 = CARTESIAN_POINT('',(-1.384792877907,6.347011264535,-0.2));
#6781 = CARTESIAN_POINT('',(-1.420357921512,6.252743459302,-0.2));
#6782 = CARTESIAN_POINT('',(-1.420357921512,6.075081758721,-0.2));
#6783 = VECTOR('',#6784,1.);
#6784 = DIRECTION('',(-0.,-0.,-1.));
#6785 = ADVANCED_FACE('',(#6786),#6804,.F.);
#6786 = FACE_BOUND('',#6787,.F.);
#6787 = EDGE_LOOP('',(#6788,#6796,#6802,#6803));
#6788 = ORIENTED_EDGE('',*,*,#6789,.F.);
#6789 = EDGE_CURVE('',#6790,#6764,#6792,.T.);
#6790 = VERTEX_POINT('',#6791);
#6791 = CARTESIAN_POINT('',(-1.270167151163,6.490334302326,-0.2));
#6792 = B_SPLINE_CURVE_WITH_KNOTS('',2,(#6793,#6794,#6795),
  .UNSPECIFIED.,.F.,.F.,(3,3),(0.,1.),.PIECEWISE_BEZIER_KNOTS.);
#6793 = CARTESIAN_POINT('',(-1.270167151163,6.490334302326,-0.2));
#6794 = CARTESIAN_POINT('',(-1.349227834302,6.441360828488,-0.2));
#6795 = CARTESIAN_POINT('',(-1.384792877907,6.347011264535,-0.2));
#6796 = ORIENTED_EDGE('',*,*,#6797,.T.);
#6797 = EDGE_CURVE('',#6790,#1785,#6798,.T.);
#6798 = LINE('',#6799,#6800);
#6799 = CARTESIAN_POINT('',(-1.270167151163,6.490334302326,-0.2));
#6800 = VECTOR('',#6801,1.);
#6801 = DIRECTION('',(0.,0.,1.));
#6802 = ORIENTED_EDGE('',*,*,#1797,.F.);
#6803 = ORIENTED_EDGE('',*,*,#6771,.F.);
#6804 = SURFACE_OF_LINEAR_EXTRUSION('',#6805,#6809);
#6805 = B_SPLINE_CURVE_WITH_KNOTS('',2,(#6806,#6807,#6808),
  .UNSPECIFIED.,.F.,.F.,(3,3),(0.,1.),.PIECEWISE_BEZIER_KNOTS.);
#6806 = CARTESIAN_POINT('',(-1.270167151163,6.490334302326,-0.2));
#6807 = CARTESIAN_POINT('',(-1.349227834302,6.441360828488,-0.2));
#6808 = CARTESIAN_POINT('',(-1.384792877907,6.347011264535,-0.2));
#6809 = VECTOR('',#6810,1.);
#6810 = DIRECTION('',(-0.,-0.,-1.));
#6811 = ADVANCED_FACE('',(#6812),#6830,.F.);
#6812 = FACE_BOUND('',#6813,.F.);
#6813 = EDGE_LOOP('',(#6814,#6822,#6828,#6829));
#6814 = ORIENTED_EDGE('',*,*,#6815,.F.);
#6815 = EDGE_CURVE('',#6816,#6790,#6818,.T.);
#6816 = VERTEX_POINT('',#6817);
#6817 = CARTESIAN_POINT('',(-1.097819767442,6.539389534884,-0.2));
#6818 = B_SPLINE_CURVE_WITH_KNOTS('',2,(#6819,#6820,#6821),
  .UNSPECIFIED.,.F.,.F.,(3,3),(0.,1.),.PIECEWISE_BEZIER_KNOTS.);
#6819 = CARTESIAN_POINT('',(-1.097819767442,6.539389534884,-0.2));
#6820 = CARTESIAN_POINT('',(-1.191024709302,6.539389534884,-0.2));
#6821 = CARTESIAN_POINT('',(-1.270167151163,6.490334302326,-0.2));
#6822 = ORIENTED_EDGE('',*,*,#6823,.T.);
#6823 = EDGE_CURVE('',#6816,#1770,#6824,.T.);
#6824 = LINE('',#6825,#6826);
#6825 = CARTESIAN_POINT('',(-1.097819767442,6.539389534884,-0.2));
#6826 = VECTOR('',#6827,1.);
#6827 = DIRECTION('',(0.,0.,1.));
#6828 = ORIENTED_EDGE('',*,*,#1784,.F.);
#6829 = ORIENTED_EDGE('',*,*,#6797,.F.);
#6830 = SURFACE_OF_LINEAR_EXTRUSION('',#6831,#6835);
#6831 = B_SPLINE_CURVE_WITH_KNOTS('',2,(#6832,#6833,#6834),
  .UNSPECIFIED.,.F.,.F.,(3,3),(0.,1.),.PIECEWISE_BEZIER_KNOTS.);
#6832 = CARTESIAN_POINT('',(-1.097819767442,6.539389534884,-0.2));
#6833 = CARTESIAN_POINT('',(-1.191024709302,6.539389534884,-0.2));
#6834 = CARTESIAN_POINT('',(-1.270167151163,6.490334302326,-0.2));
#6835 = VECTOR('',#6836,1.);
#6836 = DIRECTION('',(-0.,-0.,-1.));
#6837 = ADVANCED_FACE('',(#6838),#6856,.F.);
#6838 = FACE_BOUND('',#6839,.F.);
#6839 = EDGE_LOOP('',(#6840,#6848,#6854,#6855));
#6840 = ORIENTED_EDGE('',*,*,#6841,.F.);
#6841 = EDGE_CURVE('',#6842,#6816,#6844,.T.);
#6842 = VERTEX_POINT('',#6843);
#6843 = CARTESIAN_POINT('',(-0.921220930233,6.465888444767,-0.2));
#6844 = B_SPLINE_CURVE_WITH_KNOTS('',2,(#6845,#6846,#6847),
  .UNSPECIFIED.,.F.,.F.,(3,3),(0.,1.),.PIECEWISE_BEZIER_KNOTS.);
#6845 = CARTESIAN_POINT('',(-0.921220930233,6.465888444767,-0.2));
#6846 = CARTESIAN_POINT('',(-0.975181686047,6.539389534884,-0.2));
#6847 = CARTESIAN_POINT('',(-1.097819767442,6.539389534884,-0.2));
#6848 = ORIENTED_EDGE('',*,*,#6849,.T.);
#6849 = EDGE_CURVE('',#6842,#1759,#6850,.T.);
#6850 = LINE('',#6851,#6852);
#6851 = CARTESIAN_POINT('',(-0.921220930233,6.465888444767,-0.2));
#6852 = VECTOR('',#6853,1.);
#6853 = DIRECTION('',(0.,0.,1.));
#6854 = ORIENTED_EDGE('',*,*,#1769,.F.);
#6855 = ORIENTED_EDGE('',*,*,#6823,.F.);
#6856 = SURFACE_OF_LINEAR_EXTRUSION('',#6857,#6861);
#6857 = B_SPLINE_CURVE_WITH_KNOTS('',2,(#6858,#6859,#6860),
  .UNSPECIFIED.,.F.,.F.,(3,3),(0.,1.),.PIECEWISE_BEZIER_KNOTS.);
#6858 = CARTESIAN_POINT('',(-0.921220930233,6.465888444767,-0.2));
#6859 = CARTESIAN_POINT('',(-0.975181686047,6.539389534884,-0.2));
#6860 = CARTESIAN_POINT('',(-1.097819767442,6.539389534884,-0.2));
#6861 = VECTOR('',#6862,1.);
#6862 = DIRECTION('',(-0.,-0.,-1.));
#6863 = ADVANCED_FACE('',(#6864),#6882,.F.);
#6864 = FACE_BOUND('',#6865,.F.);
#6865 = EDGE_LOOP('',(#6866,#6874,#6880,#6881));
#6866 = ORIENTED_EDGE('',*,*,#6867,.F.);
#6867 = EDGE_CURVE('',#6868,#6842,#6870,.T.);
#6868 = VERTEX_POINT('',#6869);
#6869 = CARTESIAN_POINT('',(-0.867260174419,6.245385174419,-0.2));
#6870 = B_SPLINE_CURVE_WITH_KNOTS('',2,(#6871,#6872,#6873),
  .UNSPECIFIED.,.F.,.F.,(3,3),(0.,1.),.PIECEWISE_BEZIER_KNOTS.);
#6871 = CARTESIAN_POINT('',(-0.867260174419,6.245385174419,-0.2));
#6872 = CARTESIAN_POINT('',(-0.867260174419,6.392387354651,-0.2));
#6873 = CARTESIAN_POINT('',(-0.921220930233,6.465888444767,-0.2));
#6874 = ORIENTED_EDGE('',*,*,#6875,.T.);
#6875 = EDGE_CURVE('',#6868,#1751,#6876,.T.);
#6876 = LINE('',#6877,#6878);
#6877 = CARTESIAN_POINT('',(-0.867260174419,6.245385174419,-0.2));
#6878 = VECTOR('',#6879,1.);
#6879 = DIRECTION('',(0.,0.,1.));
#6880 = ORIENTED_EDGE('',*,*,#1758,.F.);
#6881 = ORIENTED_EDGE('',*,*,#6849,.F.);
#6882 = SURFACE_OF_LINEAR_EXTRUSION('',#6883,#6887);
#6883 = B_SPLINE_CURVE_WITH_KNOTS('',2,(#6884,#6885,#6886),
  .UNSPECIFIED.,.F.,.F.,(3,3),(0.,1.),.PIECEWISE_BEZIER_KNOTS.);
#6884 = CARTESIAN_POINT('',(-0.867260174419,6.245385174419,-0.2));
#6885 = CARTESIAN_POINT('',(-0.867260174419,6.392387354651,-0.2));
#6886 = CARTESIAN_POINT('',(-0.921220930233,6.465888444767,-0.2));
#6887 = VECTOR('',#6888,1.);
#6888 = DIRECTION('',(-0.,-0.,-1.));
#6889 = ADVANCED_FACE('',(#6890),#6908,.F.);
#6890 = FACE_BOUND('',#6891,.F.);
#6891 = EDGE_LOOP('',(#6892,#6900,#6906,#6907));
#6892 = ORIENTED_EDGE('',*,*,#6893,.F.);
#6893 = EDGE_CURVE('',#6894,#6868,#6896,.T.);
#6894 = VERTEX_POINT('',#6895);
#6895 = CARTESIAN_POINT('',(-0.867260174419,5.4,-0.2));
#6896 = LINE('',#6897,#6898);
#6897 = CARTESIAN_POINT('',(-0.867260174419,5.4,-0.2));
#6898 = VECTOR('',#6899,1.);
#6899 = DIRECTION('',(0.,1.,0.));
#6900 = ORIENTED_EDGE('',*,*,#6901,.T.);
#6901 = EDGE_CURVE('',#6894,#1743,#6902,.T.);
#6902 = LINE('',#6903,#6904);
#6903 = CARTESIAN_POINT('',(-0.867260174419,5.4,-0.2));
#6904 = VECTOR('',#6905,1.);
#6905 = DIRECTION('',(0.,0.,1.));
#6906 = ORIENTED_EDGE('',*,*,#1750,.F.);
#6907 = ORIENTED_EDGE('',*,*,#6875,.F.);
#6908 = PLANE('',#6909);
#6909 = AXIS2_PLACEMENT_3D('',#6910,#6911,#6912);
#6910 = CARTESIAN_POINT('',(-0.867260174419,5.4,-0.2));
#6911 = DIRECTION('',(-1.,0.,0.));
#6912 = DIRECTION('',(0.,1.,0.));
#6913 = ADVANCED_FACE('',(#6914),#6932,.F.);
#6914 = FACE_BOUND('',#6915,.F.);
#6915 = EDGE_LOOP('',(#6916,#6924,#6930,#6931));
#6916 = ORIENTED_EDGE('',*,*,#6917,.F.);
#6917 = EDGE_CURVE('',#6918,#6894,#6920,.T.);
#6918 = VERTEX_POINT('',#6919);
#6919 = CARTESIAN_POINT('',(-0.646511627907,5.4,-0.2));
#6920 = LINE('',#6921,#6922);
#6921 = CARTESIAN_POINT('',(-0.646511627907,5.4,-0.2));
#6922 = VECTOR('',#6923,1.);
#6923 = DIRECTION('',(-1.,0.,0.));
#6924 = ORIENTED_EDGE('',*,*,#6925,.T.);
#6925 = EDGE_CURVE('',#6918,#1735,#6926,.T.);
#6926 = LINE('',#6927,#6928);
#6927 = CARTESIAN_POINT('',(-0.646511627907,5.4,-0.2));
#6928 = VECTOR('',#6929,1.);
#6929 = DIRECTION('',(0.,0.,1.));
#6930 = ORIENTED_EDGE('',*,*,#1742,.F.);
#6931 = ORIENTED_EDGE('',*,*,#6901,.F.);
#6932 = PLANE('',#6933);
#6933 = AXIS2_PLACEMENT_3D('',#6934,#6935,#6936);
#6934 = CARTESIAN_POINT('',(-0.646511627907,5.4,-0.2));
#6935 = DIRECTION('',(0.,-1.,0.));
#6936 = DIRECTION('',(-1.,0.,0.));
#6937 = ADVANCED_FACE('',(#6938),#6956,.F.);
#6938 = FACE_BOUND('',#6939,.F.);
#6939 = EDGE_LOOP('',(#6940,#6948,#6954,#6955));
#6940 = ORIENTED_EDGE('',*,*,#6941,.F.);
#6941 = EDGE_CURVE('',#6942,#6918,#6944,.T.);
#6942 = VERTEX_POINT('',#6943);
#6943 = CARTESIAN_POINT('',(-0.646511627907,6.155941133721,-0.2));
#6944 = LINE('',#6945,#6946);
#6945 = CARTESIAN_POINT('',(-0.646511627907,6.155941133721,-0.2));
#6946 = VECTOR('',#6947,1.);
#6947 = DIRECTION('',(0.,-1.,0.));
#6948 = ORIENTED_EDGE('',*,*,#6949,.T.);
#6949 = EDGE_CURVE('',#6942,#1724,#6950,.T.);
#6950 = LINE('',#6951,#6952);
#6951 = CARTESIAN_POINT('',(-0.646511627907,6.155941133721,-0.2));
#6952 = VECTOR('',#6953,1.);
#6953 = DIRECTION('',(0.,0.,1.));
#6954 = ORIENTED_EDGE('',*,*,#1734,.F.);
#6955 = ORIENTED_EDGE('',*,*,#6925,.F.);
#6956 = PLANE('',#6957);
#6957 = AXIS2_PLACEMENT_3D('',#6958,#6959,#6960);
#6958 = CARTESIAN_POINT('',(-0.646511627907,6.155941133721,-0.2));
#6959 = DIRECTION('',(1.,0.,0.));
#6960 = DIRECTION('',(0.,-1.,0.));
#6961 = ADVANCED_FACE('',(#6962),#6980,.F.);
#6962 = FACE_BOUND('',#6963,.F.);
#6963 = EDGE_LOOP('',(#6964,#6972,#6978,#6979));
#6964 = ORIENTED_EDGE('',*,*,#6965,.F.);
#6965 = EDGE_CURVE('',#6966,#6942,#6968,.T.);
#6966 = VERTEX_POINT('',#6967);
#6967 = CARTESIAN_POINT('',(-0.555759447674,6.448065043605,-0.2));
#6968 = B_SPLINE_CURVE_WITH_KNOTS('',2,(#6969,#6970,#6971),
  .UNSPECIFIED.,.F.,.F.,(3,3),(0.,1.),.PIECEWISE_BEZIER_KNOTS.);
#6969 = CARTESIAN_POINT('',(-0.555759447674,6.448065043605,-0.2));
#6970 = CARTESIAN_POINT('',(-0.646511627907,6.356822311047,-0.2));
#6971 = CARTESIAN_POINT('',(-0.646511627907,6.155941133721,-0.2));
#6972 = ORIENTED_EDGE('',*,*,#6973,.T.);
#6973 = EDGE_CURVE('',#6966,#1711,#6974,.T.);
#6974 = LINE('',#6975,#6976);
#6975 = CARTESIAN_POINT('',(-0.555759447674,6.448065043605,-0.2));
#6976 = VECTOR('',#6977,1.);
#6977 = DIRECTION('',(0.,0.,1.));
#6978 = ORIENTED_EDGE('',*,*,#1723,.F.);
#6979 = ORIENTED_EDGE('',*,*,#6949,.F.);
#6980 = SURFACE_OF_LINEAR_EXTRUSION('',#6981,#6985);
#6981 = B_SPLINE_CURVE_WITH_KNOTS('',2,(#6982,#6983,#6984),
  .UNSPECIFIED.,.F.,.F.,(3,3),(0.,1.),.PIECEWISE_BEZIER_KNOTS.);
#6982 = CARTESIAN_POINT('',(-0.555759447674,6.448065043605,-0.2));
#6983 = CARTESIAN_POINT('',(-0.646511627907,6.356822311047,-0.2));
#6984 = CARTESIAN_POINT('',(-0.646511627907,6.155941133721,-0.2));
#6985 = VECTOR('',#6986,1.);
#6986 = DIRECTION('',(-0.,-0.,-1.));
#6987 = ADVANCED_FACE('',(#6988),#7006,.F.);
#6988 = FACE_BOUND('',#6989,.F.);
#6989 = EDGE_LOOP('',(#6990,#6998,#7004,#7005));
#6990 = ORIENTED_EDGE('',*,*,#6991,.F.);
#6991 = EDGE_CURVE('',#6992,#6966,#6994,.T.);
#6992 = VERTEX_POINT('',#6993);
#6993 = CARTESIAN_POINT('',(-0.327652616279,6.539389534884,-0.2));
#6994 = B_SPLINE_CURVE_WITH_KNOTS('',2,(#6995,#6996,#6997),
  .UNSPECIFIED.,.F.,.F.,(3,3),(0.,1.),.PIECEWISE_BEZIER_KNOTS.);
#6995 = CARTESIAN_POINT('',(-0.327652616279,6.539389534884,-0.2));
#6996 = CARTESIAN_POINT('',(-0.465007267442,6.539389534884,-0.2));
#6997 = CARTESIAN_POINT('',(-0.555759447674,6.448065043605,-0.2));
#6998 = ORIENTED_EDGE('',*,*,#6999,.T.);
#6999 = EDGE_CURVE('',#6992,#1701,#7000,.T.);
#7000 = LINE('',#7001,#7002);
#7001 = CARTESIAN_POINT('',(-0.327652616279,6.539389534884,-0.2));
#7002 = VECTOR('',#7003,1.);
#7003 = DIRECTION('',(0.,0.,1.));
#7004 = ORIENTED_EDGE('',*,*,#1710,.F.);
#7005 = ORIENTED_EDGE('',*,*,#6973,.F.);
#7006 = SURFACE_OF_LINEAR_EXTRUSION('',#7007,#7011);
#7007 = B_SPLINE_CURVE_WITH_KNOTS('',2,(#7008,#7009,#7010),
  .UNSPECIFIED.,.F.,.F.,(3,3),(0.,1.),.PIECEWISE_BEZIER_KNOTS.);
#7008 = CARTESIAN_POINT('',(-0.327652616279,6.539389534884,-0.2));
#7009 = CARTESIAN_POINT('',(-0.465007267442,6.539389534884,-0.2));
#7010 = CARTESIAN_POINT('',(-0.555759447674,6.448065043605,-0.2));
#7011 = VECTOR('',#7012,1.);
#7012 = DIRECTION('',(-0.,-0.,-1.));
#7013 = ADVANCED_FACE('',(#7014),#7032,.F.);
#7014 = FACE_BOUND('',#7015,.F.);
#7015 = EDGE_LOOP('',(#7016,#7024,#7030,#7031));
#7016 = ORIENTED_EDGE('',*,*,#7017,.F.);
#7017 = EDGE_CURVE('',#7018,#6992,#7020,.T.);
#7018 = VERTEX_POINT('',#7019);
#7019 = CARTESIAN_POINT('',(-0.195203488372,6.503824491279,-0.2));
#7020 = B_SPLINE_CURVE_WITH_KNOTS('',2,(#7021,#7022,#7023),
  .UNSPECIFIED.,.F.,.F.,(3,3),(0.,1.),.PIECEWISE_BEZIER_KNOTS.);
#7021 = CARTESIAN_POINT('',(-0.195203488372,6.503824491279,-0.2));
#7022 = CARTESIAN_POINT('',(-0.251617005814,6.539389534884,-0.2));
#7023 = CARTESIAN_POINT('',(-0.327652616279,6.539389534884,-0.2));
#7024 = ORIENTED_EDGE('',*,*,#7025,.T.);
#7025 = EDGE_CURVE('',#7018,#1688,#7026,.T.);
#7026 = LINE('',#7027,#7028);
#7027 = CARTESIAN_POINT('',(-0.195203488372,6.503824491279,-0.2));
#7028 = VECTOR('',#7029,1.);
#7029 = DIRECTION('',(0.,0.,1.));
#7030 = ORIENTED_EDGE('',*,*,#1700,.F.);
#7031 = ORIENTED_EDGE('',*,*,#6999,.F.);
#7032 = SURFACE_OF_LINEAR_EXTRUSION('',#7033,#7037);
#7033 = B_SPLINE_CURVE_WITH_KNOTS('',2,(#7034,#7035,#7036),
  .UNSPECIFIED.,.F.,.F.,(3,3),(0.,1.),.PIECEWISE_BEZIER_KNOTS.);
#7034 = CARTESIAN_POINT('',(-0.195203488372,6.503824491279,-0.2));
#7035 = CARTESIAN_POINT('',(-0.251617005814,6.539389534884,-0.2));
#7036 = CARTESIAN_POINT('',(-0.327652616279,6.539389534884,-0.2));
#7037 = VECTOR('',#7038,1.);
#7038 = DIRECTION('',(-0.,-0.,-1.));
#7039 = ADVANCED_FACE('',(#7040),#7058,.F.);
#7040 = FACE_BOUND('',#7041,.F.);
#7041 = EDGE_LOOP('',(#7042,#7050,#7056,#7057));
#7042 = ORIENTED_EDGE('',*,*,#7043,.F.);
#7043 = EDGE_CURVE('',#7044,#7018,#7046,.T.);
#7044 = VERTEX_POINT('',#7045);
#7045 = CARTESIAN_POINT('',(-0.117369186047,6.410128997093,-0.2));
#7046 = B_SPLINE_CURVE_WITH_KNOTS('',2,(#7047,#7048,#7049),
  .UNSPECIFIED.,.F.,.F.,(3,3),(0.,1.),.PIECEWISE_BEZIER_KNOTS.);
#7047 = CARTESIAN_POINT('',(-0.117369186047,6.410128997093,-0.2));
#7048 = CARTESIAN_POINT('',(-0.13878997093,6.468341206395,-0.2));
#7049 = CARTESIAN_POINT('',(-0.195203488372,6.503824491279,-0.2));
#7050 = ORIENTED_EDGE('',*,*,#7051,.T.);
#7051 = EDGE_CURVE('',#7044,#1677,#7052,.T.);
#7052 = LINE('',#7053,#7054);
#7053 = CARTESIAN_POINT('',(-0.117369186047,6.410128997093,-0.2));
#7054 = VECTOR('',#7055,1.);
#7055 = DIRECTION('',(0.,0.,1.));
#7056 = ORIENTED_EDGE('',*,*,#1687,.F.);
#7057 = ORIENTED_EDGE('',*,*,#7025,.F.);
#7058 = SURFACE_OF_LINEAR_EXTRUSION('',#7059,#7063);
#7059 = B_SPLINE_CURVE_WITH_KNOTS('',2,(#7060,#7061,#7062),
  .UNSPECIFIED.,.F.,.F.,(3,3),(0.,1.),.PIECEWISE_BEZIER_KNOTS.);
#7060 = CARTESIAN_POINT('',(-0.117369186047,6.410128997093,-0.2));
#7061 = CARTESIAN_POINT('',(-0.13878997093,6.468341206395,-0.2));
#7062 = CARTESIAN_POINT('',(-0.195203488372,6.503824491279,-0.2));
#7063 = VECTOR('',#7064,1.);
#7064 = DIRECTION('',(-0.,-0.,-1.));
#7065 = ADVANCED_FACE('',(#7066),#7084,.F.);
#7066 = FACE_BOUND('',#7067,.F.);
#7067 = EDGE_LOOP('',(#7068,#7076,#7082,#7083));
#7068 = ORIENTED_EDGE('',*,*,#7069,.F.);
#7069 = EDGE_CURVE('',#7070,#7044,#7072,.T.);
#7070 = VERTEX_POINT('',#7071);
#7071 = CARTESIAN_POINT('',(-9.586664244186E-02,6.219631177326,-0.2));
#7072 = B_SPLINE_CURVE_WITH_KNOTS('',2,(#7073,#7074,#7075),
  .UNSPECIFIED.,.F.,.F.,(3,3),(0.,1.),.PIECEWISE_BEZIER_KNOTS.);
#7073 = CARTESIAN_POINT('',(-9.586664244186E-02,6.219631177326,-0.2));
#7074 = CARTESIAN_POINT('',(-9.586664244186E-02,6.351916787791,-0.2));
#7075 = CARTESIAN_POINT('',(-0.117369186047,6.410128997093,-0.2));
#7076 = ORIENTED_EDGE('',*,*,#7077,.T.);
#7077 = EDGE_CURVE('',#7070,#1669,#7078,.T.);
#7078 = LINE('',#7079,#7080);
#7079 = CARTESIAN_POINT('',(-9.586664244186E-02,6.219631177326,-0.2));
#7080 = VECTOR('',#7081,1.);
#7081 = DIRECTION('',(0.,0.,1.));
#7082 = ORIENTED_EDGE('',*,*,#1676,.F.);
#7083 = ORIENTED_EDGE('',*,*,#7051,.F.);
#7084 = SURFACE_OF_LINEAR_EXTRUSION('',#7085,#7089);
#7085 = B_SPLINE_CURVE_WITH_KNOTS('',2,(#7086,#7087,#7088),
  .UNSPECIFIED.,.F.,.F.,(3,3),(0.,1.),.PIECEWISE_BEZIER_KNOTS.);
#7086 = CARTESIAN_POINT('',(-9.586664244186E-02,6.219631177326,-0.2));
#7087 = CARTESIAN_POINT('',(-9.586664244186E-02,6.351916787791,-0.2));
#7088 = CARTESIAN_POINT('',(-0.117369186047,6.410128997093,-0.2));
#7089 = VECTOR('',#7090,1.);
#7090 = DIRECTION('',(-0.,-0.,-1.));
#7091 = ADVANCED_FACE('',(#7092),#7110,.F.);
#7092 = FACE_BOUND('',#7093,.F.);
#7093 = EDGE_LOOP('',(#7094,#7102,#7108,#7109));
#7094 = ORIENTED_EDGE('',*,*,#7095,.F.);
#7095 = EDGE_CURVE('',#7096,#7070,#7098,.T.);
#7096 = VERTEX_POINT('',#7097);
#7097 = CARTESIAN_POINT('',(-9.586664244186E-02,5.4,-0.2));
#7098 = LINE('',#7099,#7100);
#7099 = CARTESIAN_POINT('',(-9.586664244186E-02,5.4,-0.2));
#7100 = VECTOR('',#7101,1.);
#7101 = DIRECTION('',(0.,1.,0.));
#7102 = ORIENTED_EDGE('',*,*,#7103,.T.);
#7103 = EDGE_CURVE('',#7096,#1661,#7104,.T.);
#7104 = LINE('',#7105,#7106);
#7105 = CARTESIAN_POINT('',(-9.586664244186E-02,5.4,-0.2));
#7106 = VECTOR('',#7107,1.);
#7107 = DIRECTION('',(0.,0.,1.));
#7108 = ORIENTED_EDGE('',*,*,#1668,.F.);
#7109 = ORIENTED_EDGE('',*,*,#7077,.F.);
#7110 = PLANE('',#7111);
#7111 = AXIS2_PLACEMENT_3D('',#7112,#7113,#7114);
#7112 = CARTESIAN_POINT('',(-9.586664244186E-02,5.4,-0.2));
#7113 = DIRECTION('',(-1.,0.,0.));
#7114 = DIRECTION('',(0.,1.,0.));
#7115 = ADVANCED_FACE('',(#7116),#7134,.F.);
#7116 = FACE_BOUND('',#7117,.F.);
#7117 = EDGE_LOOP('',(#7118,#7126,#7132,#7133));
#7118 = ORIENTED_EDGE('',*,*,#7119,.F.);
#7119 = EDGE_CURVE('',#7120,#7096,#7122,.T.);
#7120 = VERTEX_POINT('',#7121);
#7121 = CARTESIAN_POINT('',(0.123655523256,5.4,-0.2));
#7122 = LINE('',#7123,#7124);
#7123 = CARTESIAN_POINT('',(0.123655523256,5.4,-0.2));
#7124 = VECTOR('',#7125,1.);
#7125 = DIRECTION('',(-1.,0.,0.));
#7126 = ORIENTED_EDGE('',*,*,#7127,.T.);
#7127 = EDGE_CURVE('',#7120,#1653,#7128,.T.);
#7128 = LINE('',#7129,#7130);
#7129 = CARTESIAN_POINT('',(0.123655523256,5.4,-0.2));
#7130 = VECTOR('',#7131,1.);
#7131 = DIRECTION('',(0.,0.,1.));
#7132 = ORIENTED_EDGE('',*,*,#1660,.F.);
#7133 = ORIENTED_EDGE('',*,*,#7103,.F.);
#7134 = PLANE('',#7135);
#7135 = AXIS2_PLACEMENT_3D('',#7136,#7137,#7138);
#7136 = CARTESIAN_POINT('',(0.123655523256,5.4,-0.2));
#7137 = DIRECTION('',(0.,-1.,0.));
#7138 = DIRECTION('',(-1.,0.,0.));
#7139 = ADVANCED_FACE('',(#7140),#7158,.F.);
#7140 = FACE_BOUND('',#7141,.F.);
#7141 = EDGE_LOOP('',(#7142,#7150,#7156,#7157));
#7142 = ORIENTED_EDGE('',*,*,#7143,.F.);
#7143 = EDGE_CURVE('',#7144,#7120,#7146,.T.);
#7144 = VERTEX_POINT('',#7145);
#7145 = CARTESIAN_POINT('',(0.123655523256,6.292151162791,-0.2));
#7146 = LINE('',#7147,#7148);
#7147 = CARTESIAN_POINT('',(0.123655523256,6.292151162791,-0.2));
#7148 = VECTOR('',#7149,1.);
#7149 = DIRECTION('',(0.,-1.,0.));
#7150 = ORIENTED_EDGE('',*,*,#7151,.T.);
#7151 = EDGE_CURVE('',#7144,#1642,#7152,.T.);
#7152 = LINE('',#7153,#7154);
#7153 = CARTESIAN_POINT('',(0.123655523256,6.292151162791,-0.2));
#7154 = VECTOR('',#7155,1.);
#7155 = DIRECTION('',(0.,0.,1.));
#7156 = ORIENTED_EDGE('',*,*,#1652,.F.);
#7157 = ORIENTED_EDGE('',*,*,#7127,.F.);
#7158 = PLANE('',#7159);
#7159 = AXIS2_PLACEMENT_3D('',#7160,#7161,#7162);
#7160 = CARTESIAN_POINT('',(0.123655523256,6.292151162791,-0.2));
#7161 = DIRECTION('',(1.,0.,0.));
#7162 = DIRECTION('',(0.,-1.,0.));
#7163 = ADVANCED_FACE('',(#7164),#7182,.F.);
#7164 = FACE_BOUND('',#7165,.F.);
#7165 = EDGE_LOOP('',(#7166,#7174,#7180,#7181));
#7166 = ORIENTED_EDGE('',*,*,#7167,.F.);
#7167 = EDGE_CURVE('',#7168,#7144,#7170,.T.);
#7168 = VERTEX_POINT('',#7169);
#7169 = CARTESIAN_POINT('',(1.941315406977E-02,6.621965843023,-0.2));
#7170 = B_SPLINE_CURVE_WITH_KNOTS('',2,(#7171,#7172,#7173),
  .UNSPECIFIED.,.F.,.F.,(3,3),(0.,1.),.PIECEWISE_BEZIER_KNOTS.);
#7171 = CARTESIAN_POINT('',(1.941315406977E-02,6.621965843023,-0.2));
#7172 = CARTESIAN_POINT('',(0.123655523256,6.514861918605,-0.2));
#7173 = CARTESIAN_POINT('',(0.123655523256,6.292151162791,-0.2));
#7174 = ORIENTED_EDGE('',*,*,#7175,.T.);
#7175 = EDGE_CURVE('',#7168,#1627,#7176,.T.);
#7176 = LINE('',#7177,#7178);
#7177 = CARTESIAN_POINT('',(1.941315406977E-02,6.621965843023,-0.2));
#7178 = VECTOR('',#7179,1.);
#7179 = DIRECTION('',(0.,0.,1.));
#7180 = ORIENTED_EDGE('',*,*,#1641,.F.);
#7181 = ORIENTED_EDGE('',*,*,#7151,.F.);
#7182 = SURFACE_OF_LINEAR_EXTRUSION('',#7183,#7187);
#7183 = B_SPLINE_CURVE_WITH_KNOTS('',2,(#7184,#7185,#7186),
  .UNSPECIFIED.,.F.,.F.,(3,3),(0.,1.),.PIECEWISE_BEZIER_KNOTS.);
#7184 = CARTESIAN_POINT('',(1.941315406977E-02,6.621965843023,-0.2));
#7185 = CARTESIAN_POINT('',(0.123655523256,6.514861918605,-0.2));
#7186 = CARTESIAN_POINT('',(0.123655523256,6.292151162791,-0.2));
#7187 = VECTOR('',#7188,1.);
#7188 = DIRECTION('',(-0.,-0.,-1.));
#7189 = ADVANCED_FACE('',(#7190),#7208,.F.);
#7190 = FACE_BOUND('',#7191,.F.);
#7191 = EDGE_LOOP('',(#7192,#7200,#7206,#7207));
#7192 = ORIENTED_EDGE('',*,*,#7193,.F.);
#7193 = EDGE_CURVE('',#7194,#7168,#7196,.T.);
#7194 = VERTEX_POINT('',#7195);
#7195 = CARTESIAN_POINT('',(-0.278597383721,6.729069767442,-0.2));
#7196 = B_SPLINE_CURVE_WITH_KNOTS('',2,(#7197,#7198,#7199),
  .UNSPECIFIED.,.F.,.F.,(3,3),(0.,1.),.PIECEWISE_BEZIER_KNOTS.);
#7197 = CARTESIAN_POINT('',(-0.278597383721,6.729069767442,-0.2));
#7198 = CARTESIAN_POINT('',(-8.482921511628E-02,6.729069767442,-0.2));
#7199 = CARTESIAN_POINT('',(1.941315406977E-02,6.621965843023,-0.2));
#7200 = ORIENTED_EDGE('',*,*,#7201,.T.);
#7201 = EDGE_CURVE('',#7194,#1612,#7202,.T.);
#7202 = LINE('',#7203,#7204);
#7203 = CARTESIAN_POINT('',(-0.278597383721,6.729069767442,-0.2));
#7204 = VECTOR('',#7205,1.);
#7205 = DIRECTION('',(0.,0.,1.));
#7206 = ORIENTED_EDGE('',*,*,#1626,.F.);
#7207 = ORIENTED_EDGE('',*,*,#7175,.F.);
#7208 = SURFACE_OF_LINEAR_EXTRUSION('',#7209,#7213);
#7209 = B_SPLINE_CURVE_WITH_KNOTS('',2,(#7210,#7211,#7212),
  .UNSPECIFIED.,.F.,.F.,(3,3),(0.,1.),.PIECEWISE_BEZIER_KNOTS.);
#7210 = CARTESIAN_POINT('',(-0.278597383721,6.729069767442,-0.2));
#7211 = CARTESIAN_POINT('',(-8.482921511628E-02,6.729069767442,-0.2));
#7212 = CARTESIAN_POINT('',(1.941315406977E-02,6.621965843023,-0.2));
#7213 = VECTOR('',#7214,1.);
#7214 = DIRECTION('',(-0.,-0.,-1.));
#7215 = ADVANCED_FACE('',(#7216),#7234,.F.);
#7216 = FACE_BOUND('',#7217,.F.);
#7217 = EDGE_LOOP('',(#7218,#7226,#7232,#7233));
#7218 = ORIENTED_EDGE('',*,*,#7219,.F.);
#7219 = EDGE_CURVE('',#7220,#7194,#7222,.T.);
#7220 = VERTEX_POINT('',#7221);
#7221 = CARTESIAN_POINT('',(-0.680850290698,6.502598110465,-0.2));
#7222 = B_SPLINE_CURVE_WITH_KNOTS('',2,(#7223,#7224,#7225),
  .UNSPECIFIED.,.F.,.F.,(3,3),(0.,1.),.PIECEWISE_BEZIER_KNOTS.);
#7223 = CARTESIAN_POINT('',(-0.680850290698,6.502598110465,-0.2));
#7224 = CARTESIAN_POINT('',(-0.52632630814,6.729069767442,-0.2));
#7225 = CARTESIAN_POINT('',(-0.278597383721,6.729069767442,-0.2));
#7226 = ORIENTED_EDGE('',*,*,#7227,.T.);
#7227 = EDGE_CURVE('',#7220,#1599,#7228,.T.);
#7228 = LINE('',#7229,#7230);
#7229 = CARTESIAN_POINT('',(-0.680850290698,6.502598110465,-0.2));
#7230 = VECTOR('',#7231,1.);
#7231 = DIRECTION('',(0.,0.,1.));
#7232 = ORIENTED_EDGE('',*,*,#1611,.F.);
#7233 = ORIENTED_EDGE('',*,*,#7201,.F.);
#7234 = SURFACE_OF_LINEAR_EXTRUSION('',#7235,#7239);
#7235 = B_SPLINE_CURVE_WITH_KNOTS('',2,(#7236,#7237,#7238),
  .UNSPECIFIED.,.F.,.F.,(3,3),(0.,1.),.PIECEWISE_BEZIER_KNOTS.);
#7236 = CARTESIAN_POINT('',(-0.680850290698,6.502598110465,-0.2));
#7237 = CARTESIAN_POINT('',(-0.52632630814,6.729069767442,-0.2));
#7238 = CARTESIAN_POINT('',(-0.278597383721,6.729069767442,-0.2));
#7239 = VECTOR('',#7240,1.);
#7240 = DIRECTION('',(-0.,-0.,-1.));
#7241 = ADVANCED_FACE('',(#7242),#7260,.F.);
#7242 = FACE_BOUND('',#7243,.F.);
#7243 = EDGE_LOOP('',(#7244,#7252,#7258,#7259));
#7244 = ORIENTED_EDGE('',*,*,#7245,.F.);
#7245 = EDGE_CURVE('',#7246,#7220,#7248,.T.);
#7246 = VERTEX_POINT('',#7247);
#7247 = CARTESIAN_POINT('',(-0.811500726744,6.669385901163,-0.2));
#7248 = B_SPLINE_CURVE_WITH_KNOTS('',2,(#7249,#7250,#7251),
  .UNSPECIFIED.,.F.,.F.,(3,3),(0.,1.),.PIECEWISE_BEZIER_KNOTS.);
#7249 = CARTESIAN_POINT('',(-0.811500726744,6.669385901163,-0.2));
#7250 = CARTESIAN_POINT('',(-0.71886809593,6.609783793605,-0.2));
#7251 = CARTESIAN_POINT('',(-0.680850290698,6.502598110465,-0.2));
#7252 = ORIENTED_EDGE('',*,*,#7253,.T.);
#7253 = EDGE_CURVE('',#7246,#1588,#7254,.T.);
#7254 = LINE('',#7255,#7256);
#7255 = CARTESIAN_POINT('',(-0.811500726744,6.669385901163,-0.2));
#7256 = VECTOR('',#7257,1.);
#7257 = DIRECTION('',(0.,0.,1.));
#7258 = ORIENTED_EDGE('',*,*,#1598,.F.);
#7259 = ORIENTED_EDGE('',*,*,#7227,.F.);
#7260 = SURFACE_OF_LINEAR_EXTRUSION('',#7261,#7265);
#7261 = B_SPLINE_CURVE_WITH_KNOTS('',2,(#7262,#7263,#7264),
  .UNSPECIFIED.,.F.,.F.,(3,3),(0.,1.),.PIECEWISE_BEZIER_KNOTS.);
#7262 = CARTESIAN_POINT('',(-0.811500726744,6.669385901163,-0.2));
#7263 = CARTESIAN_POINT('',(-0.71886809593,6.609783793605,-0.2));
#7264 = CARTESIAN_POINT('',(-0.680850290698,6.502598110465,-0.2));
#7265 = VECTOR('',#7266,1.);
#7266 = DIRECTION('',(-0.,-0.,-1.));
#7267 = ADVANCED_FACE('',(#7268),#7286,.F.);
#7268 = FACE_BOUND('',#7269,.F.);
#7269 = EDGE_LOOP('',(#7270,#7278,#7284,#7285));
#7270 = ORIENTED_EDGE('',*,*,#7271,.F.);
#7271 = EDGE_CURVE('',#7272,#7246,#7274,.T.);
#7272 = VERTEX_POINT('',#7273);
#7273 = CARTESIAN_POINT('',(-1.048764534884,6.729069767442,-0.2));
#7274 = B_SPLINE_CURVE_WITH_KNOTS('',2,(#7275,#7276,#7277),
  .UNSPECIFIED.,.F.,.F.,(3,3),(0.,1.),.PIECEWISE_BEZIER_KNOTS.);
#7275 = CARTESIAN_POINT('',(-1.048764534884,6.729069767442,-0.2));
#7276 = CARTESIAN_POINT('',(-0.904051598837,6.729069767442,-0.2));
#7277 = CARTESIAN_POINT('',(-0.811500726744,6.669385901163,-0.2));
#7278 = ORIENTED_EDGE('',*,*,#7279,.T.);
#7279 = EDGE_CURVE('',#7272,#1578,#7280,.T.);
#7280 = LINE('',#7281,#7282);
#7281 = CARTESIAN_POINT('',(-1.048764534884,6.729069767442,-0.2));
#7282 = VECTOR('',#7283,1.);
#7283 = DIRECTION('',(0.,0.,1.));
#7284 = ORIENTED_EDGE('',*,*,#1587,.F.);
#7285 = ORIENTED_EDGE('',*,*,#7253,.F.);
#7286 = SURFACE_OF_LINEAR_EXTRUSION('',#7287,#7291);
#7287 = B_SPLINE_CURVE_WITH_KNOTS('',2,(#7288,#7289,#7290),
  .UNSPECIFIED.,.F.,.F.,(3,3),(0.,1.),.PIECEWISE_BEZIER_KNOTS.);
#7288 = CARTESIAN_POINT('',(-1.048764534884,6.729069767442,-0.2));
#7289 = CARTESIAN_POINT('',(-0.904051598837,6.729069767442,-0.2));
#7290 = CARTESIAN_POINT('',(-0.811500726744,6.669385901163,-0.2));
#7291 = VECTOR('',#7292,1.);
#7292 = DIRECTION('',(-0.,-0.,-1.));
#7293 = ADVANCED_FACE('',(#7294),#7312,.F.);
#7294 = FACE_BOUND('',#7295,.F.);
#7295 = EDGE_LOOP('',(#7296,#7304,#7310,#7311));
#7296 = ORIENTED_EDGE('',*,*,#7297,.F.);
#7297 = EDGE_CURVE('',#7298,#7272,#7300,.T.);
#7298 = VERTEX_POINT('',#7299);
#7299 = CARTESIAN_POINT('',(-1.280550508721,6.671266351744,-0.2));
#7300 = B_SPLINE_CURVE_WITH_KNOTS('',2,(#7301,#7302,#7303),
  .UNSPECIFIED.,.F.,.F.,(3,3),(0.,1.),.PIECEWISE_BEZIER_KNOTS.);
#7301 = CARTESIAN_POINT('',(-1.280550508721,6.671266351744,-0.2));
#7302 = CARTESIAN_POINT('',(-1.178760901163,6.729069767442,-0.2));
#7303 = CARTESIAN_POINT('',(-1.048764534884,6.729069767442,-0.2));
#7304 = ORIENTED_EDGE('',*,*,#7305,.T.);
#7305 = EDGE_CURVE('',#7298,#1565,#7306,.T.);
#7306 = LINE('',#7307,#7308);
#7307 = CARTESIAN_POINT('',(-1.280550508721,6.671266351744,-0.2));
#7308 = VECTOR('',#7309,1.);
#7309 = DIRECTION('',(0.,0.,1.));
#7310 = ORIENTED_EDGE('',*,*,#1577,.F.);
#7311 = ORIENTED_EDGE('',*,*,#7279,.F.);
#7312 = SURFACE_OF_LINEAR_EXTRUSION('',#7313,#7317);
#7313 = B_SPLINE_CURVE_WITH_KNOTS('',2,(#7314,#7315,#7316),
  .UNSPECIFIED.,.F.,.F.,(3,3),(0.,1.),.PIECEWISE_BEZIER_KNOTS.);
#7314 = CARTESIAN_POINT('',(-1.280550508721,6.671266351744,-0.2));
#7315 = CARTESIAN_POINT('',(-1.178760901163,6.729069767442,-0.2));
#7316 = CARTESIAN_POINT('',(-1.048764534884,6.729069767442,-0.2));
#7317 = VECTOR('',#7318,1.);
#7318 = DIRECTION('',(-0.,-0.,-1.));
#7319 = ADVANCED_FACE('',(#7320),#7338,.F.);
#7320 = FACE_BOUND('',#7321,.F.);
#7321 = EDGE_LOOP('',(#7322,#7330,#7336,#7337));
#7322 = ORIENTED_EDGE('',*,*,#7323,.F.);
#7323 = EDGE_CURVE('',#7324,#7298,#7326,.T.);
#7324 = VERTEX_POINT('',#7325);
#7325 = CARTESIAN_POINT('',(-1.443659156977,6.518541061047,-0.2));
#7326 = B_SPLINE_CURVE_WITH_KNOTS('',2,(#7327,#7328,#7329),
  .UNSPECIFIED.,.F.,.F.,(3,3),(0.,1.),.PIECEWISE_BEZIER_KNOTS.);
#7327 = CARTESIAN_POINT('',(-1.443659156977,6.518541061047,-0.2));
#7328 = CARTESIAN_POINT('',(-1.382340116279,6.613462936047,-0.2));
#7329 = CARTESIAN_POINT('',(-1.280550508721,6.671266351744,-0.2));
#7330 = ORIENTED_EDGE('',*,*,#7331,.T.);
#7331 = EDGE_CURVE('',#7324,#1557,#7332,.T.);
#7332 = LINE('',#7333,#7334);
#7333 = CARTESIAN_POINT('',(-1.443659156977,6.518541061047,-0.2));
#7334 = VECTOR('',#7335,1.);
#7335 = DIRECTION('',(0.,0.,1.));
#7336 = ORIENTED_EDGE('',*,*,#1564,.F.);
#7337 = ORIENTED_EDGE('',*,*,#7305,.F.);
#7338 = SURFACE_OF_LINEAR_EXTRUSION('',#7339,#7343);
#7339 = B_SPLINE_CURVE_WITH_KNOTS('',2,(#7340,#7341,#7342),
  .UNSPECIFIED.,.F.,.F.,(3,3),(0.,1.),.PIECEWISE_BEZIER_KNOTS.);
#7340 = CARTESIAN_POINT('',(-1.443659156977,6.518541061047,-0.2));
#7341 = CARTESIAN_POINT('',(-1.382340116279,6.613462936047,-0.2));
#7342 = CARTESIAN_POINT('',(-1.280550508721,6.671266351744,-0.2));
#7343 = VECTOR('',#7344,1.);
#7344 = DIRECTION('',(-0.,-0.,-1.));
#7345 = ADVANCED_FACE('',(#7346),#7364,.F.);
#7346 = FACE_BOUND('',#7347,.F.);
#7347 = EDGE_LOOP('',(#7348,#7356,#7362,#7363));
#7348 = ORIENTED_EDGE('',*,*,#7349,.F.);
#7349 = EDGE_CURVE('',#7350,#7324,#7352,.T.);
#7350 = VERTEX_POINT('',#7351);
#7351 = CARTESIAN_POINT('',(-1.443659156977,6.702906976744,-0.2));
#7352 = LINE('',#7353,#7354);
#7353 = CARTESIAN_POINT('',(-1.443659156977,6.702906976744,-0.2));
#7354 = VECTOR('',#7355,1.);
#7355 = DIRECTION('',(0.,-1.,0.));
#7356 = ORIENTED_EDGE('',*,*,#7357,.T.);
#7357 = EDGE_CURVE('',#7350,#1549,#7358,.T.);
#7358 = LINE('',#7359,#7360);
#7359 = CARTESIAN_POINT('',(-1.443659156977,6.702906976744,-0.2));
#7360 = VECTOR('',#7361,1.);
#7361 = DIRECTION('',(0.,0.,1.));
#7362 = ORIENTED_EDGE('',*,*,#1556,.F.);
#7363 = ORIENTED_EDGE('',*,*,#7331,.F.);
#7364 = PLANE('',#7365);
#7365 = AXIS2_PLACEMENT_3D('',#7366,#7367,#7368);
#7366 = CARTESIAN_POINT('',(-1.443659156977,6.702906976744,-0.2));
#7367 = DIRECTION('',(1.,0.,0.));
#7368 = DIRECTION('',(0.,-1.,0.));
#7369 = ADVANCED_FACE('',(#7370),#7381,.F.);
#7370 = FACE_BOUND('',#7371,.F.);
#7371 = EDGE_LOOP('',(#7372,#7378,#7379,#7380));
#7372 = ORIENTED_EDGE('',*,*,#7373,.F.);
#7373 = EDGE_CURVE('',#6687,#7350,#7374,.T.);
#7374 = LINE('',#7375,#7376);
#7375 = CARTESIAN_POINT('',(-1.641106468023,6.702906976744,-0.2));
#7376 = VECTOR('',#7377,1.);
#7377 = DIRECTION('',(1.,0.,0.));
#7378 = ORIENTED_EDGE('',*,*,#6701,.T.);
#7379 = ORIENTED_EDGE('',*,*,#1548,.F.);
#7380 = ORIENTED_EDGE('',*,*,#7357,.F.);
#7381 = PLANE('',#7382);
#7382 = AXIS2_PLACEMENT_3D('',#7383,#7384,#7385);
#7383 = CARTESIAN_POINT('',(-1.641106468023,6.702906976744,-0.2));
#7384 = DIRECTION('',(0.,1.,0.));
#7385 = DIRECTION('',(1.,0.,0.));
#7386 = ADVANCED_FACE('',(#7387),#7412,.F.);
#7387 = FACE_BOUND('',#7388,.F.);
#7388 = EDGE_LOOP('',(#7389,#7399,#7405,#7406));
#7389 = ORIENTED_EDGE('',*,*,#7390,.F.);
#7390 = EDGE_CURVE('',#7391,#7393,#7395,.T.);
#7391 = VERTEX_POINT('',#7392);
#7392 = CARTESIAN_POINT('',(1.30179869186,5.563108648256,-0.2));
#7393 = VERTEX_POINT('',#7394);
#7394 = CARTESIAN_POINT('',(1.065679505814,5.416515261628,-0.2));
#7395 = B_SPLINE_CURVE_WITH_KNOTS('',2,(#7396,#7397,#7398),
  .UNSPECIFIED.,.F.,.F.,(3,3),(0.,1.),.PIECEWISE_BEZIER_KNOTS.);
#7396 = CARTESIAN_POINT('',(1.30179869186,5.563108648256,-0.2));
#7397 = CARTESIAN_POINT('',(1.179160610465,5.459275072674,-0.2));
#7398 = CARTESIAN_POINT('',(1.065679505814,5.416515261628,-0.2));
#7399 = ORIENTED_EDGE('',*,*,#7400,.T.);
#7400 = EDGE_CURVE('',#7391,#1840,#7401,.T.);
#7401 = LINE('',#7402,#7403);
#7402 = CARTESIAN_POINT('',(1.30179869186,5.563108648256,-0.2));
#7403 = VECTOR('',#7404,1.);
#7404 = DIRECTION('',(0.,0.,1.));
#7405 = ORIENTED_EDGE('',*,*,#1837,.F.);
#7406 = ORIENTED_EDGE('',*,*,#7407,.F.);
#7407 = EDGE_CURVE('',#7393,#1838,#7408,.T.);
#7408 = LINE('',#7409,#7410);
#7409 = CARTESIAN_POINT('',(1.065679505814,5.416515261628,-0.2));
#7410 = VECTOR('',#7411,1.);
#7411 = DIRECTION('',(0.,0.,1.));
#7412 = SURFACE_OF_LINEAR_EXTRUSION('',#7413,#7417);
#7413 = B_SPLINE_CURVE_WITH_KNOTS('',2,(#7414,#7415,#7416),
  .UNSPECIFIED.,.F.,.F.,(3,3),(0.,1.),.PIECEWISE_BEZIER_KNOTS.);
#7414 = CARTESIAN_POINT('',(1.30179869186,5.563108648256,-0.2));
#7415 = CARTESIAN_POINT('',(1.179160610465,5.459275072674,-0.2));
#7416 = CARTESIAN_POINT('',(1.065679505814,5.416515261628,-0.2));
#7417 = VECTOR('',#7418,1.);
#7418 = DIRECTION('',(-0.,-0.,-1.));
#7419 = ADVANCED_FACE('',(#7420),#7438,.F.);
#7420 = FACE_BOUND('',#7421,.F.);
#7421 = EDGE_LOOP('',(#7422,#7430,#7436,#7437));
#7422 = ORIENTED_EDGE('',*,*,#7423,.F.);
#7423 = EDGE_CURVE('',#7424,#7391,#7426,.T.);
#7424 = VERTEX_POINT('',#7425);
#7425 = CARTESIAN_POINT('',(1.345948401163,5.4,-0.2));
#7426 = B_SPLINE_CURVE_WITH_KNOTS('',2,(#7427,#7428,#7429),
  .UNSPECIFIED.,.F.,.F.,(3,3),(0.,1.),.PIECEWISE_BEZIER_KNOTS.);
#7427 = CARTESIAN_POINT('',(1.345948401163,5.4,-0.2));
#7428 = CARTESIAN_POINT('',(1.311609738372,5.469740188953,-0.2));
#7429 = CARTESIAN_POINT('',(1.30179869186,5.563108648256,-0.2));
#7430 = ORIENTED_EDGE('',*,*,#7431,.T.);
#7431 = EDGE_CURVE('',#7424,#2117,#7432,.T.);
#7432 = LINE('',#7433,#7434);
#7433 = CARTESIAN_POINT('',(1.345948401163,5.4,-0.2));
#7434 = VECTOR('',#7435,1.);
#7435 = DIRECTION('',(0.,0.,1.));
#7436 = ORIENTED_EDGE('',*,*,#2124,.F.);
#7437 = ORIENTED_EDGE('',*,*,#7400,.F.);
#7438 = SURFACE_OF_LINEAR_EXTRUSION('',#7439,#7443);
#7439 = B_SPLINE_CURVE_WITH_KNOTS('',2,(#7440,#7441,#7442),
  .UNSPECIFIED.,.F.,.F.,(3,3),(0.,1.),.PIECEWISE_BEZIER_KNOTS.);
#7440 = CARTESIAN_POINT('',(1.345948401163,5.4,-0.2));
#7441 = CARTESIAN_POINT('',(1.311609738372,5.469740188953,-0.2));
#7442 = CARTESIAN_POINT('',(1.30179869186,5.563108648256,-0.2));
#7443 = VECTOR('',#7444,1.);
#7444 = DIRECTION('',(-0.,-0.,-1.));
#7445 = ADVANCED_FACE('',(#7446),#7464,.F.);
#7446 = FACE_BOUND('',#7447,.F.);
#7447 = EDGE_LOOP('',(#7448,#7456,#7462,#7463));
#7448 = ORIENTED_EDGE('',*,*,#7449,.F.);
#7449 = EDGE_CURVE('',#7450,#7424,#7452,.T.);
#7450 = VERTEX_POINT('',#7451);
#7451 = CARTESIAN_POINT('',(1.576507994186,5.4,-0.2));
#7452 = LINE('',#7453,#7454);
#7453 = CARTESIAN_POINT('',(1.576507994186,5.4,-0.2));
#7454 = VECTOR('',#7455,1.);
#7455 = DIRECTION('',(-1.,0.,0.));
#7456 = ORIENTED_EDGE('',*,*,#7457,.T.);
#7457 = EDGE_CURVE('',#7450,#2104,#7458,.T.);
#7458 = LINE('',#7459,#7460);
#7459 = CARTESIAN_POINT('',(1.576507994186,5.4,-0.2));
#7460 = VECTOR('',#7461,1.);
#7461 = DIRECTION('',(0.,0.,1.));
#7462 = ORIENTED_EDGE('',*,*,#2116,.F.);
#7463 = ORIENTED_EDGE('',*,*,#7431,.F.);
#7464 = PLANE('',#7465);
#7465 = AXIS2_PLACEMENT_3D('',#7466,#7467,#7468);
#7466 = CARTESIAN_POINT('',(1.576507994186,5.4,-0.2));
#7467 = DIRECTION('',(0.,-1.,0.));
#7468 = DIRECTION('',(-1.,0.,0.));
#7469 = ADVANCED_FACE('',(#7470),#7488,.F.);
#7470 = FACE_BOUND('',#7471,.F.);
#7471 = EDGE_LOOP('',(#7472,#7480,#7486,#7487));
#7472 = ORIENTED_EDGE('',*,*,#7473,.F.);
#7473 = EDGE_CURVE('',#7474,#7450,#7476,.T.);
#7474 = VERTEX_POINT('',#7475);
#7475 = CARTESIAN_POINT('',(1.520666787791,5.555995639535,-0.2));
#7476 = B_SPLINE_CURVE_WITH_KNOTS('',2,(#7477,#7478,#7479),
  .UNSPECIFIED.,.F.,.F.,(3,3),(0.,1.),.PIECEWISE_BEZIER_KNOTS.);
#7477 = CARTESIAN_POINT('',(1.520666787791,5.555995639535,-0.2));
#7478 = CARTESIAN_POINT('',(1.534811046512,5.474645712209,-0.2));
#7479 = CARTESIAN_POINT('',(1.576507994186,5.4,-0.2));
#7480 = ORIENTED_EDGE('',*,*,#7481,.T.);
#7481 = EDGE_CURVE('',#7474,#2092,#7482,.T.);
#7482 = LINE('',#7483,#7484);
#7483 = CARTESIAN_POINT('',(1.520666787791,5.555995639535,-0.2));
#7484 = VECTOR('',#7485,1.);
#7485 = DIRECTION('',(0.,0.,1.));
#7486 = ORIENTED_EDGE('',*,*,#2103,.F.);
#7487 = ORIENTED_EDGE('',*,*,#7457,.F.);
#7488 = SURFACE_OF_LINEAR_EXTRUSION('',#7489,#7493);
#7489 = B_SPLINE_CURVE_WITH_KNOTS('',2,(#7490,#7491,#7492),
  .UNSPECIFIED.,.F.,.F.,(3,3),(0.,1.),.PIECEWISE_BEZIER_KNOTS.);
#7490 = CARTESIAN_POINT('',(1.520666787791,5.555995639535,-0.2));
#7491 = CARTESIAN_POINT('',(1.534811046512,5.474645712209,-0.2));
#7492 = CARTESIAN_POINT('',(1.576507994186,5.4,-0.2));
#7493 = VECTOR('',#7494,1.);
#7494 = DIRECTION('',(-0.,-0.,-1.));
#7495 = ADVANCED_FACE('',(#7496),#7514,.F.);
#7496 = FACE_BOUND('',#7497,.F.);
#7497 = EDGE_LOOP('',(#7498,#7506,#7512,#7513));
#7498 = ORIENTED_EDGE('',*,*,#7499,.F.);
#7499 = EDGE_CURVE('',#7500,#7474,#7502,.T.);
#7500 = VERTEX_POINT('',#7501);
#7501 = CARTESIAN_POINT('',(1.506604287791,5.944594840116,-0.2));
#7502 = B_SPLINE_CURVE_WITH_KNOTS('',2,(#7503,#7504,#7505),
  .UNSPECIFIED.,.F.,.F.,(3,3),(0.,1.),.PIECEWISE_BEZIER_KNOTS.);
#7503 = CARTESIAN_POINT('',(1.506604287791,5.944594840116,-0.2));
#7504 = CARTESIAN_POINT('',(1.506604287791,5.637427325581,-0.2));
#7505 = CARTESIAN_POINT('',(1.520666787791,5.555995639535,-0.2));
#7506 = ORIENTED_EDGE('',*,*,#7507,.T.);
#7507 = EDGE_CURVE('',#7500,#2084,#7508,.T.);
#7508 = LINE('',#7509,#7510);
#7509 = CARTESIAN_POINT('',(1.506604287791,5.944594840116,-0.2));
#7510 = VECTOR('',#7511,1.);
#7511 = DIRECTION('',(0.,0.,1.));
#7512 = ORIENTED_EDGE('',*,*,#2091,.F.);
#7513 = ORIENTED_EDGE('',*,*,#7481,.F.);
#7514 = SURFACE_OF_LINEAR_EXTRUSION('',#7515,#7519);
#7515 = B_SPLINE_CURVE_WITH_KNOTS('',2,(#7516,#7517,#7518),
  .UNSPECIFIED.,.F.,.F.,(3,3),(0.,1.),.PIECEWISE_BEZIER_KNOTS.);
#7516 = CARTESIAN_POINT('',(1.506604287791,5.944594840116,-0.2));
#7517 = CARTESIAN_POINT('',(1.506604287791,5.637427325581,-0.2));
#7518 = CARTESIAN_POINT('',(1.520666787791,5.555995639535,-0.2));
#7519 = VECTOR('',#7520,1.);
#7520 = DIRECTION('',(-0.,-0.,-1.));
#7521 = ADVANCED_FACE('',(#7522),#7540,.F.);
#7522 = FACE_BOUND('',#7523,.F.);
#7523 = EDGE_LOOP('',(#7524,#7532,#7538,#7539));
#7524 = ORIENTED_EDGE('',*,*,#7525,.F.);
#7525 = EDGE_CURVE('',#7526,#7500,#7528,.T.);
#7526 = VERTEX_POINT('',#7527);
#7527 = CARTESIAN_POINT('',(1.506604287791,6.238353924419,-0.2));
#7528 = LINE('',#7529,#7530);
#7529 = CARTESIAN_POINT('',(1.506604287791,6.238353924419,-0.2));
#7530 = VECTOR('',#7531,1.);
#7531 = DIRECTION('',(0.,-1.,0.));
#7532 = ORIENTED_EDGE('',*,*,#7533,.T.);
#7533 = EDGE_CURVE('',#7526,#2073,#7534,.T.);
#7534 = LINE('',#7535,#7536);
#7535 = CARTESIAN_POINT('',(1.506604287791,6.238353924419,-0.2));
#7536 = VECTOR('',#7537,1.);
#7537 = DIRECTION('',(0.,0.,1.));
#7538 = ORIENTED_EDGE('',*,*,#2083,.F.);
#7539 = ORIENTED_EDGE('',*,*,#7507,.F.);
#7540 = PLANE('',#7541);
#7541 = AXIS2_PLACEMENT_3D('',#7542,#7543,#7544);
#7542 = CARTESIAN_POINT('',(1.506604287791,6.238353924419,-0.2));
#7543 = DIRECTION('',(1.,0.,0.));
#7544 = DIRECTION('',(0.,-1.,0.));
#7545 = ADVANCED_FACE('',(#7546),#7564,.F.);
#7546 = FACE_BOUND('',#7547,.F.);
#7547 = EDGE_LOOP('',(#7548,#7556,#7562,#7563));
#7548 = ORIENTED_EDGE('',*,*,#7549,.F.);
#7549 = EDGE_CURVE('',#7550,#7526,#7552,.T.);
#7550 = VERTEX_POINT('',#7551);
#7551 = CARTESIAN_POINT('',(1.495566860465,6.441442587209,-0.2));
#7552 = B_SPLINE_CURVE_WITH_KNOTS('',2,(#7553,#7554,#7555),
  .UNSPECIFIED.,.F.,.F.,(3,3),(0.,1.),.PIECEWISE_BEZIER_KNOTS.);
#7553 = CARTESIAN_POINT('',(1.495566860465,6.441442587209,-0.2));
#7554 = CARTESIAN_POINT('',(1.506604287791,6.385192587209,-0.2));
#7555 = CARTESIAN_POINT('',(1.506604287791,6.238353924419,-0.2));
#7556 = ORIENTED_EDGE('',*,*,#7557,.T.);
#7557 = EDGE_CURVE('',#7550,#2063,#7558,.T.);
#7558 = LINE('',#7559,#7560);
#7559 = CARTESIAN_POINT('',(1.495566860465,6.441442587209,-0.2));
#7560 = VECTOR('',#7561,1.);
#7561 = DIRECTION('',(0.,0.,1.));
#7562 = ORIENTED_EDGE('',*,*,#2072,.F.);
#7563 = ORIENTED_EDGE('',*,*,#7533,.F.);
#7564 = SURFACE_OF_LINEAR_EXTRUSION('',#7565,#7569);
#7565 = B_SPLINE_CURVE_WITH_KNOTS('',2,(#7566,#7567,#7568),
  .UNSPECIFIED.,.F.,.F.,(3,3),(0.,1.),.PIECEWISE_BEZIER_KNOTS.);
#7566 = CARTESIAN_POINT('',(1.495566860465,6.441442587209,-0.2));
#7567 = CARTESIAN_POINT('',(1.506604287791,6.385192587209,-0.2));
#7568 = CARTESIAN_POINT('',(1.506604287791,6.238353924419,-0.2));
#7569 = VECTOR('',#7570,1.);
#7570 = DIRECTION('',(-0.,-0.,-1.));
#7571 = ADVANCED_FACE('',(#7572),#7590,.F.);
#7572 = FACE_BOUND('',#7573,.F.);
#7573 = EDGE_LOOP('',(#7574,#7582,#7588,#7589));
#7574 = ORIENTED_EDGE('',*,*,#7575,.F.);
#7575 = EDGE_CURVE('',#7576,#7550,#7578,.T.);
#7576 = VERTEX_POINT('',#7577);
#7577 = CARTESIAN_POINT('',(1.426889534884,6.591388081395,-0.2));
#7578 = B_SPLINE_CURVE_WITH_KNOTS('',2,(#7579,#7580,#7581),
  .UNSPECIFIED.,.F.,.F.,(3,3),(0.,1.),.PIECEWISE_BEZIER_KNOTS.);
#7579 = CARTESIAN_POINT('',(1.426889534884,6.591388081395,-0.2));
#7580 = CARTESIAN_POINT('',(1.475944767442,6.53203125,-0.2));
#7581 = CARTESIAN_POINT('',(1.495566860465,6.441442587209,-0.2));
#7582 = ORIENTED_EDGE('',*,*,#7583,.T.);
#7583 = EDGE_CURVE('',#7576,#2052,#7584,.T.);
#7584 = LINE('',#7585,#7586);
#7585 = CARTESIAN_POINT('',(1.426889534884,6.591388081395,-0.2));
#7586 = VECTOR('',#7587,1.);
#7587 = DIRECTION('',(0.,0.,1.));
#7588 = ORIENTED_EDGE('',*,*,#2062,.F.);
#7589 = ORIENTED_EDGE('',*,*,#7557,.F.);
#7590 = SURFACE_OF_LINEAR_EXTRUSION('',#7591,#7595);
#7591 = B_SPLINE_CURVE_WITH_KNOTS('',2,(#7592,#7593,#7594),
  .UNSPECIFIED.,.F.,.F.,(3,3),(0.,1.),.PIECEWISE_BEZIER_KNOTS.);
#7592 = CARTESIAN_POINT('',(1.426889534884,6.591388081395,-0.2));
#7593 = CARTESIAN_POINT('',(1.475944767442,6.53203125,-0.2));
#7594 = CARTESIAN_POINT('',(1.495566860465,6.441442587209,-0.2));
#7595 = VECTOR('',#7596,1.);
#7596 = DIRECTION('',(-0.,-0.,-1.));
#7597 = ADVANCED_FACE('',(#7598),#7616,.F.);
#7598 = FACE_BOUND('',#7599,.F.);
#7599 = EDGE_LOOP('',(#7600,#7608,#7614,#7615));
#7600 = ORIENTED_EDGE('',*,*,#7601,.F.);
#7601 = EDGE_CURVE('',#7602,#7576,#7604,.T.);
#7602 = VERTEX_POINT('',#7603);
#7603 = CARTESIAN_POINT('',(1.27359193314,6.689907340116,-0.2));
#7604 = B_SPLINE_CURVE_WITH_KNOTS('',2,(#7605,#7606,#7607),
  .UNSPECIFIED.,.F.,.F.,(3,3),(0.,1.),.PIECEWISE_BEZIER_KNOTS.);
#7605 = CARTESIAN_POINT('',(1.27359193314,6.689907340116,-0.2));
#7606 = CARTESIAN_POINT('',(1.377834302326,6.650744912791,-0.2));
#7607 = CARTESIAN_POINT('',(1.426889534884,6.591388081395,-0.2));
#7608 = ORIENTED_EDGE('',*,*,#7609,.T.);
#7609 = EDGE_CURVE('',#7602,#2041,#7610,.T.);
#7610 = LINE('',#7611,#7612);
#7611 = CARTESIAN_POINT('',(1.27359193314,6.689907340116,-0.2));
#7612 = VECTOR('',#7613,1.);
#7613 = DIRECTION('',(0.,0.,1.));
#7614 = ORIENTED_EDGE('',*,*,#2051,.F.);
#7615 = ORIENTED_EDGE('',*,*,#7583,.F.);
#7616 = SURFACE_OF_LINEAR_EXTRUSION('',#7617,#7621);
#7617 = B_SPLINE_CURVE_WITH_KNOTS('',2,(#7618,#7619,#7620),
  .UNSPECIFIED.,.F.,.F.,(3,3),(0.,1.),.PIECEWISE_BEZIER_KNOTS.);
#7618 = CARTESIAN_POINT('',(1.27359193314,6.689907340116,-0.2));
#7619 = CARTESIAN_POINT('',(1.377834302326,6.650744912791,-0.2));
#7620 = CARTESIAN_POINT('',(1.426889534884,6.591388081395,-0.2));
#7621 = VECTOR('',#7622,1.);
#7622 = DIRECTION('',(-0.,-0.,-1.));
#7623 = ADVANCED_FACE('',(#7624),#7642,.F.);
#7624 = FACE_BOUND('',#7625,.F.);
#7625 = EDGE_LOOP('',(#7626,#7634,#7640,#7641));
#7626 = ORIENTED_EDGE('',*,*,#7627,.F.);
#7627 = EDGE_CURVE('',#7628,#7602,#7630,.T.);
#7628 = VERTEX_POINT('',#7629);
#7629 = CARTESIAN_POINT('',(1.002561773256,6.729069767442,-0.2));
#7630 = B_SPLINE_CURVE_WITH_KNOTS('',2,(#7631,#7632,#7633),
  .UNSPECIFIED.,.F.,.F.,(3,3),(0.,1.),.PIECEWISE_BEZIER_KNOTS.);
#7631 = CARTESIAN_POINT('',(1.002561773256,6.729069767442,-0.2));
#7632 = CARTESIAN_POINT('',(1.169349563953,6.729069767442,-0.2));
#7633 = CARTESIAN_POINT('',(1.27359193314,6.689907340116,-0.2));
#7634 = ORIENTED_EDGE('',*,*,#7635,.T.);
#7635 = EDGE_CURVE('',#7628,#2030,#7636,.T.);
#7636 = LINE('',#7637,#7638);
#7637 = CARTESIAN_POINT('',(1.002561773256,6.729069767442,-0.2));
#7638 = VECTOR('',#7639,1.);
#7639 = DIRECTION('',(0.,0.,1.));
#7640 = ORIENTED_EDGE('',*,*,#2040,.F.);
#7641 = ORIENTED_EDGE('',*,*,#7609,.F.);
#7642 = SURFACE_OF_LINEAR_EXTRUSION('',#7643,#7647);
#7643 = B_SPLINE_CURVE_WITH_KNOTS('',2,(#7644,#7645,#7646),
  .UNSPECIFIED.,.F.,.F.,(3,3),(0.,1.),.PIECEWISE_BEZIER_KNOTS.);
#7644 = CARTESIAN_POINT('',(1.002561773256,6.729069767442,-0.2));
#7645 = CARTESIAN_POINT('',(1.169349563953,6.729069767442,-0.2));
#7646 = CARTESIAN_POINT('',(1.27359193314,6.689907340116,-0.2));
#7647 = VECTOR('',#7648,1.);
#7648 = DIRECTION('',(-0.,-0.,-1.));
#7649 = ADVANCED_FACE('',(#7650),#7668,.F.);
#7650 = FACE_BOUND('',#7651,.F.);
#7651 = EDGE_LOOP('',(#7652,#7660,#7666,#7667));
#7652 = ORIENTED_EDGE('',*,*,#7653,.F.);
#7653 = EDGE_CURVE('',#7654,#7628,#7656,.T.);
#7654 = VERTEX_POINT('',#7655);
#7655 = CARTESIAN_POINT('',(0.707003997093,6.682630813953,-0.2));
#7656 = B_SPLINE_CURVE_WITH_KNOTS('',2,(#7657,#7658,#7659),
  .UNSPECIFIED.,.F.,.F.,(3,3),(0.,1.),.PIECEWISE_BEZIER_KNOTS.);
#7657 = CARTESIAN_POINT('',(0.707003997093,6.682630813953,-0.2));
#7658 = CARTESIAN_POINT('',(0.834547601744,6.729069767442,-0.2));
#7659 = CARTESIAN_POINT('',(1.002561773256,6.729069767442,-0.2));
#7660 = ORIENTED_EDGE('',*,*,#7661,.T.);
#7661 = EDGE_CURVE('',#7654,#2019,#7662,.T.);
#7662 = LINE('',#7663,#7664);
#7663 = CARTESIAN_POINT('',(0.707003997093,6.682630813953,-0.2));
#7664 = VECTOR('',#7665,1.);
#7665 = DIRECTION('',(0.,0.,1.));
#7666 = ORIENTED_EDGE('',*,*,#2029,.F.);
#7667 = ORIENTED_EDGE('',*,*,#7635,.F.);
#7668 = SURFACE_OF_LINEAR_EXTRUSION('',#7669,#7673);
#7669 = B_SPLINE_CURVE_WITH_KNOTS('',2,(#7670,#7671,#7672),
  .UNSPECIFIED.,.F.,.F.,(3,3),(0.,1.),.PIECEWISE_BEZIER_KNOTS.);
#7670 = CARTESIAN_POINT('',(0.707003997093,6.682630813953,-0.2));
#7671 = CARTESIAN_POINT('',(0.834547601744,6.729069767442,-0.2));
#7672 = CARTESIAN_POINT('',(1.002561773256,6.729069767442,-0.2));
#7673 = VECTOR('',#7674,1.);
#7674 = DIRECTION('',(-0.,-0.,-1.));
#7675 = ADVANCED_FACE('',(#7676),#7694,.F.);
#7676 = FACE_BOUND('',#7677,.F.);
#7677 = EDGE_LOOP('',(#7678,#7686,#7692,#7693));
#7678 = ORIENTED_EDGE('',*,*,#7679,.F.);
#7679 = EDGE_CURVE('',#7680,#7654,#7682,.T.);
#7680 = VERTEX_POINT('',#7681);
#7681 = CARTESIAN_POINT('',(0.512009447674,6.550099927326,-0.2));
#7682 = B_SPLINE_CURVE_WITH_KNOTS('',2,(#7683,#7684,#7685),
  .UNSPECIFIED.,.F.,.F.,(3,3),(0.,1.),.PIECEWISE_BEZIER_KNOTS.);
#7683 = CARTESIAN_POINT('',(0.512009447674,6.550099927326,-0.2));
#7684 = CARTESIAN_POINT('',(0.579460392442,6.636191860465,-0.2));
#7685 = CARTESIAN_POINT('',(0.707003997093,6.682630813953,-0.2));
#7686 = ORIENTED_EDGE('',*,*,#7687,.T.);
#7687 = EDGE_CURVE('',#7680,#2008,#7688,.T.);
#7688 = LINE('',#7689,#7690);
#7689 = CARTESIAN_POINT('',(0.512009447674,6.550099927326,-0.2));
#7690 = VECTOR('',#7691,1.);
#7691 = DIRECTION('',(0.,0.,1.));
#7692 = ORIENTED_EDGE('',*,*,#2018,.F.);
#7693 = ORIENTED_EDGE('',*,*,#7661,.F.);
#7694 = SURFACE_OF_LINEAR_EXTRUSION('',#7695,#7699);
#7695 = B_SPLINE_CURVE_WITH_KNOTS('',2,(#7696,#7697,#7698),
  .UNSPECIFIED.,.F.,.F.,(3,3),(0.,1.),.PIECEWISE_BEZIER_KNOTS.);
#7696 = CARTESIAN_POINT('',(0.512009447674,6.550099927326,-0.2));
#7697 = CARTESIAN_POINT('',(0.579460392442,6.636191860465,-0.2));
#7698 = CARTESIAN_POINT('',(0.707003997093,6.682630813953,-0.2));
#7699 = VECTOR('',#7700,1.);
#7700 = DIRECTION('',(-0.,-0.,-1.));
#7701 = ADVANCED_FACE('',(#7702),#7720,.F.);
#7702 = FACE_BOUND('',#7703,.F.);
#7703 = EDGE_LOOP('',(#7704,#7712,#7718,#7719));
#7704 = ORIENTED_EDGE('',*,*,#7705,.F.);
#7705 = EDGE_CURVE('',#7706,#7680,#7708,.T.);
#7706 = VERTEX_POINT('',#7707);
#7707 = CARTESIAN_POINT('',(0.415125363372,6.324200581395,-0.2));
#7708 = B_SPLINE_CURVE_WITH_KNOTS('',2,(#7709,#7710,#7711),
  .UNSPECIFIED.,.F.,.F.,(3,3),(0.,1.),.PIECEWISE_BEZIER_KNOTS.);
#7709 = CARTESIAN_POINT('',(0.415125363372,6.324200581395,-0.2));
#7710 = CARTESIAN_POINT('',(0.444558502907,6.464089752907,-0.2));
#7711 = CARTESIAN_POINT('',(0.512009447674,6.550099927326,-0.2));
#7712 = ORIENTED_EDGE('',*,*,#7713,.T.);
#7713 = EDGE_CURVE('',#7706,#2000,#7714,.T.);
#7714 = LINE('',#7715,#7716);
#7715 = CARTESIAN_POINT('',(0.415125363372,6.324200581395,-0.2));
#7716 = VECTOR('',#7717,1.);
#7717 = DIRECTION('',(0.,0.,1.));
#7718 = ORIENTED_EDGE('',*,*,#2007,.F.);
#7719 = ORIENTED_EDGE('',*,*,#7687,.F.);
#7720 = SURFACE_OF_LINEAR_EXTRUSION('',#7721,#7725);
#7721 = B_SPLINE_CURVE_WITH_KNOTS('',2,(#7722,#7723,#7724),
  .UNSPECIFIED.,.F.,.F.,(3,3),(0.,1.),.PIECEWISE_BEZIER_KNOTS.);
#7722 = CARTESIAN_POINT('',(0.415125363372,6.324200581395,-0.2));
#7723 = CARTESIAN_POINT('',(0.444558502907,6.464089752907,-0.2));
#7724 = CARTESIAN_POINT('',(0.512009447674,6.550099927326,-0.2));
#7725 = VECTOR('',#7726,1.);
#7726 = DIRECTION('',(-0.,-0.,-1.));
#7727 = ADVANCED_FACE('',(#7728),#7746,.F.);
#7728 = FACE_BOUND('',#7729,.F.);
#7729 = EDGE_LOOP('',(#7730,#7738,#7744,#7745));
#7730 = ORIENTED_EDGE('',*,*,#7731,.F.);
#7731 = EDGE_CURVE('',#7732,#7706,#7734,.T.);
#7732 = VERTEX_POINT('',#7733);
#7733 = CARTESIAN_POINT('',(0.630968386628,6.29476744186,-0.2));
#7734 = LINE('',#7735,#7736);
#7735 = CARTESIAN_POINT('',(0.630968386628,6.29476744186,-0.2));
#7736 = VECTOR('',#7737,1.);
#7737 = DIRECTION('',(-0.990830168044,0.135113204733,0.));
#7738 = ORIENTED_EDGE('',*,*,#7739,.T.);
#7739 = EDGE_CURVE('',#7732,#1989,#7740,.T.);
#7740 = LINE('',#7741,#7742);
#7741 = CARTESIAN_POINT('',(0.630968386628,6.29476744186,-0.2));
#7742 = VECTOR('',#7743,1.);
#7743 = DIRECTION('',(0.,0.,1.));
#7744 = ORIENTED_EDGE('',*,*,#1999,.F.);
#7745 = ORIENTED_EDGE('',*,*,#7713,.F.);
#7746 = PLANE('',#7747);
#7747 = AXIS2_PLACEMENT_3D('',#7748,#7749,#7750);
#7748 = CARTESIAN_POINT('',(0.630968386628,6.29476744186,-0.2));
#7749 = DIRECTION('',(-0.135113204733,-0.990830168044,0.));
#7750 = DIRECTION('',(-0.990830168044,0.135113204733,0.));
#7751 = ADVANCED_FACE('',(#7752),#7770,.F.);
#7752 = FACE_BOUND('',#7753,.F.);
#7753 = EDGE_LOOP('',(#7754,#7762,#7768,#7769));
#7754 = ORIENTED_EDGE('',*,*,#7755,.F.);
#7755 = EDGE_CURVE('',#7756,#7732,#7758,.T.);
#7756 = VERTEX_POINT('',#7757);
#7757 = CARTESIAN_POINT('',(0.740688590116,6.489598473837,-0.2));
#7758 = B_SPLINE_CURVE_WITH_KNOTS('',2,(#7759,#7760,#7761),
  .UNSPECIFIED.,.F.,.F.,(3,3),(0.,1.),.PIECEWISE_BEZIER_KNOTS.);
#7759 = CARTESIAN_POINT('',(0.740688590116,6.489598473837,-0.2));
#7760 = CARTESIAN_POINT('',(0.666533430233,6.434574854651,-0.2));
#7761 = CARTESIAN_POINT('',(0.630968386628,6.29476744186,-0.2));
#7762 = ORIENTED_EDGE('',*,*,#7763,.T.);
#7763 = EDGE_CURVE('',#7756,#1978,#7764,.T.);
#7764 = LINE('',#7765,#7766);
#7765 = CARTESIAN_POINT('',(0.740688590116,6.489598473837,-0.2));
#7766 = VECTOR('',#7767,1.);
#7767 = DIRECTION('',(0.,0.,1.));
#7768 = ORIENTED_EDGE('',*,*,#1988,.F.);
#7769 = ORIENTED_EDGE('',*,*,#7739,.F.);
#7770 = SURFACE_OF_LINEAR_EXTRUSION('',#7771,#7775);
#7771 = B_SPLINE_CURVE_WITH_KNOTS('',2,(#7772,#7773,#7774),
  .UNSPECIFIED.,.F.,.F.,(3,3),(0.,1.),.PIECEWISE_BEZIER_KNOTS.);
#7772 = CARTESIAN_POINT('',(0.740688590116,6.489598473837,-0.2));
#7773 = CARTESIAN_POINT('',(0.666533430233,6.434574854651,-0.2));
#7774 = CARTESIAN_POINT('',(0.630968386628,6.29476744186,-0.2));
#7775 = VECTOR('',#7776,1.);
#7776 = DIRECTION('',(-0.,-0.,-1.));
#7777 = ADVANCED_FACE('',(#7778),#7796,.F.);
#7778 = FACE_BOUND('',#7779,.F.);
#7779 = EDGE_LOOP('',(#7780,#7788,#7794,#7795));
#7780 = ORIENTED_EDGE('',*,*,#7781,.F.);
#7781 = EDGE_CURVE('',#7782,#7756,#7784,.T.);
#7782 = VERTEX_POINT('',#7783);
#7783 = CARTESIAN_POINT('',(0.970675872093,6.544622093023,-0.2));
#7784 = B_SPLINE_CURVE_WITH_KNOTS('',2,(#7785,#7786,#7787),
  .UNSPECIFIED.,.F.,.F.,(3,3),(0.,1.),.PIECEWISE_BEZIER_KNOTS.);
#7785 = CARTESIAN_POINT('',(0.970675872093,6.544622093023,-0.2));
#7786 = CARTESIAN_POINT('',(0.814925508721,6.544622093023,-0.2));
#7787 = CARTESIAN_POINT('',(0.740688590116,6.489598473837,-0.2));
#7788 = ORIENTED_EDGE('',*,*,#7789,.T.);
#7789 = EDGE_CURVE('',#7782,#1967,#7790,.T.);
#7790 = LINE('',#7791,#7792);
#7791 = CARTESIAN_POINT('',(0.970675872093,6.544622093023,-0.2));
#7792 = VECTOR('',#7793,1.);
#7793 = DIRECTION('',(0.,0.,1.));
#7794 = ORIENTED_EDGE('',*,*,#1977,.F.);
#7795 = ORIENTED_EDGE('',*,*,#7763,.F.);
#7796 = SURFACE_OF_LINEAR_EXTRUSION('',#7797,#7801);
#7797 = B_SPLINE_CURVE_WITH_KNOTS('',2,(#7798,#7799,#7800),
  .UNSPECIFIED.,.F.,.F.,(3,3),(0.,1.),.PIECEWISE_BEZIER_KNOTS.);
#7798 = CARTESIAN_POINT('',(0.970675872093,6.544622093023,-0.2));
#7799 = CARTESIAN_POINT('',(0.814925508721,6.544622093023,-0.2));
#7800 = CARTESIAN_POINT('',(0.740688590116,6.489598473837,-0.2));
#7801 = VECTOR('',#7802,1.);
#7802 = DIRECTION('',(-0.,-0.,-1.));
#7803 = ADVANCED_FACE('',(#7804),#7822,.F.);
#7804 = FACE_BOUND('',#7805,.F.);
#7805 = EDGE_LOOP('',(#7806,#7814,#7820,#7821));
#7806 = ORIENTED_EDGE('',*,*,#7807,.F.);
#7807 = EDGE_CURVE('',#7808,#7782,#7810,.T.);
#7808 = VERTEX_POINT('',#7809);
#7809 = CARTESIAN_POINT('',(1.222083938953,6.470875726744,-0.2));
#7810 = B_SPLINE_CURVE_WITH_KNOTS('',2,(#7811,#7812,#7813),
  .UNSPECIFIED.,.F.,.F.,(3,3),(0.,1.),.PIECEWISE_BEZIER_KNOTS.);
#7811 = CARTESIAN_POINT('',(1.222083938953,6.470875726744,-0.2));
#7812 = CARTESIAN_POINT('',(1.137463662791,6.544622093023,-0.2));
#7813 = CARTESIAN_POINT('',(0.970675872093,6.544622093023,-0.2));
#7814 = ORIENTED_EDGE('',*,*,#7815,.T.);
#7815 = EDGE_CURVE('',#7808,#1956,#7816,.T.);
#7816 = LINE('',#7817,#7818);
#7817 = CARTESIAN_POINT('',(1.222083938953,6.470875726744,-0.2));
#7818 = VECTOR('',#7819,1.);
#7819 = DIRECTION('',(0.,0.,1.));
#7820 = ORIENTED_EDGE('',*,*,#1966,.F.);
#7821 = ORIENTED_EDGE('',*,*,#7789,.F.);
#7822 = SURFACE_OF_LINEAR_EXTRUSION('',#7823,#7827);
#7823 = B_SPLINE_CURVE_WITH_KNOTS('',2,(#7824,#7825,#7826),
  .UNSPECIFIED.,.F.,.F.,(3,3),(0.,1.),.PIECEWISE_BEZIER_KNOTS.);
#7824 = CARTESIAN_POINT('',(1.222083938953,6.470875726744,-0.2));
#7825 = CARTESIAN_POINT('',(1.137463662791,6.544622093023,-0.2));
#7826 = CARTESIAN_POINT('',(0.970675872093,6.544622093023,-0.2));
#7827 = VECTOR('',#7828,1.);
#7828 = DIRECTION('',(-0.,-0.,-1.));
#7829 = ADVANCED_FACE('',(#7830),#7848,.F.);
#7830 = FACE_BOUND('',#7831,.F.);
#7831 = EDGE_LOOP('',(#7832,#7840,#7846,#7847));
#7832 = ORIENTED_EDGE('',*,*,#7833,.F.);
#7833 = EDGE_CURVE('',#7834,#7808,#7836,.T.);
#7834 = VERTEX_POINT('',#7835);
#7835 = CARTESIAN_POINT('',(1.284629360465,6.283566497093,-0.2));
#7836 = B_SPLINE_CURVE_WITH_KNOTS('',2,(#7837,#7838,#7839),
  .UNSPECIFIED.,.F.,.F.,(3,3),(0.,1.),.PIECEWISE_BEZIER_KNOTS.);
#7837 = CARTESIAN_POINT('',(1.284629360465,6.283566497093,-0.2));
#7838 = CARTESIAN_POINT('',(1.284629360465,6.416506177326,-0.2));
#7839 = CARTESIAN_POINT('',(1.222083938953,6.470875726744,-0.2));
#7840 = ORIENTED_EDGE('',*,*,#7841,.T.);
#7841 = EDGE_CURVE('',#7834,#1946,#7842,.T.);
#7842 = LINE('',#7843,#7844);
#7843 = CARTESIAN_POINT('',(1.284629360465,6.283566497093,-0.2));
#7844 = VECTOR('',#7845,1.);
#7845 = DIRECTION('',(0.,0.,1.));
#7846 = ORIENTED_EDGE('',*,*,#1955,.F.);
#7847 = ORIENTED_EDGE('',*,*,#7815,.F.);
#7848 = SURFACE_OF_LINEAR_EXTRUSION('',#7849,#7853);
#7849 = B_SPLINE_CURVE_WITH_KNOTS('',2,(#7850,#7851,#7852),
  .UNSPECIFIED.,.F.,.F.,(3,3),(0.,1.),.PIECEWISE_BEZIER_KNOTS.);
#7850 = CARTESIAN_POINT('',(1.284629360465,6.283566497093,-0.2));
#7851 = CARTESIAN_POINT('',(1.284629360465,6.416506177326,-0.2));
#7852 = CARTESIAN_POINT('',(1.222083938953,6.470875726744,-0.2));
#7853 = VECTOR('',#7854,1.);
#7854 = DIRECTION('',(-0.,-0.,-1.));
#7855 = ADVANCED_FACE('',(#7856),#7874,.F.);
#7856 = FACE_BOUND('',#7857,.F.);
#7857 = EDGE_LOOP('',(#7858,#7866,#7872,#7873));
#7858 = ORIENTED_EDGE('',*,*,#7859,.F.);
#7859 = EDGE_CURVE('',#7860,#7834,#7862,.T.);
#7860 = VERTEX_POINT('',#7861);
#7861 = CARTESIAN_POINT('',(1.283402979651,6.226744186047,-0.2));
#7862 = B_SPLINE_CURVE_WITH_KNOTS('',2,(#7863,#7864,#7865),
  .UNSPECIFIED.,.F.,.F.,(3,3),(0.,1.),.PIECEWISE_BEZIER_KNOTS.);
#7863 = CARTESIAN_POINT('',(1.283402979651,6.226744186047,-0.2));
#7864 = CARTESIAN_POINT('',(1.284629360465,6.271466206395,-0.2));
#7865 = CARTESIAN_POINT('',(1.284629360465,6.283566497093,-0.2));
#7866 = ORIENTED_EDGE('',*,*,#7867,.T.);
#7867 = EDGE_CURVE('',#7860,#1934,#7868,.T.);
#7868 = LINE('',#7869,#7870);
#7869 = CARTESIAN_POINT('',(1.283402979651,6.226744186047,-0.2));
#7870 = VECTOR('',#7871,1.);
#7871 = DIRECTION('',(0.,0.,1.));
#7872 = ORIENTED_EDGE('',*,*,#1945,.F.);
#7873 = ORIENTED_EDGE('',*,*,#7841,.F.);
#7874 = SURFACE_OF_LINEAR_EXTRUSION('',#7875,#7879);
#7875 = B_SPLINE_CURVE_WITH_KNOTS('',2,(#7876,#7877,#7878),
  .UNSPECIFIED.,.F.,.F.,(3,3),(0.,1.),.PIECEWISE_BEZIER_KNOTS.);
#7876 = CARTESIAN_POINT('',(1.283402979651,6.226744186047,-0.2));
#7877 = CARTESIAN_POINT('',(1.284629360465,6.271466206395,-0.2));
#7878 = CARTESIAN_POINT('',(1.284629360465,6.283566497093,-0.2));
#7879 = VECTOR('',#7880,1.);
#7880 = DIRECTION('',(-0.,-0.,-1.));
#7881 = ADVANCED_FACE('',(#7882),#7900,.F.);
#7882 = FACE_BOUND('',#7883,.F.);
#7883 = EDGE_LOOP('',(#7884,#7892,#7898,#7899));
#7884 = ORIENTED_EDGE('',*,*,#7885,.F.);
#7885 = EDGE_CURVE('',#7886,#7860,#7888,.T.);
#7886 = VERTEX_POINT('',#7887);
#7887 = CARTESIAN_POINT('',(0.889734738372,6.151362645349,-0.2));
#7888 = B_SPLINE_CURVE_WITH_KNOTS('',2,(#7889,#7890,#7891),
  .UNSPECIFIED.,.F.,.F.,(3,3),(0.,1.),.PIECEWISE_BEZIER_KNOTS.);
#7889 = CARTESIAN_POINT('',(0.889734738372,6.151362645349,-0.2));
#7890 = CARTESIAN_POINT('',(1.157085755814,6.183003270349,-0.2));
#7891 = CARTESIAN_POINT('',(1.283402979651,6.226744186047,-0.2));
#7892 = ORIENTED_EDGE('',*,*,#7893,.T.);
#7893 = EDGE_CURVE('',#7886,#1923,#7894,.T.);
#7894 = LINE('',#7895,#7896);
#7895 = CARTESIAN_POINT('',(0.889734738372,6.151362645349,-0.2));
#7896 = VECTOR('',#7897,1.);
#7897 = DIRECTION('',(0.,0.,1.));
#7898 = ORIENTED_EDGE('',*,*,#1933,.F.);
#7899 = ORIENTED_EDGE('',*,*,#7867,.F.);
#7900 = SURFACE_OF_LINEAR_EXTRUSION('',#7901,#7905);
#7901 = B_SPLINE_CURVE_WITH_KNOTS('',2,(#7902,#7903,#7904),
  .UNSPECIFIED.,.F.,.F.,(3,3),(0.,1.),.PIECEWISE_BEZIER_KNOTS.);
#7902 = CARTESIAN_POINT('',(0.889734738372,6.151362645349,-0.2));
#7903 = CARTESIAN_POINT('',(1.157085755814,6.183003270349,-0.2));
#7904 = CARTESIAN_POINT('',(1.283402979651,6.226744186047,-0.2));
#7905 = VECTOR('',#7906,1.);
#7906 = DIRECTION('',(-0.,-0.,-1.));
#7907 = ADVANCED_FACE('',(#7908),#7926,.F.);
#7908 = FACE_BOUND('',#7909,.F.);
#7909 = EDGE_LOOP('',(#7910,#7918,#7924,#7925));
#7910 = ORIENTED_EDGE('',*,*,#7911,.F.);
#7911 = EDGE_CURVE('',#7912,#7886,#7914,.T.);
#7912 = VERTEX_POINT('',#7913);
#7913 = CARTESIAN_POINT('',(0.69351380814,6.118332122093,-0.2));
#7914 = B_SPLINE_CURVE_WITH_KNOTS('',2,(#7915,#7916,#7917),
  .UNSPECIFIED.,.F.,.F.,(3,3),(0.,1.),.PIECEWISE_BEZIER_KNOTS.);
#7915 = CARTESIAN_POINT('',(0.69351380814,6.118332122093,-0.2));
#7916 = CARTESIAN_POINT('',(0.758511991279,6.135501453488,-0.2));
#7917 = CARTESIAN_POINT('',(0.889734738372,6.151362645349,-0.2));
#7918 = ORIENTED_EDGE('',*,*,#7919,.T.);
#7919 = EDGE_CURVE('',#7912,#1913,#7920,.T.);
#7920 = LINE('',#7921,#7922);
#7921 = CARTESIAN_POINT('',(0.69351380814,6.118332122093,-0.2));
#7922 = VECTOR('',#7923,1.);
#7923 = DIRECTION('',(0.,0.,1.));
#7924 = ORIENTED_EDGE('',*,*,#1922,.F.);
#7925 = ORIENTED_EDGE('',*,*,#7893,.F.);
#7926 = SURFACE_OF_LINEAR_EXTRUSION('',#7927,#7931);
#7927 = B_SPLINE_CURVE_WITH_KNOTS('',2,(#7928,#7929,#7930),
  .UNSPECIFIED.,.F.,.F.,(3,3),(0.,1.),.PIECEWISE_BEZIER_KNOTS.);
#7928 = CARTESIAN_POINT('',(0.69351380814,6.118332122093,-0.2));
#7929 = CARTESIAN_POINT('',(0.758511991279,6.135501453488,-0.2));
#7930 = CARTESIAN_POINT('',(0.889734738372,6.151362645349,-0.2));
#7931 = VECTOR('',#7932,1.);
#7932 = DIRECTION('',(-0.,-0.,-1.));
#7933 = ADVANCED_FACE('',(#7934),#7952,.F.);
#7934 = FACE_BOUND('',#7935,.F.);
#7935 = EDGE_LOOP('',(#7936,#7944,#7950,#7951));
#7936 = ORIENTED_EDGE('',*,*,#7937,.F.);
#7937 = EDGE_CURVE('',#7938,#7912,#7940,.T.);
#7938 = VERTEX_POINT('',#7939);
#7939 = CARTESIAN_POINT('',(0.534656613372,6.046220930233,-0.2));
#7940 = B_SPLINE_CURVE_WITH_KNOTS('',2,(#7941,#7942,#7943),
  .UNSPECIFIED.,.F.,.F.,(3,3),(0.,1.),.PIECEWISE_BEZIER_KNOTS.);
#7941 = CARTESIAN_POINT('',(0.534656613372,6.046220930233,-0.2));
#7942 = CARTESIAN_POINT('',(0.605214389535,6.093886264535,-0.2));
#7943 = CARTESIAN_POINT('',(0.69351380814,6.118332122093,-0.2));
#7944 = ORIENTED_EDGE('',*,*,#7945,.T.);
#7945 = EDGE_CURVE('',#7938,#1900,#7946,.T.);
#7946 = LINE('',#7947,#7948);
#7947 = CARTESIAN_POINT('',(0.534656613372,6.046220930233,-0.2));
#7948 = VECTOR('',#7949,1.);
#7949 = DIRECTION('',(0.,0.,1.));
#7950 = ORIENTED_EDGE('',*,*,#1912,.F.);
#7951 = ORIENTED_EDGE('',*,*,#7919,.F.);
#7952 = SURFACE_OF_LINEAR_EXTRUSION('',#7953,#7957);
#7953 = B_SPLINE_CURVE_WITH_KNOTS('',2,(#7954,#7955,#7956),
  .UNSPECIFIED.,.F.,.F.,(3,3),(0.,1.),.PIECEWISE_BEZIER_KNOTS.);
#7954 = CARTESIAN_POINT('',(0.534656613372,6.046220930233,-0.2));
#7955 = CARTESIAN_POINT('',(0.605214389535,6.093886264535,-0.2));
#7956 = CARTESIAN_POINT('',(0.69351380814,6.118332122093,-0.2));
#7957 = VECTOR('',#7958,1.);
#7958 = DIRECTION('',(-0.,-0.,-1.));
#7959 = ADVANCED_FACE('',(#7960),#7978,.F.);
#7960 = FACE_BOUND('',#7961,.F.);
#7961 = EDGE_LOOP('',(#7962,#7970,#7976,#7977));
#7962 = ORIENTED_EDGE('',*,*,#7963,.F.);
#7963 = EDGE_CURVE('',#7964,#7938,#7966,.T.);
#7964 = VERTEX_POINT('',#7965);
#7965 = CARTESIAN_POINT('',(0.420603197674,5.919658430233,-0.2));
#7966 = B_SPLINE_CURVE_WITH_KNOTS('',2,(#7967,#7968,#7969),
  .UNSPECIFIED.,.F.,.F.,(3,3),(0.,1.),.PIECEWISE_BEZIER_KNOTS.);
#7967 = CARTESIAN_POINT('',(0.420603197674,5.919658430233,-0.2));
#7968 = CARTESIAN_POINT('',(0.46418059593,5.99855559593,-0.2));
#7969 = CARTESIAN_POINT('',(0.534656613372,6.046220930233,-0.2));
#7970 = ORIENTED_EDGE('',*,*,#7971,.T.);
#7971 = EDGE_CURVE('',#7964,#1887,#7972,.T.);
#7972 = LINE('',#7973,#7974);
#7973 = CARTESIAN_POINT('',(0.420603197674,5.919658430233,-0.2));
#7974 = VECTOR('',#7975,1.);
#7975 = DIRECTION('',(0.,0.,1.));
#7976 = ORIENTED_EDGE('',*,*,#1899,.F.);
#7977 = ORIENTED_EDGE('',*,*,#7945,.F.);
#7978 = SURFACE_OF_LINEAR_EXTRUSION('',#7979,#7983);
#7979 = B_SPLINE_CURVE_WITH_KNOTS('',2,(#7980,#7981,#7982),
  .UNSPECIFIED.,.F.,.F.,(3,3),(0.,1.),.PIECEWISE_BEZIER_KNOTS.);
#7980 = CARTESIAN_POINT('',(0.420603197674,5.919658430233,-0.2));
#7981 = CARTESIAN_POINT('',(0.46418059593,5.99855559593,-0.2));
#7982 = CARTESIAN_POINT('',(0.534656613372,6.046220930233,-0.2));
#7983 = VECTOR('',#7984,1.);
#7984 = DIRECTION('',(-0.,-0.,-1.));
#7985 = ADVANCED_FACE('',(#7986),#8004,.F.);
#7986 = FACE_BOUND('',#7987,.F.);
#7987 = EDGE_LOOP('',(#7988,#7996,#8002,#8003));
#7988 = ORIENTED_EDGE('',*,*,#7989,.F.);
#7989 = EDGE_CURVE('',#7990,#7964,#7992,.T.);
#7990 = VERTEX_POINT('',#7991);
#7991 = CARTESIAN_POINT('',(0.37710755814,5.745512354651,-0.2));
#7992 = B_SPLINE_CURVE_WITH_KNOTS('',2,(#7993,#7994,#7995),
  .UNSPECIFIED.,.F.,.F.,(3,3),(0.,1.),.PIECEWISE_BEZIER_KNOTS.);
#7993 = CARTESIAN_POINT('',(0.37710755814,5.745512354651,-0.2));
#7994 = CARTESIAN_POINT('',(0.37710755814,5.840843023256,-0.2));
#7995 = CARTESIAN_POINT('',(0.420603197674,5.919658430233,-0.2));
#7996 = ORIENTED_EDGE('',*,*,#7997,.T.);
#7997 = EDGE_CURVE('',#7990,#1872,#7998,.T.);
#7998 = LINE('',#7999,#8000);
#7999 = CARTESIAN_POINT('',(0.37710755814,5.745512354651,-0.2));
#8000 = VECTOR('',#8001,1.);
#8001 = DIRECTION('',(0.,0.,1.));
#8002 = ORIENTED_EDGE('',*,*,#1886,.F.);
#8003 = ORIENTED_EDGE('',*,*,#7971,.F.);
#8004 = SURFACE_OF_LINEAR_EXTRUSION('',#8005,#8009);
#8005 = B_SPLINE_CURVE_WITH_KNOTS('',2,(#8006,#8007,#8008),
  .UNSPECIFIED.,.F.,.F.,(3,3),(0.,1.),.PIECEWISE_BEZIER_KNOTS.);
#8006 = CARTESIAN_POINT('',(0.37710755814,5.745512354651,-0.2));
#8007 = CARTESIAN_POINT('',(0.37710755814,5.840843023256,-0.2));
#8008 = CARTESIAN_POINT('',(0.420603197674,5.919658430233,-0.2));
#8009 = VECTOR('',#8010,1.);
#8010 = DIRECTION('',(-0.,-0.,-1.));
#8011 = ADVANCED_FACE('',(#8012),#8030,.F.);
#8012 = FACE_BOUND('',#8013,.F.);
#8013 = EDGE_LOOP('',(#8014,#8022,#8028,#8029));
#8014 = ORIENTED_EDGE('',*,*,#8015,.F.);
#8015 = EDGE_CURVE('',#8016,#7990,#8018,.T.);
#8016 = VERTEX_POINT('',#8017);
#8017 = CARTESIAN_POINT('',(0.492387354651,5.478324854651,-0.2));
#8018 = B_SPLINE_CURVE_WITH_KNOTS('',2,(#8019,#8020,#8021),
  .UNSPECIFIED.,.F.,.F.,(3,3),(0.,1.),.PIECEWISE_BEZIER_KNOTS.);
#8019 = CARTESIAN_POINT('',(0.492387354651,5.478324854651,-0.2));
#8020 = CARTESIAN_POINT('',(0.37710755814,5.582894258721,-0.2));
#8021 = CARTESIAN_POINT('',(0.37710755814,5.745512354651,-0.2));
#8022 = ORIENTED_EDGE('',*,*,#8023,.T.);
#8023 = EDGE_CURVE('',#8016,#1861,#8024,.T.);
#8024 = LINE('',#8025,#8026);
#8025 = CARTESIAN_POINT('',(0.492387354651,5.478324854651,-0.2));
#8026 = VECTOR('',#8027,1.);
#8027 = DIRECTION('',(0.,0.,1.));
#8028 = ORIENTED_EDGE('',*,*,#1871,.F.);
#8029 = ORIENTED_EDGE('',*,*,#7997,.F.);
#8030 = SURFACE_OF_LINEAR_EXTRUSION('',#8031,#8035);
#8031 = B_SPLINE_CURVE_WITH_KNOTS('',2,(#8032,#8033,#8034),
  .UNSPECIFIED.,.F.,.F.,(3,3),(0.,1.),.PIECEWISE_BEZIER_KNOTS.);
#8032 = CARTESIAN_POINT('',(0.492387354651,5.478324854651,-0.2));
#8033 = CARTESIAN_POINT('',(0.37710755814,5.582894258721,-0.2));
#8034 = CARTESIAN_POINT('',(0.37710755814,5.745512354651,-0.2));
#8035 = VECTOR('',#8036,1.);
#8036 = DIRECTION('',(-0.,-0.,-1.));
#8037 = ADVANCED_FACE('',(#8038),#8056,.F.);
#8038 = FACE_BOUND('',#8039,.F.);
#8039 = EDGE_LOOP('',(#8040,#8048,#8054,#8055));
#8040 = ORIENTED_EDGE('',*,*,#8041,.F.);
#8041 = EDGE_CURVE('',#8042,#8016,#8044,.T.);
#8042 = VERTEX_POINT('',#8043);
#8043 = CARTESIAN_POINT('',(0.822283793605,5.373837209302,-0.2));
#8044 = B_SPLINE_CURVE_WITH_KNOTS('',2,(#8045,#8046,#8047),
  .UNSPECIFIED.,.F.,.F.,(3,3),(0.,1.),.PIECEWISE_BEZIER_KNOTS.);
#8045 = CARTESIAN_POINT('',(0.822283793605,5.373837209302,-0.2));
#8046 = CARTESIAN_POINT('',(0.607667151163,5.373837209302,-0.2));
#8047 = CARTESIAN_POINT('',(0.492387354651,5.478324854651,-0.2));
#8048 = ORIENTED_EDGE('',*,*,#8049,.T.);
#8049 = EDGE_CURVE('',#8042,#1851,#8050,.T.);
#8050 = LINE('',#8051,#8052);
#8051 = CARTESIAN_POINT('',(0.822283793605,5.373837209302,-0.2));
#8052 = VECTOR('',#8053,1.);
#8053 = DIRECTION('',(0.,0.,1.));
#8054 = ORIENTED_EDGE('',*,*,#1860,.F.);
#8055 = ORIENTED_EDGE('',*,*,#8023,.F.);
#8056 = SURFACE_OF_LINEAR_EXTRUSION('',#8057,#8061);
#8057 = B_SPLINE_CURVE_WITH_KNOTS('',2,(#8058,#8059,#8060),
  .UNSPECIFIED.,.F.,.F.,(3,3),(0.,1.),.PIECEWISE_BEZIER_KNOTS.);
#8058 = CARTESIAN_POINT('',(0.822283793605,5.373837209302,-0.2));
#8059 = CARTESIAN_POINT('',(0.607667151163,5.373837209302,-0.2));
#8060 = CARTESIAN_POINT('',(0.492387354651,5.478324854651,-0.2));
#8061 = VECTOR('',#8062,1.);
#8062 = DIRECTION('',(-0.,-0.,-1.));
#8063 = ADVANCED_FACE('',(#8064),#8075,.F.);
#8064 = FACE_BOUND('',#8065,.F.);
#8065 = EDGE_LOOP('',(#8066,#8072,#8073,#8074));
#8066 = ORIENTED_EDGE('',*,*,#8067,.F.);
#8067 = EDGE_CURVE('',#7393,#8042,#8068,.T.);
#8068 = B_SPLINE_CURVE_WITH_KNOTS('',2,(#8069,#8070,#8071),
  .UNSPECIFIED.,.F.,.F.,(3,3),(0.,1.),.PIECEWISE_BEZIER_KNOTS.);
#8069 = CARTESIAN_POINT('',(1.065679505814,5.416515261628,-0.2));
#8070 = CARTESIAN_POINT('',(0.952280159884,5.373837209302,-0.2));
#8071 = CARTESIAN_POINT('',(0.822283793605,5.373837209302,-0.2));
#8072 = ORIENTED_EDGE('',*,*,#7407,.T.);
#8073 = ORIENTED_EDGE('',*,*,#1850,.F.);
#8074 = ORIENTED_EDGE('',*,*,#8049,.F.);
#8075 = SURFACE_OF_LINEAR_EXTRUSION('',#8076,#8080);
#8076 = B_SPLINE_CURVE_WITH_KNOTS('',2,(#8077,#8078,#8079),
  .UNSPECIFIED.,.F.,.F.,(3,3),(0.,1.),.PIECEWISE_BEZIER_KNOTS.);
#8077 = CARTESIAN_POINT('',(1.065679505814,5.416515261628,-0.2));
#8078 = CARTESIAN_POINT('',(0.952280159884,5.373837209302,-0.2));
#8079 = CARTESIAN_POINT('',(0.822283793605,5.373837209302,-0.2));
#8080 = VECTOR('',#8081,1.);
#8081 = DIRECTION('',(-0.,-0.,-1.));
#8082 = ADVANCED_FACE('',(#8083),#8108,.F.);
#8083 = FACE_BOUND('',#8084,.F.);
#8084 = EDGE_LOOP('',(#8085,#8095,#8101,#8102));
#8085 = ORIENTED_EDGE('',*,*,#8086,.F.);
#8086 = EDGE_CURVE('',#8087,#8089,#8091,.T.);
#8087 = VERTEX_POINT('',#8088);
#8088 = CARTESIAN_POINT('',(1.760710392442,5.789498546512,-0.2));
#8089 = VERTEX_POINT('',#8090);
#8090 = CARTESIAN_POINT('',(1.979006177326,5.823837209302,-0.2));
#8091 = LINE('',#8092,#8093);
#8092 = CARTESIAN_POINT('',(1.760710392442,5.789498546512,-0.2));
#8093 = VECTOR('',#8094,1.);
#8094 = DIRECTION('',(0.987852796582,0.155392574743,0.));
#8095 = ORIENTED_EDGE('',*,*,#8096,.T.);
#8096 = EDGE_CURVE('',#8087,#2137,#8097,.T.);
#8097 = LINE('',#8098,#8099);
#8098 = CARTESIAN_POINT('',(1.760710392442,5.789498546512,-0.2));
#8099 = VECTOR('',#8100,1.);
#8100 = DIRECTION('',(0.,0.,1.));
#8101 = ORIENTED_EDGE('',*,*,#2134,.F.);
#8102 = ORIENTED_EDGE('',*,*,#8103,.F.);
#8103 = EDGE_CURVE('',#8089,#2135,#8104,.T.);
#8104 = LINE('',#8105,#8106);
#8105 = CARTESIAN_POINT('',(1.979006177326,5.823837209302,-0.2));
#8106 = VECTOR('',#8107,1.);
#8107 = DIRECTION('',(0.,0.,1.));
#8108 = PLANE('',#8109);
#8109 = AXIS2_PLACEMENT_3D('',#8110,#8111,#8112);
#8110 = CARTESIAN_POINT('',(1.760710392442,5.789498546512,-0.2));
#8111 = DIRECTION('',(-0.155392574743,0.987852796582,0.));
#8112 = DIRECTION('',(0.987852796582,0.155392574743,0.));
#8113 = ADVANCED_FACE('',(#8114),#8132,.F.);
#8114 = FACE_BOUND('',#8115,.F.);
#8115 = EDGE_LOOP('',(#8116,#8124,#8130,#8131));
#8116 = ORIENTED_EDGE('',*,*,#8117,.F.);
#8117 = EDGE_CURVE('',#8118,#8087,#8120,.T.);
#8118 = VERTEX_POINT('',#8119);
#8119 = CARTESIAN_POINT('',(1.930523255814,5.478651889535,-0.2));
#8120 = B_SPLINE_CURVE_WITH_KNOTS('',2,(#8121,#8122,#8123),
  .UNSPECIFIED.,.F.,.F.,(3,3),(0.,1.),.PIECEWISE_BEZIER_KNOTS.);
#8121 = CARTESIAN_POINT('',(1.930523255814,5.478651889535,-0.2));
#8122 = CARTESIAN_POINT('',(1.79750181686,5.583466569767,-0.2));
#8123 = CARTESIAN_POINT('',(1.760710392442,5.789498546512,-0.2));
#8124 = ORIENTED_EDGE('',*,*,#8125,.T.);
#8125 = EDGE_CURVE('',#8118,#2485,#8126,.T.);
#8126 = LINE('',#8127,#8128);
#8127 = CARTESIAN_POINT('',(1.930523255814,5.478651889535,-0.2));
#8128 = VECTOR('',#8129,1.);
#8129 = DIRECTION('',(0.,0.,1.));
#8130 = ORIENTED_EDGE('',*,*,#2496,.F.);
#8131 = ORIENTED_EDGE('',*,*,#8096,.F.);
#8132 = SURFACE_OF_LINEAR_EXTRUSION('',#8133,#8137);
#8133 = B_SPLINE_CURVE_WITH_KNOTS('',2,(#8134,#8135,#8136),
  .UNSPECIFIED.,.F.,.F.,(3,3),(0.,1.),.PIECEWISE_BEZIER_KNOTS.);
#8134 = CARTESIAN_POINT('',(1.930523255814,5.478651889535,-0.2));
#8135 = CARTESIAN_POINT('',(1.79750181686,5.583466569767,-0.2));
#8136 = CARTESIAN_POINT('',(1.760710392442,5.789498546512,-0.2));
#8137 = VECTOR('',#8138,1.);
#8138 = DIRECTION('',(-0.,-0.,-1.));
#8139 = ADVANCED_FACE('',(#8140),#8158,.F.);
#8140 = FACE_BOUND('',#8141,.F.);
#8141 = EDGE_LOOP('',(#8142,#8150,#8156,#8157));
#8142 = ORIENTED_EDGE('',*,*,#8143,.F.);
#8143 = EDGE_CURVE('',#8144,#8118,#8146,.T.);
#8144 = VERTEX_POINT('',#8145);
#8145 = CARTESIAN_POINT('',(2.317487281977,5.373837209302,-0.2));
#8146 = B_SPLINE_CURVE_WITH_KNOTS('',2,(#8147,#8148,#8149),
  .UNSPECIFIED.,.F.,.F.,(3,3),(0.,1.),.PIECEWISE_BEZIER_KNOTS.);
#8147 = CARTESIAN_POINT('',(2.317487281977,5.373837209302,-0.2));
#8148 = CARTESIAN_POINT('',(2.063626453488,5.373837209302,-0.2));
#8149 = CARTESIAN_POINT('',(1.930523255814,5.478651889535,-0.2));
#8150 = ORIENTED_EDGE('',*,*,#8151,.T.);
#8151 = EDGE_CURVE('',#8144,#2474,#8152,.T.);
#8152 = LINE('',#8153,#8154);
#8153 = CARTESIAN_POINT('',(2.317487281977,5.373837209302,-0.2));
#8154 = VECTOR('',#8155,1.);
#8155 = DIRECTION('',(0.,0.,1.));
#8156 = ORIENTED_EDGE('',*,*,#2484,.F.);
#8157 = ORIENTED_EDGE('',*,*,#8125,.F.);
#8158 = SURFACE_OF_LINEAR_EXTRUSION('',#8159,#8163);
#8159 = B_SPLINE_CURVE_WITH_KNOTS('',2,(#8160,#8161,#8162),
  .UNSPECIFIED.,.F.,.F.,(3,3),(0.,1.),.PIECEWISE_BEZIER_KNOTS.);
#8160 = CARTESIAN_POINT('',(2.317487281977,5.373837209302,-0.2));
#8161 = CARTESIAN_POINT('',(2.063626453488,5.373837209302,-0.2));
#8162 = CARTESIAN_POINT('',(1.930523255814,5.478651889535,-0.2));
#8163 = VECTOR('',#8164,1.);
#8164 = DIRECTION('',(-0.,-0.,-1.));
#8165 = ADVANCED_FACE('',(#8166),#8184,.F.);
#8166 = FACE_BOUND('',#8167,.F.);
#8167 = EDGE_LOOP('',(#8168,#8176,#8182,#8183));
#8168 = ORIENTED_EDGE('',*,*,#8169,.F.);
#8169 = EDGE_CURVE('',#8170,#8144,#8172,.T.);
#8170 = VERTEX_POINT('',#8171);
#8171 = CARTESIAN_POINT('',(2.592196584302,5.426898619186,-0.2));
#8172 = B_SPLINE_CURVE_WITH_KNOTS('',2,(#8173,#8174,#8175),
  .UNSPECIFIED.,.F.,.F.,(3,3),(0.,1.),.PIECEWISE_BEZIER_KNOTS.);
#8173 = CARTESIAN_POINT('',(2.592196584302,5.426898619186,-0.2));
#8174 = CARTESIAN_POINT('',(2.470784883721,5.373837209302,-0.2));
#8175 = CARTESIAN_POINT('',(2.317487281977,5.373837209302,-0.2));
#8176 = ORIENTED_EDGE('',*,*,#8177,.T.);
#8177 = EDGE_CURVE('',#8170,#2463,#8178,.T.);
#8178 = LINE('',#8179,#8180);
#8179 = CARTESIAN_POINT('',(2.592196584302,5.426898619186,-0.2));
#8180 = VECTOR('',#8181,1.);
#8181 = DIRECTION('',(0.,0.,1.));
#8182 = ORIENTED_EDGE('',*,*,#2473,.F.);
#8183 = ORIENTED_EDGE('',*,*,#8151,.F.);
#8184 = SURFACE_OF_LINEAR_EXTRUSION('',#8185,#8189);
#8185 = B_SPLINE_CURVE_WITH_KNOTS('',2,(#8186,#8187,#8188),
  .UNSPECIFIED.,.F.,.F.,(3,3),(0.,1.),.PIECEWISE_BEZIER_KNOTS.);
#8186 = CARTESIAN_POINT('',(2.592196584302,5.426898619186,-0.2));
#8187 = CARTESIAN_POINT('',(2.470784883721,5.373837209302,-0.2));
#8188 = CARTESIAN_POINT('',(2.317487281977,5.373837209302,-0.2));
#8189 = VECTOR('',#8190,1.);
#8190 = DIRECTION('',(-0.,-0.,-1.));
#8191 = ADVANCED_FACE('',(#8192),#8210,.F.);
#8192 = FACE_BOUND('',#8193,.F.);
#8193 = EDGE_LOOP('',(#8194,#8202,#8208,#8209));
#8194 = ORIENTED_EDGE('',*,*,#8195,.F.);
#8195 = EDGE_CURVE('',#8196,#8170,#8198,.T.);
#8196 = VERTEX_POINT('',#8197);
#8197 = CARTESIAN_POINT('',(2.777952398256,5.576844113372,-0.2));
#8198 = B_SPLINE_CURVE_WITH_KNOTS('',2,(#8199,#8200,#8201),
  .UNSPECIFIED.,.F.,.F.,(3,3),(0.,1.),.PIECEWISE_BEZIER_KNOTS.);
#8199 = CARTESIAN_POINT('',(2.777952398256,5.576844113372,-0.2));
#8200 = CARTESIAN_POINT('',(2.713608284884,5.47996002907,-0.2));
#8201 = CARTESIAN_POINT('',(2.592196584302,5.426898619186,-0.2));
#8202 = ORIENTED_EDGE('',*,*,#8203,.T.);
#8203 = EDGE_CURVE('',#8196,#2450,#8204,.T.);
#8204 = LINE('',#8205,#8206);
#8205 = CARTESIAN_POINT('',(2.777952398256,5.576844113372,-0.2));
#8206 = VECTOR('',#8207,1.);
#8207 = DIRECTION('',(0.,0.,1.));
#8208 = ORIENTED_EDGE('',*,*,#2462,.F.);
#8209 = ORIENTED_EDGE('',*,*,#8177,.F.);
#8210 = SURFACE_OF_LINEAR_EXTRUSION('',#8211,#8215);
#8211 = B_SPLINE_CURVE_WITH_KNOTS('',2,(#8212,#8213,#8214),
  .UNSPECIFIED.,.F.,.F.,(3,3),(0.,1.),.PIECEWISE_BEZIER_KNOTS.);
#8212 = CARTESIAN_POINT('',(2.777952398256,5.576844113372,-0.2));
#8213 = CARTESIAN_POINT('',(2.713608284884,5.47996002907,-0.2));
#8214 = CARTESIAN_POINT('',(2.592196584302,5.426898619186,-0.2));
#8215 = VECTOR('',#8216,1.);
#8216 = DIRECTION('',(-0.,-0.,-1.));
#8217 = ADVANCED_FACE('',(#8218),#8236,.F.);
#8218 = FACE_BOUND('',#8219,.F.);
#8219 = EDGE_LOOP('',(#8220,#8228,#8234,#8235));
#8220 = ORIENTED_EDGE('',*,*,#8221,.F.);
#8221 = EDGE_CURVE('',#8222,#8196,#8224,.T.);
#8222 = VERTEX_POINT('',#8223);
#8223 = CARTESIAN_POINT('',(2.842378270349,5.783530159884,-0.2));
#8224 = B_SPLINE_CURVE_WITH_KNOTS('',2,(#8225,#8226,#8227),
  .UNSPECIFIED.,.F.,.F.,(3,3),(0.,1.),.PIECEWISE_BEZIER_KNOTS.);
#8225 = CARTESIAN_POINT('',(2.842378270349,5.783530159884,-0.2));
#8226 = CARTESIAN_POINT('',(2.842378270349,5.673809956395,-0.2));
#8227 = CARTESIAN_POINT('',(2.777952398256,5.576844113372,-0.2));
#8228 = ORIENTED_EDGE('',*,*,#8229,.T.);
#8229 = EDGE_CURVE('',#8222,#2439,#8230,.T.);
#8230 = LINE('',#8231,#8232);
#8231 = CARTESIAN_POINT('',(2.842378270349,5.783530159884,-0.2));
#8232 = VECTOR('',#8233,1.);
#8233 = DIRECTION('',(0.,0.,1.));
#8234 = ORIENTED_EDGE('',*,*,#2449,.F.);
#8235 = ORIENTED_EDGE('',*,*,#8203,.F.);
#8236 = SURFACE_OF_LINEAR_EXTRUSION('',#8237,#8241);
#8237 = B_SPLINE_CURVE_WITH_KNOTS('',2,(#8238,#8239,#8240),
  .UNSPECIFIED.,.F.,.F.,(3,3),(0.,1.),.PIECEWISE_BEZIER_KNOTS.);
#8238 = CARTESIAN_POINT('',(2.842378270349,5.783530159884,-0.2));
#8239 = CARTESIAN_POINT('',(2.842378270349,5.673809956395,-0.2));
#8240 = CARTESIAN_POINT('',(2.777952398256,5.576844113372,-0.2));
#8241 = VECTOR('',#8242,1.);
#8242 = DIRECTION('',(-0.,-0.,-1.));
#8243 = ADVANCED_FACE('',(#8244),#8262,.F.);
#8244 = FACE_BOUND('',#8245,.F.);
#8245 = EDGE_LOOP('',(#8246,#8254,#8260,#8261));
#8246 = ORIENTED_EDGE('',*,*,#8247,.F.);
#8247 = EDGE_CURVE('',#8248,#8222,#8250,.T.);
#8248 = VERTEX_POINT('',#8249);
#8249 = CARTESIAN_POINT('',(2.789643895349,5.97132994186,-0.2));
#8250 = B_SPLINE_CURVE_WITH_KNOTS('',2,(#8251,#8252,#8253),
  .UNSPECIFIED.,.F.,.F.,(3,3),(0.,1.),.PIECEWISE_BEZIER_KNOTS.);
#8251 = CARTESIAN_POINT('',(2.789643895349,5.97132994186,-0.2));
#8252 = CARTESIAN_POINT('',(2.842378270349,5.895703125,-0.2));
#8253 = CARTESIAN_POINT('',(2.842378270349,5.783530159884,-0.2));
#8254 = ORIENTED_EDGE('',*,*,#8255,.T.);
#8255 = EDGE_CURVE('',#8248,#2426,#8256,.T.);
#8256 = LINE('',#8257,#8258);
#8257 = CARTESIAN_POINT('',(2.789643895349,5.97132994186,-0.2));
#8258 = VECTOR('',#8259,1.);
#8259 = DIRECTION('',(0.,0.,1.));
#8260 = ORIENTED_EDGE('',*,*,#2438,.F.);
#8261 = ORIENTED_EDGE('',*,*,#8229,.F.);
#8262 = SURFACE_OF_LINEAR_EXTRUSION('',#8263,#8267);
#8263 = B_SPLINE_CURVE_WITH_KNOTS('',2,(#8264,#8265,#8266),
  .UNSPECIFIED.,.F.,.F.,(3,3),(0.,1.),.PIECEWISE_BEZIER_KNOTS.);
#8264 = CARTESIAN_POINT('',(2.789643895349,5.97132994186,-0.2));
#8265 = CARTESIAN_POINT('',(2.842378270349,5.895703125,-0.2));
#8266 = CARTESIAN_POINT('',(2.842378270349,5.783530159884,-0.2));
#8267 = VECTOR('',#8268,1.);
#8268 = DIRECTION('',(-0.,-0.,-1.));
#8269 = ADVANCED_FACE('',(#8270),#8288,.F.);
#8270 = FACE_BOUND('',#8271,.F.);
#8271 = EDGE_LOOP('',(#8272,#8280,#8286,#8287));
#8272 = ORIENTED_EDGE('',*,*,#8273,.F.);
#8273 = EDGE_CURVE('',#8274,#8248,#8276,.T.);
#8274 = VERTEX_POINT('',#8275);
#8275 = CARTESIAN_POINT('',(2.644276889535,6.086527979651,-0.2));
#8276 = B_SPLINE_CURVE_WITH_KNOTS('',2,(#8277,#8278,#8279),
  .UNSPECIFIED.,.F.,.F.,(3,3),(0.,1.),.PIECEWISE_BEZIER_KNOTS.);
#8277 = CARTESIAN_POINT('',(2.644276889535,6.086527979651,-0.2));
#8278 = CARTESIAN_POINT('',(2.736909520349,6.046956758721,-0.2));
#8279 = CARTESIAN_POINT('',(2.789643895349,5.97132994186,-0.2));
#8280 = ORIENTED_EDGE('',*,*,#8281,.T.);
#8281 = EDGE_CURVE('',#8274,#2414,#8282,.T.);
#8282 = LINE('',#8283,#8284);
#8283 = CARTESIAN_POINT('',(2.644276889535,6.086527979651,-0.2));
#8284 = VECTOR('',#8285,1.);
#8285 = DIRECTION('',(0.,0.,1.));
#8286 = ORIENTED_EDGE('',*,*,#2425,.F.);
#8287 = ORIENTED_EDGE('',*,*,#8255,.F.);
#8288 = SURFACE_OF_LINEAR_EXTRUSION('',#8289,#8293);
#8289 = B_SPLINE_CURVE_WITH_KNOTS('',2,(#8290,#8291,#8292),
  .UNSPECIFIED.,.F.,.F.,(3,3),(0.,1.),.PIECEWISE_BEZIER_KNOTS.);
#8290 = CARTESIAN_POINT('',(2.644276889535,6.086527979651,-0.2));
#8291 = CARTESIAN_POINT('',(2.736909520349,6.046956758721,-0.2));
#8292 = CARTESIAN_POINT('',(2.789643895349,5.97132994186,-0.2));
#8293 = VECTOR('',#8294,1.);
#8294 = DIRECTION('',(-0.,-0.,-1.));
#8295 = ADVANCED_FACE('',(#8296),#8314,.F.);
#8296 = FACE_BOUND('',#8297,.F.);
#8297 = EDGE_LOOP('',(#8298,#8306,#8312,#8313));
#8298 = ORIENTED_EDGE('',*,*,#8299,.F.);
#8299 = EDGE_CURVE('',#8300,#8274,#8302,.T.);
#8300 = VERTEX_POINT('',#8301);
#8301 = CARTESIAN_POINT('',(2.317487281977,6.18839934593,-0.2));
#8302 = B_SPLINE_CURVE_WITH_KNOTS('',2,(#8303,#8304,#8305),
  .UNSPECIFIED.,.F.,.F.,(3,3),(0.,1.),.PIECEWISE_BEZIER_KNOTS.);
#8303 = CARTESIAN_POINT('',(2.317487281977,6.18839934593,-0.2));
#8304 = CARTESIAN_POINT('',(2.551726017442,6.126180959302,-0.2));
#8305 = CARTESIAN_POINT('',(2.644276889535,6.086527979651,-0.2));
#8306 = ORIENTED_EDGE('',*,*,#8307,.T.);
#8307 = EDGE_CURVE('',#8300,#2403,#8308,.T.);
#8308 = LINE('',#8309,#8310);
#8309 = CARTESIAN_POINT('',(2.317487281977,6.18839934593,-0.2));
#8310 = VECTOR('',#8311,1.);
#8311 = DIRECTION('',(0.,0.,1.));
#8312 = ORIENTED_EDGE('',*,*,#2413,.F.);
#8313 = ORIENTED_EDGE('',*,*,#8281,.F.);
#8314 = SURFACE_OF_LINEAR_EXTRUSION('',#8315,#8319);
#8315 = B_SPLINE_CURVE_WITH_KNOTS('',2,(#8316,#8317,#8318),
  .UNSPECIFIED.,.F.,.F.,(3,3),(0.,1.),.PIECEWISE_BEZIER_KNOTS.);
#8316 = CARTESIAN_POINT('',(2.317487281977,6.18839934593,-0.2));
#8317 = CARTESIAN_POINT('',(2.551726017442,6.126180959302,-0.2));
#8318 = CARTESIAN_POINT('',(2.644276889535,6.086527979651,-0.2));
#8319 = VECTOR('',#8320,1.);
#8320 = DIRECTION('',(-0.,-0.,-1.));
#8321 = ADVANCED_FACE('',(#8322),#8340,.F.);
#8322 = FACE_BOUND('',#8323,.F.);
#8323 = EDGE_LOOP('',(#8324,#8332,#8338,#8339));
#8324 = ORIENTED_EDGE('',*,*,#8325,.F.);
#8325 = EDGE_CURVE('',#8326,#8300,#8328,.T.);
#8326 = VERTEX_POINT('',#8327);
#8327 = CARTESIAN_POINT('',(2.122492732558,6.244158793605,-0.2));
#8328 = B_SPLINE_CURVE_WITH_KNOTS('',2,(#8329,#8330,#8331),
  .UNSPECIFIED.,.F.,.F.,(3,3),(0.,1.),.PIECEWISE_BEZIER_KNOTS.);
#8329 = CARTESIAN_POINT('',(2.122492732558,6.244158793605,-0.2));
#8330 = CARTESIAN_POINT('',(2.155605014535,6.232058502907,-0.2));
#8331 = CARTESIAN_POINT('',(2.317487281977,6.18839934593,-0.2));
#8332 = ORIENTED_EDGE('',*,*,#8333,.T.);
#8333 = EDGE_CURVE('',#8326,#2393,#8334,.T.);
#8334 = LINE('',#8335,#8336);
#8335 = CARTESIAN_POINT('',(2.122492732558,6.244158793605,-0.2));
#8336 = VECTOR('',#8337,1.);
#8337 = DIRECTION('',(0.,0.,1.));
#8338 = ORIENTED_EDGE('',*,*,#2402,.F.);
#8339 = ORIENTED_EDGE('',*,*,#8307,.F.);
#8340 = SURFACE_OF_LINEAR_EXTRUSION('',#8341,#8345);
#8341 = B_SPLINE_CURVE_WITH_KNOTS('',2,(#8342,#8343,#8344),
  .UNSPECIFIED.,.F.,.F.,(3,3),(0.,1.),.PIECEWISE_BEZIER_KNOTS.);
#8342 = CARTESIAN_POINT('',(2.122492732558,6.244158793605,-0.2));
#8343 = CARTESIAN_POINT('',(2.155605014535,6.232058502907,-0.2));
#8344 = CARTESIAN_POINT('',(2.317487281977,6.18839934593,-0.2));
#8345 = VECTOR('',#8346,1.);
#8346 = DIRECTION('',(-0.,-0.,-1.));
#8347 = ADVANCED_FACE('',(#8348),#8366,.F.);
#8348 = FACE_BOUND('',#8349,.F.);
#8349 = EDGE_LOOP('',(#8350,#8358,#8364,#8365));
#8350 = ORIENTED_EDGE('',*,*,#8351,.F.);
#8351 = EDGE_CURVE('',#8352,#8326,#8354,.T.);
#8352 = VERTEX_POINT('',#8353);
#8353 = CARTESIAN_POINT('',(2.037872456395,6.302289244186,-0.2));
#8354 = B_SPLINE_CURVE_WITH_KNOTS('',2,(#8355,#8356,#8357),
  .UNSPECIFIED.,.F.,.F.,(3,3),(0.,1.),.PIECEWISE_BEZIER_KNOTS.);
#8355 = CARTESIAN_POINT('',(2.037872456395,6.302289244186,-0.2));
#8356 = CARTESIAN_POINT('',(2.064852834302,6.267132994186,-0.2));
#8357 = CARTESIAN_POINT('',(2.122492732558,6.244158793605,-0.2));
#8358 = ORIENTED_EDGE('',*,*,#8359,.T.);
#8359 = EDGE_CURVE('',#8352,#2383,#8360,.T.);
#8360 = LINE('',#8361,#8362);
#8361 = CARTESIAN_POINT('',(2.037872456395,6.302289244186,-0.2));
#8362 = VECTOR('',#8363,1.);
#8363 = DIRECTION('',(0.,0.,1.));
#8364 = ORIENTED_EDGE('',*,*,#2392,.F.);
#8365 = ORIENTED_EDGE('',*,*,#8333,.F.);
#8366 = SURFACE_OF_LINEAR_EXTRUSION('',#8367,#8371);
#8367 = B_SPLINE_CURVE_WITH_KNOTS('',2,(#8368,#8369,#8370),
  .UNSPECIFIED.,.F.,.F.,(3,3),(0.,1.),.PIECEWISE_BEZIER_KNOTS.);
#8368 = CARTESIAN_POINT('',(2.037872456395,6.302289244186,-0.2));
#8369 = CARTESIAN_POINT('',(2.064852834302,6.267132994186,-0.2));
#8370 = CARTESIAN_POINT('',(2.122492732558,6.244158793605,-0.2));
#8371 = VECTOR('',#8372,1.);
#8372 = DIRECTION('',(-0.,-0.,-1.));
#8373 = ADVANCED_FACE('',(#8374),#8392,.F.);
#8374 = FACE_BOUND('',#8375,.F.);
#8375 = EDGE_LOOP('',(#8376,#8384,#8390,#8391));
#8376 = ORIENTED_EDGE('',*,*,#8377,.F.);
#8377 = EDGE_CURVE('',#8378,#8352,#8380,.T.);
#8378 = VERTEX_POINT('',#8379);
#8379 = CARTESIAN_POINT('',(2.010892078488,6.378651889535,-0.2));
#8380 = B_SPLINE_CURVE_WITH_KNOTS('',2,(#8381,#8382,#8383),
  .UNSPECIFIED.,.F.,.F.,(3,3),(0.,1.),.PIECEWISE_BEZIER_KNOTS.);
#8381 = CARTESIAN_POINT('',(2.010892078488,6.378651889535,-0.2));
#8382 = CARTESIAN_POINT('',(2.010892078488,6.336219113372,-0.2));
#8383 = CARTESIAN_POINT('',(2.037872456395,6.302289244186,-0.2));
#8384 = ORIENTED_EDGE('',*,*,#8385,.T.);
#8385 = EDGE_CURVE('',#8378,#2370,#8386,.T.);
#8386 = LINE('',#8387,#8388);
#8387 = CARTESIAN_POINT('',(2.010892078488,6.378651889535,-0.2));
#8388 = VECTOR('',#8389,1.);
#8389 = DIRECTION('',(0.,0.,1.));
#8390 = ORIENTED_EDGE('',*,*,#2382,.F.);
#8391 = ORIENTED_EDGE('',*,*,#8359,.F.);
#8392 = SURFACE_OF_LINEAR_EXTRUSION('',#8393,#8397);
#8393 = B_SPLINE_CURVE_WITH_KNOTS('',2,(#8394,#8395,#8396),
  .UNSPECIFIED.,.F.,.F.,(3,3),(0.,1.),.PIECEWISE_BEZIER_KNOTS.);
#8394 = CARTESIAN_POINT('',(2.010892078488,6.378651889535,-0.2));
#8395 = CARTESIAN_POINT('',(2.010892078488,6.336219113372,-0.2));
#8396 = CARTESIAN_POINT('',(2.037872456395,6.302289244186,-0.2));
#8397 = VECTOR('',#8398,1.);
#8398 = DIRECTION('',(-0.,-0.,-1.));
#8399 = ADVANCED_FACE('',(#8400),#8418,.F.);
#8400 = FACE_BOUND('',#8401,.F.);
#8401 = EDGE_LOOP('',(#8402,#8410,#8416,#8417));
#8402 = ORIENTED_EDGE('',*,*,#8403,.F.);
#8403 = EDGE_CURVE('',#8404,#8378,#8406,.T.);
#8404 = VERTEX_POINT('',#8405);
#8405 = CARTESIAN_POINT('',(2.075890261628,6.494912790698,-0.2));
#8406 = B_SPLINE_CURVE_WITH_KNOTS('',2,(#8407,#8408,#8409),
  .UNSPECIFIED.,.F.,.F.,(3,3),(0.,1.),.PIECEWISE_BEZIER_KNOTS.);
#8407 = CARTESIAN_POINT('',(2.075890261628,6.494912790698,-0.2));
#8408 = CARTESIAN_POINT('',(2.010892078488,6.445285247093,-0.2));
#8409 = CARTESIAN_POINT('',(2.010892078488,6.378651889535,-0.2));
#8410 = ORIENTED_EDGE('',*,*,#8411,.T.);
#8411 = EDGE_CURVE('',#8404,#2359,#8412,.T.);
#8412 = LINE('',#8413,#8414);
#8413 = CARTESIAN_POINT('',(2.075890261628,6.494912790698,-0.2));
#8414 = VECTOR('',#8415,1.);
#8415 = DIRECTION('',(0.,0.,1.));
#8416 = ORIENTED_EDGE('',*,*,#2369,.F.);
#8417 = ORIENTED_EDGE('',*,*,#8385,.F.);
#8418 = SURFACE_OF_LINEAR_EXTRUSION('',#8419,#8423);
#8419 = B_SPLINE_CURVE_WITH_KNOTS('',2,(#8420,#8421,#8422),
  .UNSPECIFIED.,.F.,.F.,(3,3),(0.,1.),.PIECEWISE_BEZIER_KNOTS.);
#8420 = CARTESIAN_POINT('',(2.075890261628,6.494912790698,-0.2));
#8421 = CARTESIAN_POINT('',(2.010892078488,6.445285247093,-0.2));
#8422 = CARTESIAN_POINT('',(2.010892078488,6.378651889535,-0.2));
#8423 = VECTOR('',#8424,1.);
#8424 = DIRECTION('',(-0.,-0.,-1.));
#8425 = ADVANCED_FACE('',(#8426),#8444,.F.);
#8426 = FACE_BOUND('',#8427,.F.);
#8427 = EDGE_LOOP('',(#8428,#8436,#8442,#8443));
#8428 = ORIENTED_EDGE('',*,*,#8429,.F.);
#8429 = EDGE_CURVE('',#8430,#8404,#8432,.T.);
#8430 = VERTEX_POINT('',#8431);
#8431 = CARTESIAN_POINT('',(2.292959665698,6.544622093023,-0.2));
#8432 = B_SPLINE_CURVE_WITH_KNOTS('',2,(#8433,#8434,#8435),
  .UNSPECIFIED.,.F.,.F.,(3,3),(0.,1.),.PIECEWISE_BEZIER_KNOTS.);
#8433 = CARTESIAN_POINT('',(2.292959665698,6.544622093023,-0.2));
#8434 = CARTESIAN_POINT('',(2.140888444767,6.544622093023,-0.2));
#8435 = CARTESIAN_POINT('',(2.075890261628,6.494912790698,-0.2));
#8436 = ORIENTED_EDGE('',*,*,#8437,.T.);
#8437 = EDGE_CURVE('',#8430,#2348,#8438,.T.);
#8438 = LINE('',#8439,#8440);
#8439 = CARTESIAN_POINT('',(2.292959665698,6.544622093023,-0.2));
#8440 = VECTOR('',#8441,1.);
#8441 = DIRECTION('',(0.,0.,1.));
#8442 = ORIENTED_EDGE('',*,*,#2358,.F.);
#8443 = ORIENTED_EDGE('',*,*,#8411,.F.);
#8444 = SURFACE_OF_LINEAR_EXTRUSION('',#8445,#8449);
#8445 = B_SPLINE_CURVE_WITH_KNOTS('',2,(#8446,#8447,#8448),
  .UNSPECIFIED.,.F.,.F.,(3,3),(0.,1.),.PIECEWISE_BEZIER_KNOTS.);
#8446 = CARTESIAN_POINT('',(2.292959665698,6.544622093023,-0.2));
#8447 = CARTESIAN_POINT('',(2.140888444767,6.544622093023,-0.2));
#8448 = CARTESIAN_POINT('',(2.075890261628,6.494912790698,-0.2));
#8449 = VECTOR('',#8450,1.);
#8450 = DIRECTION('',(-0.,-0.,-1.));
#8451 = ADVANCED_FACE('',(#8452),#8470,.F.);
#8452 = FACE_BOUND('',#8453,.F.);
#8453 = EDGE_LOOP('',(#8454,#8462,#8468,#8469));
#8454 = ORIENTED_EDGE('',*,*,#8455,.F.);
#8455 = EDGE_CURVE('',#8456,#8430,#8458,.T.);
#8456 = VERTEX_POINT('',#8457);
#8457 = CARTESIAN_POINT('',(2.492205668605,6.488208575581,-0.2));
#8458 = B_SPLINE_CURVE_WITH_KNOTS('',2,(#8459,#8460,#8461),
  .UNSPECIFIED.,.F.,.F.,(3,3),(0.,1.),.PIECEWISE_BEZIER_KNOTS.);
#8459 = CARTESIAN_POINT('',(2.492205668605,6.488208575581,-0.2));
#8460 = CARTESIAN_POINT('',(2.421729651163,6.544622093023,-0.2));
#8461 = CARTESIAN_POINT('',(2.292959665698,6.544622093023,-0.2));
#8462 = ORIENTED_EDGE('',*,*,#8463,.T.);
#8463 = EDGE_CURVE('',#8456,#2335,#8464,.T.);
#8464 = LINE('',#8465,#8466);
#8465 = CARTESIAN_POINT('',(2.492205668605,6.488208575581,-0.2));
#8466 = VECTOR('',#8467,1.);
#8467 = DIRECTION('',(0.,0.,1.));
#8468 = ORIENTED_EDGE('',*,*,#2347,.F.);
#8469 = ORIENTED_EDGE('',*,*,#8437,.F.);
#8470 = SURFACE_OF_LINEAR_EXTRUSION('',#8471,#8475);
#8471 = B_SPLINE_CURVE_WITH_KNOTS('',2,(#8472,#8473,#8474),
  .UNSPECIFIED.,.F.,.F.,(3,3),(0.,1.),.PIECEWISE_BEZIER_KNOTS.);
#8472 = CARTESIAN_POINT('',(2.492205668605,6.488208575581,-0.2));
#8473 = CARTESIAN_POINT('',(2.421729651163,6.544622093023,-0.2));
#8474 = CARTESIAN_POINT('',(2.292959665698,6.544622093023,-0.2));
#8475 = VECTOR('',#8476,1.);
#8476 = DIRECTION('',(-0.,-0.,-1.));
#8477 = ADVANCED_FACE('',(#8478),#8496,.F.);
#8478 = FACE_BOUND('',#8479,.F.);
#8479 = EDGE_LOOP('',(#8480,#8488,#8494,#8495));
#8480 = ORIENTED_EDGE('',*,*,#8481,.F.);
#8481 = EDGE_CURVE('',#8482,#8456,#8484,.T.);
#8482 = VERTEX_POINT('',#8483);
#8483 = CARTESIAN_POINT('',(2.577480014535,6.331395348837,-0.2));
#8484 = B_SPLINE_CURVE_WITH_KNOTS('',2,(#8485,#8486,#8487),
  .UNSPECIFIED.,.F.,.F.,(3,3),(0.,1.),.PIECEWISE_BEZIER_KNOTS.);
#8485 = CARTESIAN_POINT('',(2.577480014535,6.331395348837,-0.2));
#8486 = CARTESIAN_POINT('',(2.562763444767,6.43187681686,-0.2));
#8487 = CARTESIAN_POINT('',(2.492205668605,6.488208575581,-0.2));
#8488 = ORIENTED_EDGE('',*,*,#8489,.T.);
#8489 = EDGE_CURVE('',#8482,#2327,#8490,.T.);
#8490 = LINE('',#8491,#8492);
#8491 = CARTESIAN_POINT('',(2.577480014535,6.331395348837,-0.2));
#8492 = VECTOR('',#8493,1.);
#8493 = DIRECTION('',(0.,0.,1.));
#8494 = ORIENTED_EDGE('',*,*,#2334,.F.);
#8495 = ORIENTED_EDGE('',*,*,#8463,.F.);
#8496 = SURFACE_OF_LINEAR_EXTRUSION('',#8497,#8501);
#8497 = B_SPLINE_CURVE_WITH_KNOTS('',2,(#8498,#8499,#8500),
  .UNSPECIFIED.,.F.,.F.,(3,3),(0.,1.),.PIECEWISE_BEZIER_KNOTS.);
#8498 = CARTESIAN_POINT('',(2.577480014535,6.331395348837,-0.2));
#8499 = CARTESIAN_POINT('',(2.562763444767,6.43187681686,-0.2));
#8500 = CARTESIAN_POINT('',(2.492205668605,6.488208575581,-0.2));
#8501 = VECTOR('',#8502,1.);
#8502 = DIRECTION('',(-0.,-0.,-1.));
#8503 = ADVANCED_FACE('',(#8504),#8522,.F.);
#8504 = FACE_BOUND('',#8505,.F.);
#8505 = EDGE_LOOP('',(#8506,#8514,#8520,#8521));
#8506 = ORIENTED_EDGE('',*,*,#8507,.F.);
#8507 = EDGE_CURVE('',#8508,#8482,#8510,.T.);
#8508 = VERTEX_POINT('',#8509);
#8509 = CARTESIAN_POINT('',(2.793323037791,6.360828488372,-0.2));
#8510 = LINE('',#8511,#8512);
#8511 = CARTESIAN_POINT('',(2.793323037791,6.360828488372,-0.2));
#8512 = VECTOR('',#8513,1.);
#8513 = DIRECTION('',(-0.990830168044,-0.135113204733,0.));
#8514 = ORIENTED_EDGE('',*,*,#8515,.T.);
#8515 = EDGE_CURVE('',#8508,#2316,#8516,.T.);
#8516 = LINE('',#8517,#8518);
#8517 = CARTESIAN_POINT('',(2.793323037791,6.360828488372,-0.2));
#8518 = VECTOR('',#8519,1.);
#8519 = DIRECTION('',(0.,0.,1.));
#8520 = ORIENTED_EDGE('',*,*,#2326,.F.);
#8521 = ORIENTED_EDGE('',*,*,#8489,.F.);
#8522 = PLANE('',#8523);
#8523 = AXIS2_PLACEMENT_3D('',#8524,#8525,#8526);
#8524 = CARTESIAN_POINT('',(2.793323037791,6.360828488372,-0.2));
#8525 = DIRECTION('',(0.135113204733,-0.990830168044,0.));
#8526 = DIRECTION('',(-0.990830168044,-0.135113204733,0.));
#8527 = ADVANCED_FACE('',(#8528),#8546,.F.);
#8528 = FACE_BOUND('',#8529,.F.);
#8529 = EDGE_LOOP('',(#8530,#8538,#8544,#8545));
#8530 = ORIENTED_EDGE('',*,*,#8531,.F.);
#8531 = EDGE_CURVE('',#8532,#8508,#8534,.T.);
#8532 = VERTEX_POINT('',#8533);
#8533 = CARTESIAN_POINT('',(2.717287427326,6.564080668605,-0.2));
#8534 = B_SPLINE_CURVE_WITH_KNOTS('',2,(#8535,#8536,#8537),
  .UNSPECIFIED.,.F.,.F.,(3,3),(0.,1.),.PIECEWISE_BEZIER_KNOTS.);
#8535 = CARTESIAN_POINT('',(2.717287427326,6.564080668605,-0.2));
#8536 = CARTESIAN_POINT('',(2.772474563953,6.48812681686,-0.2));
#8537 = CARTESIAN_POINT('',(2.793323037791,6.360828488372,-0.2));
#8538 = ORIENTED_EDGE('',*,*,#8539,.T.);
#8539 = EDGE_CURVE('',#8532,#2305,#8540,.T.);
#8540 = LINE('',#8541,#8542);
#8541 = CARTESIAN_POINT('',(2.717287427326,6.564080668605,-0.2));
#8542 = VECTOR('',#8543,1.);
#8543 = DIRECTION('',(0.,0.,1.));
#8544 = ORIENTED_EDGE('',*,*,#2315,.F.);
#8545 = ORIENTED_EDGE('',*,*,#8515,.F.);
#8546 = SURFACE_OF_LINEAR_EXTRUSION('',#8547,#8551);
#8547 = B_SPLINE_CURVE_WITH_KNOTS('',2,(#8548,#8549,#8550),
  .UNSPECIFIED.,.F.,.F.,(3,3),(0.,1.),.PIECEWISE_BEZIER_KNOTS.);
#8548 = CARTESIAN_POINT('',(2.717287427326,6.564080668605,-0.2));
#8549 = CARTESIAN_POINT('',(2.772474563953,6.48812681686,-0.2));
#8550 = CARTESIAN_POINT('',(2.793323037791,6.360828488372,-0.2));
#8551 = VECTOR('',#8552,1.);
#8552 = DIRECTION('',(-0.,-0.,-1.));
#8553 = ADVANCED_FACE('',(#8554),#8572,.F.);
#8554 = FACE_BOUND('',#8555,.F.);
#8555 = EDGE_LOOP('',(#8556,#8564,#8570,#8571));
#8556 = ORIENTED_EDGE('',*,*,#8557,.F.);
#8557 = EDGE_CURVE('',#8558,#8532,#8560,.T.);
#8558 = VERTEX_POINT('',#8559);
#8559 = CARTESIAN_POINT('',(2.546166424419,6.684593023256,-0.2));
#8560 = B_SPLINE_CURVE_WITH_KNOTS('',2,(#8561,#8562,#8563),
  .UNSPECIFIED.,.F.,.F.,(3,3),(0.,1.),.PIECEWISE_BEZIER_KNOTS.);
#8561 = CARTESIAN_POINT('',(2.546166424419,6.684593023256,-0.2));
#8562 = CARTESIAN_POINT('',(2.662100290698,6.64011627907,-0.2));
#8563 = CARTESIAN_POINT('',(2.717287427326,6.564080668605,-0.2));
#8564 = ORIENTED_EDGE('',*,*,#8565,.T.);
#8565 = EDGE_CURVE('',#8558,#2294,#8566,.T.);
#8566 = LINE('',#8567,#8568);
#8567 = CARTESIAN_POINT('',(2.546166424419,6.684593023256,-0.2));
#8568 = VECTOR('',#8569,1.);
#8569 = DIRECTION('',(0.,0.,1.));
#8570 = ORIENTED_EDGE('',*,*,#2304,.F.);
#8571 = ORIENTED_EDGE('',*,*,#8539,.F.);
#8572 = SURFACE_OF_LINEAR_EXTRUSION('',#8573,#8577);
#8573 = B_SPLINE_CURVE_WITH_KNOTS('',2,(#8574,#8575,#8576),
  .UNSPECIFIED.,.F.,.F.,(3,3),(0.,1.),.PIECEWISE_BEZIER_KNOTS.);
#8574 = CARTESIAN_POINT('',(2.546166424419,6.684593023256,-0.2));
#8575 = CARTESIAN_POINT('',(2.662100290698,6.64011627907,-0.2));
#8576 = CARTESIAN_POINT('',(2.717287427326,6.564080668605,-0.2));
#8577 = VECTOR('',#8578,1.);
#8578 = DIRECTION('',(-0.,-0.,-1.));
#8579 = ADVANCED_FACE('',(#8580),#8598,.F.);
#8580 = FACE_BOUND('',#8581,.F.);
#8581 = EDGE_LOOP('',(#8582,#8590,#8596,#8597));
#8582 = ORIENTED_EDGE('',*,*,#8583,.F.);
#8583 = EDGE_CURVE('',#8584,#8558,#8586,.T.);
#8584 = VERTEX_POINT('',#8585);
#8585 = CARTESIAN_POINT('',(2.277016715116,6.729069767442,-0.2));
#8586 = B_SPLINE_CURVE_WITH_KNOTS('',2,(#8587,#8588,#8589),
  .UNSPECIFIED.,.F.,.F.,(3,3),(0.,1.),.PIECEWISE_BEZIER_KNOTS.);
#8587 = CARTESIAN_POINT('',(2.277016715116,6.729069767442,-0.2));
#8588 = CARTESIAN_POINT('',(2.43031431686,6.729069767442,-0.2));
#8589 = CARTESIAN_POINT('',(2.546166424419,6.684593023256,-0.2));
#8590 = ORIENTED_EDGE('',*,*,#8591,.T.);
#8591 = EDGE_CURVE('',#8584,#2284,#8592,.T.);
#8592 = LINE('',#8593,#8594);
#8593 = CARTESIAN_POINT('',(2.277016715116,6.729069767442,-0.2));
#8594 = VECTOR('',#8595,1.);
#8595 = DIRECTION('',(0.,0.,1.));
#8596 = ORIENTED_EDGE('',*,*,#2293,.F.);
#8597 = ORIENTED_EDGE('',*,*,#8565,.F.);
#8598 = SURFACE_OF_LINEAR_EXTRUSION('',#8599,#8603);
#8599 = B_SPLINE_CURVE_WITH_KNOTS('',2,(#8600,#8601,#8602),
  .UNSPECIFIED.,.F.,.F.,(3,3),(0.,1.),.PIECEWISE_BEZIER_KNOTS.);
#8600 = CARTESIAN_POINT('',(2.277016715116,6.729069767442,-0.2));
#8601 = CARTESIAN_POINT('',(2.43031431686,6.729069767442,-0.2));
#8602 = CARTESIAN_POINT('',(2.546166424419,6.684593023256,-0.2));
#8603 = VECTOR('',#8604,1.);
#8604 = DIRECTION('',(-0.,-0.,-1.));
#8605 = ADVANCED_FACE('',(#8606),#8624,.F.);
#8606 = FACE_BOUND('',#8607,.F.);
#8607 = EDGE_LOOP('',(#8608,#8616,#8622,#8623));
#8608 = ORIENTED_EDGE('',*,*,#8609,.F.);
#8609 = EDGE_CURVE('',#8610,#8584,#8612,.T.);
#8610 = VERTEX_POINT('',#8611);
#8611 = CARTESIAN_POINT('',(2.086273619186,6.702743459302,-0.2));
#8612 = B_SPLINE_CURVE_WITH_KNOTS('',2,(#8613,#8614,#8615),
  .UNSPECIFIED.,.F.,.F.,(3,3),(0.,1.),.PIECEWISE_BEZIER_KNOTS.);
#8613 = CARTESIAN_POINT('',(2.086273619186,6.702743459302,-0.2));
#8614 = CARTESIAN_POINT('',(2.175227107558,6.729069767442,-0.2));
#8615 = CARTESIAN_POINT('',(2.277016715116,6.729069767442,-0.2));
#8616 = ORIENTED_EDGE('',*,*,#8617,.T.);
#8617 = EDGE_CURVE('',#8610,#2274,#8618,.T.);
#8618 = LINE('',#8619,#8620);
#8619 = CARTESIAN_POINT('',(2.086273619186,6.702743459302,-0.2));
#8620 = VECTOR('',#8621,1.);
#8621 = DIRECTION('',(0.,0.,1.));
#8622 = ORIENTED_EDGE('',*,*,#2283,.F.);
#8623 = ORIENTED_EDGE('',*,*,#8591,.F.);
#8624 = SURFACE_OF_LINEAR_EXTRUSION('',#8625,#8629);
#8625 = B_SPLINE_CURVE_WITH_KNOTS('',2,(#8626,#8627,#8628),
  .UNSPECIFIED.,.F.,.F.,(3,3),(0.,1.),.PIECEWISE_BEZIER_KNOTS.);
#8626 = CARTESIAN_POINT('',(2.086273619186,6.702743459302,-0.2));
#8627 = CARTESIAN_POINT('',(2.175227107558,6.729069767442,-0.2));
#8628 = CARTESIAN_POINT('',(2.277016715116,6.729069767442,-0.2));
#8629 = VECTOR('',#8630,1.);
#8630 = DIRECTION('',(-0.,-0.,-1.));
#8631 = ADVANCED_FACE('',(#8632),#8650,.F.);
#8632 = FACE_BOUND('',#8633,.F.);
#8633 = EDGE_LOOP('',(#8634,#8642,#8648,#8649));
#8634 = ORIENTED_EDGE('',*,*,#8635,.F.);
#8635 = EDGE_CURVE('',#8636,#8610,#8638,.T.);
#8636 = VERTEX_POINT('',#8637);
#8637 = CARTESIAN_POINT('',(1.945893895349,6.638481104651,-0.2));
#8638 = B_SPLINE_CURVE_WITH_KNOTS('',2,(#8639,#8640,#8641),
  .UNSPECIFIED.,.F.,.F.,(3,3),(0.,1.),.PIECEWISE_BEZIER_KNOTS.);
#8639 = CARTESIAN_POINT('',(1.945893895349,6.638481104651,-0.2));
#8640 = CARTESIAN_POINT('',(1.997401889535,6.676417151163,-0.2));
#8641 = CARTESIAN_POINT('',(2.086273619186,6.702743459302,-0.2));
#8642 = ORIENTED_EDGE('',*,*,#8643,.T.);
#8643 = EDGE_CURVE('',#8636,#2264,#8644,.T.);
#8644 = LINE('',#8645,#8646);
#8645 = CARTESIAN_POINT('',(1.945893895349,6.638481104651,-0.2));
#8646 = VECTOR('',#8647,1.);
#8647 = DIRECTION('',(0.,0.,1.));
#8648 = ORIENTED_EDGE('',*,*,#2273,.F.);
#8649 = ORIENTED_EDGE('',*,*,#8617,.F.);
#8650 = SURFACE_OF_LINEAR_EXTRUSION('',#8651,#8655);
#8651 = B_SPLINE_CURVE_WITH_KNOTS('',2,(#8652,#8653,#8654),
  .UNSPECIFIED.,.F.,.F.,(3,3),(0.,1.),.PIECEWISE_BEZIER_KNOTS.);
#8652 = CARTESIAN_POINT('',(1.945893895349,6.638481104651,-0.2));
#8653 = CARTESIAN_POINT('',(1.997401889535,6.676417151163,-0.2));
#8654 = CARTESIAN_POINT('',(2.086273619186,6.702743459302,-0.2));
#8655 = VECTOR('',#8656,1.);
#8656 = DIRECTION('',(-0.,-0.,-1.));
#8657 = ADVANCED_FACE('',(#8658),#8676,.F.);
#8658 = FACE_BOUND('',#8659,.F.);
#8659 = EDGE_LOOP('',(#8660,#8668,#8674,#8675));
#8660 = ORIENTED_EDGE('',*,*,#8661,.F.);
#8661 = EDGE_CURVE('',#8662,#8636,#8664,.T.);
#8662 = VERTEX_POINT('',#8663);
#8663 = CARTESIAN_POINT('',(1.837318313953,6.515434229651,-0.2));
#8664 = B_SPLINE_CURVE_WITH_KNOTS('',2,(#8665,#8666,#8667),
  .UNSPECIFIED.,.F.,.F.,(3,3),(0.,1.),.PIECEWISE_BEZIER_KNOTS.);
#8665 = CARTESIAN_POINT('',(1.837318313953,6.515434229651,-0.2));
#8666 = CARTESIAN_POINT('',(1.877216569767,6.589507630814,-0.2));
#8667 = CARTESIAN_POINT('',(1.945893895349,6.638481104651,-0.2));
#8668 = ORIENTED_EDGE('',*,*,#8669,.T.);
#8669 = EDGE_CURVE('',#8662,#2254,#8670,.T.);
#8670 = LINE('',#8671,#8672);
#8671 = CARTESIAN_POINT('',(1.837318313953,6.515434229651,-0.2));
#8672 = VECTOR('',#8673,1.);
#8673 = DIRECTION('',(0.,0.,1.));
#8674 = ORIENTED_EDGE('',*,*,#2263,.F.);
#8675 = ORIENTED_EDGE('',*,*,#8643,.F.);
#8676 = SURFACE_OF_LINEAR_EXTRUSION('',#8677,#8681);
#8677 = B_SPLINE_CURVE_WITH_KNOTS('',2,(#8678,#8679,#8680),
  .UNSPECIFIED.,.F.,.F.,(3,3),(0.,1.),.PIECEWISE_BEZIER_KNOTS.);
#8678 = CARTESIAN_POINT('',(1.837318313953,6.515434229651,-0.2));
#8679 = CARTESIAN_POINT('',(1.877216569767,6.589507630814,-0.2));
#8680 = CARTESIAN_POINT('',(1.945893895349,6.638481104651,-0.2));
#8681 = VECTOR('',#8682,1.);
#8682 = DIRECTION('',(-0.,-0.,-1.));
#8683 = ADVANCED_FACE('',(#8684),#8702,.F.);
#8684 = FACE_BOUND('',#8685,.F.);
#8685 = EDGE_LOOP('',(#8686,#8694,#8700,#8701));
#8686 = ORIENTED_EDGE('',*,*,#8687,.F.);
#8687 = EDGE_CURVE('',#8688,#8662,#8690,.T.);
#8688 = VERTEX_POINT('',#8689);
#8689 = CARTESIAN_POINT('',(1.79750181686,6.35445130814,-0.2));
#8690 = B_SPLINE_CURVE_WITH_KNOTS('',2,(#8691,#8692,#8693),
  .UNSPECIFIED.,.F.,.F.,(3,3),(0.,1.),.PIECEWISE_BEZIER_KNOTS.);
#8691 = CARTESIAN_POINT('',(1.79750181686,6.35445130814,-0.2));
#8692 = CARTESIAN_POINT('',(1.79750181686,6.441360828488,-0.2));
#8693 = CARTESIAN_POINT('',(1.837318313953,6.515434229651,-0.2));
#8694 = ORIENTED_EDGE('',*,*,#8695,.T.);
#8695 = EDGE_CURVE('',#8688,#2244,#8696,.T.);
#8696 = LINE('',#8697,#8698);
#8697 = CARTESIAN_POINT('',(1.79750181686,6.35445130814,-0.2));
#8698 = VECTOR('',#8699,1.);
#8699 = DIRECTION('',(0.,0.,1.));
#8700 = ORIENTED_EDGE('',*,*,#2253,.F.);
#8701 = ORIENTED_EDGE('',*,*,#8669,.F.);
#8702 = SURFACE_OF_LINEAR_EXTRUSION('',#8703,#8707);
#8703 = B_SPLINE_CURVE_WITH_KNOTS('',2,(#8704,#8705,#8706),
  .UNSPECIFIED.,.F.,.F.,(3,3),(0.,1.),.PIECEWISE_BEZIER_KNOTS.);
#8704 = CARTESIAN_POINT('',(1.79750181686,6.35445130814,-0.2));
#8705 = CARTESIAN_POINT('',(1.79750181686,6.441360828488,-0.2));
#8706 = CARTESIAN_POINT('',(1.837318313953,6.515434229651,-0.2));
#8707 = VECTOR('',#8708,1.);
#8708 = DIRECTION('',(-0.,-0.,-1.));
#8709 = ADVANCED_FACE('',(#8710),#8728,.F.);
#8710 = FACE_BOUND('',#8711,.F.);
#8711 = EDGE_LOOP('',(#8712,#8720,#8726,#8727));
#8712 = ORIENTED_EDGE('',*,*,#8713,.F.);
#8713 = EDGE_CURVE('',#8714,#8688,#8716,.T.);
#8714 = VERTEX_POINT('',#8715);
#8715 = CARTESIAN_POINT('',(1.845902979651,6.179978197674,-0.2));
#8716 = B_SPLINE_CURVE_WITH_KNOTS('',2,(#8717,#8718,#8719),
  .UNSPECIFIED.,.F.,.F.,(3,3),(0.,1.),.PIECEWISE_BEZIER_KNOTS.);
#8717 = CARTESIAN_POINT('',(1.845902979651,6.179978197674,-0.2));
#8718 = CARTESIAN_POINT('',(1.79750181686,6.258957122093,-0.2));
#8719 = CARTESIAN_POINT('',(1.79750181686,6.35445130814,-0.2));
#8720 = ORIENTED_EDGE('',*,*,#8721,.T.);
#8721 = EDGE_CURVE('',#8714,#2231,#8722,.T.);
#8722 = LINE('',#8723,#8724);
#8723 = CARTESIAN_POINT('',(1.845902979651,6.179978197674,-0.2));
#8724 = VECTOR('',#8725,1.);
#8725 = DIRECTION('',(0.,0.,1.));
#8726 = ORIENTED_EDGE('',*,*,#2243,.F.);
#8727 = ORIENTED_EDGE('',*,*,#8695,.F.);
#8728 = SURFACE_OF_LINEAR_EXTRUSION('',#8729,#8733);
#8729 = B_SPLINE_CURVE_WITH_KNOTS('',2,(#8730,#8731,#8732),
  .UNSPECIFIED.,.F.,.F.,(3,3),(0.,1.),.PIECEWISE_BEZIER_KNOTS.);
#8730 = CARTESIAN_POINT('',(1.845902979651,6.179978197674,-0.2));
#8731 = CARTESIAN_POINT('',(1.79750181686,6.258957122093,-0.2));
#8732 = CARTESIAN_POINT('',(1.79750181686,6.35445130814,-0.2));
#8733 = VECTOR('',#8734,1.);
#8734 = DIRECTION('',(-0.,-0.,-1.));
#8735 = ADVANCED_FACE('',(#8736),#8754,.F.);
#8736 = FACE_BOUND('',#8737,.F.);
#8737 = EDGE_LOOP('',(#8738,#8746,#8752,#8753));
#8738 = ORIENTED_EDGE('',*,*,#8739,.F.);
#8739 = EDGE_CURVE('',#8740,#8714,#8742,.T.);
#8740 = VERTEX_POINT('',#8741);
#8741 = CARTESIAN_POINT('',(1.98816315407,6.056359011628,-0.2));
#8742 = B_SPLINE_CURVE_WITH_KNOTS('',2,(#8743,#8744,#8745),
  .UNSPECIFIED.,.F.,.F.,(3,3),(0.,1.),.PIECEWISE_BEZIER_KNOTS.);
#8743 = CARTESIAN_POINT('',(1.98816315407,6.056359011628,-0.2));
#8744 = CARTESIAN_POINT('',(1.894385901163,6.101081031977,-0.2));
#8745 = CARTESIAN_POINT('',(1.845902979651,6.179978197674,-0.2));
#8746 = ORIENTED_EDGE('',*,*,#8747,.T.);
#8747 = EDGE_CURVE('',#8740,#2219,#8748,.T.);
#8748 = LINE('',#8749,#8750);
#8749 = CARTESIAN_POINT('',(1.98816315407,6.056359011628,-0.2));
#8750 = VECTOR('',#8751,1.);
#8751 = DIRECTION('',(0.,0.,1.));
#8752 = ORIENTED_EDGE('',*,*,#2230,.F.);
#8753 = ORIENTED_EDGE('',*,*,#8721,.F.);
#8754 = SURFACE_OF_LINEAR_EXTRUSION('',#8755,#8759);
#8755 = B_SPLINE_CURVE_WITH_KNOTS('',2,(#8756,#8757,#8758),
  .UNSPECIFIED.,.F.,.F.,(3,3),(0.,1.),.PIECEWISE_BEZIER_KNOTS.);
#8756 = CARTESIAN_POINT('',(1.98816315407,6.056359011628,-0.2));
#8757 = CARTESIAN_POINT('',(1.894385901163,6.101081031977,-0.2));
#8758 = CARTESIAN_POINT('',(1.845902979651,6.179978197674,-0.2));
#8759 = VECTOR('',#8760,1.);
#8760 = DIRECTION('',(-0.,-0.,-1.));
#8761 = ADVANCED_FACE('',(#8762),#8780,.F.);
#8762 = FACE_BOUND('',#8763,.F.);
#8763 = EDGE_LOOP('',(#8764,#8772,#8778,#8779));
#8764 = ORIENTED_EDGE('',*,*,#8765,.F.);
#8765 = EDGE_CURVE('',#8766,#8740,#8768,.T.);
#8766 = VERTEX_POINT('',#8767);
#8767 = CARTESIAN_POINT('',(2.32484556686,5.950481468023,-0.2));
#8768 = B_SPLINE_CURVE_WITH_KNOTS('',2,(#8769,#8770,#8771),
  .UNSPECIFIED.,.F.,.F.,(3,3),(0.,1.),.PIECEWISE_BEZIER_KNOTS.);
#8769 = CARTESIAN_POINT('',(2.32484556686,5.950481468023,-0.2));
#8770 = CARTESIAN_POINT('',(2.082022165698,6.01171875,-0.2));
#8771 = CARTESIAN_POINT('',(1.98816315407,6.056359011628,-0.2));
#8772 = ORIENTED_EDGE('',*,*,#8773,.T.);
#8773 = EDGE_CURVE('',#8766,#2208,#8774,.T.);
#8774 = LINE('',#8775,#8776);
#8775 = CARTESIAN_POINT('',(2.32484556686,5.950481468023,-0.2));
#8776 = VECTOR('',#8777,1.);
#8777 = DIRECTION('',(0.,0.,1.));
#8778 = ORIENTED_EDGE('',*,*,#2218,.F.);
#8779 = ORIENTED_EDGE('',*,*,#8747,.F.);
#8780 = SURFACE_OF_LINEAR_EXTRUSION('',#8781,#8785);
#8781 = B_SPLINE_CURVE_WITH_KNOTS('',2,(#8782,#8783,#8784),
  .UNSPECIFIED.,.F.,.F.,(3,3),(0.,1.),.PIECEWISE_BEZIER_KNOTS.);
#8782 = CARTESIAN_POINT('',(2.32484556686,5.950481468023,-0.2));
#8783 = CARTESIAN_POINT('',(2.082022165698,6.01171875,-0.2));
#8784 = CARTESIAN_POINT('',(1.98816315407,6.056359011628,-0.2));
#8785 = VECTOR('',#8786,1.);
#8786 = DIRECTION('',(-0.,-0.,-1.));
#8787 = ADVANCED_FACE('',(#8788),#8806,.F.);
#8788 = FACE_BOUND('',#8789,.F.);
#8789 = EDGE_LOOP('',(#8790,#8798,#8804,#8805));
#8790 = ORIENTED_EDGE('',*,*,#8791,.F.);
#8791 = EDGE_CURVE('',#8792,#8766,#8794,.T.);
#8792 = VERTEX_POINT('',#8793);
#8793 = CARTESIAN_POINT('',(2.550499636628,5.877062136628,-0.2));
#8794 = B_SPLINE_CURVE_WITH_KNOTS('',2,(#8795,#8796,#8797),
  .UNSPECIFIED.,.F.,.F.,(3,3),(0.,1.),.PIECEWISE_BEZIER_KNOTS.);
#8795 = CARTESIAN_POINT('',(2.550499636628,5.877062136628,-0.2));
#8796 = CARTESIAN_POINT('',(2.505123546512,5.906004723837,-0.2));
#8797 = CARTESIAN_POINT('',(2.32484556686,5.950481468023,-0.2));
#8798 = ORIENTED_EDGE('',*,*,#8799,.T.);
#8799 = EDGE_CURVE('',#8792,#2195,#8800,.T.);
#8800 = LINE('',#8801,#8802);
#8801 = CARTESIAN_POINT('',(2.550499636628,5.877062136628,-0.2));
#8802 = VECTOR('',#8803,1.);
#8803 = DIRECTION('',(0.,0.,1.));
#8804 = ORIENTED_EDGE('',*,*,#2207,.F.);
#8805 = ORIENTED_EDGE('',*,*,#8773,.F.);
#8806 = SURFACE_OF_LINEAR_EXTRUSION('',#8807,#8811);
#8807 = B_SPLINE_CURVE_WITH_KNOTS('',2,(#8808,#8809,#8810),
  .UNSPECIFIED.,.F.,.F.,(3,3),(0.,1.),.PIECEWISE_BEZIER_KNOTS.);
#8808 = CARTESIAN_POINT('',(2.550499636628,5.877062136628,-0.2));
#8809 = CARTESIAN_POINT('',(2.505123546512,5.906004723837,-0.2));
#8810 = CARTESIAN_POINT('',(2.32484556686,5.950481468023,-0.2));
#8811 = VECTOR('',#8812,1.);
#8812 = DIRECTION('',(-0.,-0.,-1.));
#8813 = ADVANCED_FACE('',(#8814),#8832,.F.);
#8814 = FACE_BOUND('',#8815,.F.);
#8815 = EDGE_LOOP('',(#8816,#8824,#8830,#8831));
#8816 = ORIENTED_EDGE('',*,*,#8817,.F.);
#8817 = EDGE_CURVE('',#8818,#8792,#8820,.T.);
#8818 = VERTEX_POINT('',#8819);
#8819 = CARTESIAN_POINT('',(2.615497819767,5.761618822674,-0.2));
#8820 = B_SPLINE_CURVE_WITH_KNOTS('',2,(#8821,#8822,#8823),
  .UNSPECIFIED.,.F.,.F.,(3,3),(0.,1.),.PIECEWISE_BEZIER_KNOTS.);
#8821 = CARTESIAN_POINT('',(2.615497819767,5.761618822674,-0.2));
#8822 = CARTESIAN_POINT('',(2.615497819767,5.834956395349,-0.2));
#8823 = CARTESIAN_POINT('',(2.550499636628,5.877062136628,-0.2));
#8824 = ORIENTED_EDGE('',*,*,#8825,.T.);
#8825 = EDGE_CURVE('',#8818,#2182,#8826,.T.);
#8826 = LINE('',#8827,#8828);
#8827 = CARTESIAN_POINT('',(2.615497819767,5.761618822674,-0.2));
#8828 = VECTOR('',#8829,1.);
#8829 = DIRECTION('',(0.,0.,1.));
#8830 = ORIENTED_EDGE('',*,*,#2194,.F.);
#8831 = ORIENTED_EDGE('',*,*,#8799,.F.);
#8832 = SURFACE_OF_LINEAR_EXTRUSION('',#8833,#8837);
#8833 = B_SPLINE_CURVE_WITH_KNOTS('',2,(#8834,#8835,#8836),
  .UNSPECIFIED.,.F.,.F.,(3,3),(0.,1.),.PIECEWISE_BEZIER_KNOTS.);
#8834 = CARTESIAN_POINT('',(2.615497819767,5.761618822674,-0.2));
#8835 = CARTESIAN_POINT('',(2.615497819767,5.834956395349,-0.2));
#8836 = CARTESIAN_POINT('',(2.550499636628,5.877062136628,-0.2));
#8837 = VECTOR('',#8838,1.);
#8838 = DIRECTION('',(-0.,-0.,-1.));
#8839 = ADVANCED_FACE('',(#8840),#8858,.F.);
#8840 = FACE_BOUND('',#8841,.F.);
#8841 = EDGE_LOOP('',(#8842,#8850,#8856,#8857));
#8842 = ORIENTED_EDGE('',*,*,#8843,.F.);
#8843 = EDGE_CURVE('',#8844,#8818,#8846,.T.);
#8844 = VERTEX_POINT('',#8845);
#8845 = CARTESIAN_POINT('',(2.54191497093,5.619031613372,-0.2));
#8846 = B_SPLINE_CURVE_WITH_KNOTS('',2,(#8847,#8848,#8849),
  .UNSPECIFIED.,.F.,.F.,(3,3),(0.,1.),.PIECEWISE_BEZIER_KNOTS.);
#8847 = CARTESIAN_POINT('',(2.54191497093,5.619031613372,-0.2));
#8848 = CARTESIAN_POINT('',(2.615497819767,5.679778343023,-0.2));
#8849 = CARTESIAN_POINT('',(2.615497819767,5.761618822674,-0.2));
#8850 = ORIENTED_EDGE('',*,*,#8851,.T.);
#8851 = EDGE_CURVE('',#8844,#2171,#8852,.T.);
#8852 = LINE('',#8853,#8854);
#8853 = CARTESIAN_POINT('',(2.54191497093,5.619031613372,-0.2));
#8854 = VECTOR('',#8855,1.);
#8855 = DIRECTION('',(0.,0.,1.));
#8856 = ORIENTED_EDGE('',*,*,#2181,.F.);
#8857 = ORIENTED_EDGE('',*,*,#8825,.F.);
#8858 = SURFACE_OF_LINEAR_EXTRUSION('',#8859,#8863);
#8859 = B_SPLINE_CURVE_WITH_KNOTS('',2,(#8860,#8861,#8862),
  .UNSPECIFIED.,.F.,.F.,(3,3),(0.,1.),.PIECEWISE_BEZIER_KNOTS.);
#8860 = CARTESIAN_POINT('',(2.54191497093,5.619031613372,-0.2));
#8861 = CARTESIAN_POINT('',(2.615497819767,5.679778343023,-0.2));
#8862 = CARTESIAN_POINT('',(2.615497819767,5.761618822674,-0.2));
#8863 = VECTOR('',#8864,1.);
#8864 = DIRECTION('',(-0.,-0.,-1.));
#8865 = ADVANCED_FACE('',(#8866),#8884,.F.);
#8866 = FACE_BOUND('',#8867,.F.);
#8867 = EDGE_LOOP('',(#8868,#8876,#8882,#8883));
#8868 = ORIENTED_EDGE('',*,*,#8869,.F.);
#8869 = EDGE_CURVE('',#8870,#8844,#8872,.T.);
#8870 = VERTEX_POINT('',#8871);
#8871 = CARTESIAN_POINT('',(2.316260901163,5.558284883721,-0.2));
#8872 = B_SPLINE_CURVE_WITH_KNOTS('',2,(#8873,#8874,#8875),
  .UNSPECIFIED.,.F.,.F.,(3,3),(0.,1.),.PIECEWISE_BEZIER_KNOTS.);
#8873 = CARTESIAN_POINT('',(2.316260901163,5.558284883721,-0.2));
#8874 = CARTESIAN_POINT('',(2.468332122093,5.558284883721,-0.2));
#8875 = CARTESIAN_POINT('',(2.54191497093,5.619031613372,-0.2));
#8876 = ORIENTED_EDGE('',*,*,#8877,.T.);
#8877 = EDGE_CURVE('',#8870,#2160,#8878,.T.);
#8878 = LINE('',#8879,#8880);
#8879 = CARTESIAN_POINT('',(2.316260901163,5.558284883721,-0.2));
#8880 = VECTOR('',#8881,1.);
#8881 = DIRECTION('',(0.,0.,1.));
#8882 = ORIENTED_EDGE('',*,*,#2170,.F.);
#8883 = ORIENTED_EDGE('',*,*,#8851,.F.);
#8884 = SURFACE_OF_LINEAR_EXTRUSION('',#8885,#8889);
#8885 = B_SPLINE_CURVE_WITH_KNOTS('',2,(#8886,#8887,#8888),
  .UNSPECIFIED.,.F.,.F.,(3,3),(0.,1.),.PIECEWISE_BEZIER_KNOTS.);
#8886 = CARTESIAN_POINT('',(2.316260901163,5.558284883721,-0.2));
#8887 = CARTESIAN_POINT('',(2.468332122093,5.558284883721,-0.2));
#8888 = CARTESIAN_POINT('',(2.54191497093,5.619031613372,-0.2));
#8889 = VECTOR('',#8890,1.);
#8890 = DIRECTION('',(-0.,-0.,-1.));
#8891 = ADVANCED_FACE('',(#8892),#8910,.F.);
#8892 = FACE_BOUND('',#8893,.F.);
#8893 = EDGE_LOOP('',(#8894,#8902,#8908,#8909));
#8894 = ORIENTED_EDGE('',*,*,#8895,.F.);
#8895 = EDGE_CURVE('',#8896,#8870,#8898,.T.);
#8896 = VERTEX_POINT('',#8897);
#8897 = CARTESIAN_POINT('',(2.08136809593,5.62671693314,-0.2));
#8898 = B_SPLINE_CURVE_WITH_KNOTS('',2,(#8899,#8900,#8901),
  .UNSPECIFIED.,.F.,.F.,(3,3),(0.,1.),.PIECEWISE_BEZIER_KNOTS.);
#8899 = CARTESIAN_POINT('',(2.08136809593,5.62671693314,-0.2));
#8900 = CARTESIAN_POINT('',(2.165416061047,5.558284883721,-0.2));
#8901 = CARTESIAN_POINT('',(2.316260901163,5.558284883721,-0.2));
#8902 = ORIENTED_EDGE('',*,*,#8903,.T.);
#8903 = EDGE_CURVE('',#8896,#2145,#8904,.T.);
#8904 = LINE('',#8905,#8906);
#8905 = CARTESIAN_POINT('',(2.08136809593,5.62671693314,-0.2));
#8906 = VECTOR('',#8907,1.);
#8907 = DIRECTION('',(0.,0.,1.));
#8908 = ORIENTED_EDGE('',*,*,#2159,.F.);
#8909 = ORIENTED_EDGE('',*,*,#8877,.F.);
#8910 = SURFACE_OF_LINEAR_EXTRUSION('',#8911,#8915);
#8911 = B_SPLINE_CURVE_WITH_KNOTS('',2,(#8912,#8913,#8914),
  .UNSPECIFIED.,.F.,.F.,(3,3),(0.,1.),.PIECEWISE_BEZIER_KNOTS.);
#8912 = CARTESIAN_POINT('',(2.08136809593,5.62671693314,-0.2));
#8913 = CARTESIAN_POINT('',(2.165416061047,5.558284883721,-0.2));
#8914 = CARTESIAN_POINT('',(2.316260901163,5.558284883721,-0.2));
#8915 = VECTOR('',#8916,1.);
#8916 = DIRECTION('',(-0.,-0.,-1.));
#8917 = ADVANCED_FACE('',(#8918),#8929,.F.);
#8918 = FACE_BOUND('',#8919,.F.);
#8919 = EDGE_LOOP('',(#8920,#8926,#8927,#8928));
#8920 = ORIENTED_EDGE('',*,*,#8921,.F.);
#8921 = EDGE_CURVE('',#8089,#8896,#8922,.T.);
#8922 = B_SPLINE_CURVE_WITH_KNOTS('',2,(#8923,#8924,#8925),
  .UNSPECIFIED.,.F.,.F.,(3,3),(0.,1.),.PIECEWISE_BEZIER_KNOTS.);
#8923 = CARTESIAN_POINT('',(1.979006177326,5.823837209302,-0.2));
#8924 = CARTESIAN_POINT('',(1.997401889535,5.695230741279,-0.2));
#8925 = CARTESIAN_POINT('',(2.08136809593,5.62671693314,-0.2));
#8926 = ORIENTED_EDGE('',*,*,#8103,.T.);
#8927 = ORIENTED_EDGE('',*,*,#2144,.F.);
#8928 = ORIENTED_EDGE('',*,*,#8903,.F.);
#8929 = SURFACE_OF_LINEAR_EXTRUSION('',#8930,#8934);
#8930 = B_SPLINE_CURVE_WITH_KNOTS('',2,(#8931,#8932,#8933),
  .UNSPECIFIED.,.F.,.F.,(3,3),(0.,1.),.PIECEWISE_BEZIER_KNOTS.);
#8931 = CARTESIAN_POINT('',(1.979006177326,5.823837209302,-0.2));
#8932 = CARTESIAN_POINT('',(1.997401889535,5.695230741279,-0.2));
#8933 = CARTESIAN_POINT('',(2.08136809593,5.62671693314,-0.2));
#8934 = VECTOR('',#8935,1.);
#8935 = DIRECTION('',(-0.,-0.,-1.));
#8936 = ADVANCED_FACE('',(#8937),#8962,.F.);
#8937 = FACE_BOUND('',#8938,.F.);
#8938 = EDGE_LOOP('',(#8939,#8949,#8955,#8956));
#8939 = ORIENTED_EDGE('',*,*,#8940,.F.);
#8940 = EDGE_CURVE('',#8941,#8943,#8945,.T.);
#8941 = VERTEX_POINT('',#8942);
#8942 = CARTESIAN_POINT('',(3.01652434593,5.789498546512,-0.2));
#8943 = VERTEX_POINT('',#8944);
#8944 = CARTESIAN_POINT('',(3.234820130814,5.823837209302,-0.2));
#8945 = LINE('',#8946,#8947);
#8946 = CARTESIAN_POINT('',(3.01652434593,5.789498546512,-0.2));
#8947 = VECTOR('',#8948,1.);
#8948 = DIRECTION('',(0.987852796582,0.155392574743,0.));
#8949 = ORIENTED_EDGE('',*,*,#8950,.T.);
#8950 = EDGE_CURVE('',#8941,#2514,#8951,.T.);
#8951 = LINE('',#8952,#8953);
#8952 = CARTESIAN_POINT('',(3.01652434593,5.789498546512,-0.2));
#8953 = VECTOR('',#8954,1.);
#8954 = DIRECTION('',(0.,0.,1.));
#8955 = ORIENTED_EDGE('',*,*,#2511,.F.);
#8956 = ORIENTED_EDGE('',*,*,#8957,.F.);
#8957 = EDGE_CURVE('',#8943,#2512,#8958,.T.);
#8958 = LINE('',#8959,#8960);
#8959 = CARTESIAN_POINT('',(3.234820130814,5.823837209302,-0.2));
#8960 = VECTOR('',#8961,1.);
#8961 = DIRECTION('',(0.,0.,1.));
#8962 = PLANE('',#8963);
#8963 = AXIS2_PLACEMENT_3D('',#8964,#8965,#8966);
#8964 = CARTESIAN_POINT('',(3.01652434593,5.789498546512,-0.2));
#8965 = DIRECTION('',(-0.155392574743,0.987852796582,0.));
#8966 = DIRECTION('',(0.987852796582,0.155392574743,0.));
#8967 = ADVANCED_FACE('',(#8968),#8986,.F.);
#8968 = FACE_BOUND('',#8969,.F.);
#8969 = EDGE_LOOP('',(#8970,#8978,#8984,#8985));
#8970 = ORIENTED_EDGE('',*,*,#8971,.F.);
#8971 = EDGE_CURVE('',#8972,#8941,#8974,.T.);
#8972 = VERTEX_POINT('',#8973);
#8973 = CARTESIAN_POINT('',(3.186337209302,5.478651889535,-0.2));
#8974 = B_SPLINE_CURVE_WITH_KNOTS('',2,(#8975,#8976,#8977),
  .UNSPECIFIED.,.F.,.F.,(3,3),(0.,1.),.PIECEWISE_BEZIER_KNOTS.);
#8975 = CARTESIAN_POINT('',(3.186337209302,5.478651889535,-0.2));
#8976 = CARTESIAN_POINT('',(3.053315770349,5.583466569767,-0.2));
#8977 = CARTESIAN_POINT('',(3.01652434593,5.789498546512,-0.2));
#8978 = ORIENTED_EDGE('',*,*,#8979,.T.);
#8979 = EDGE_CURVE('',#8972,#2862,#8980,.T.);
#8980 = LINE('',#8981,#8982);
#8981 = CARTESIAN_POINT('',(3.186337209302,5.478651889535,-0.2));
#8982 = VECTOR('',#8983,1.);
#8983 = DIRECTION('',(0.,0.,1.));
#8984 = ORIENTED_EDGE('',*,*,#2873,.F.);
#8985 = ORIENTED_EDGE('',*,*,#8950,.F.);
#8986 = SURFACE_OF_LINEAR_EXTRUSION('',#8987,#8991);
#8987 = B_SPLINE_CURVE_WITH_KNOTS('',2,(#8988,#8989,#8990),
  .UNSPECIFIED.,.F.,.F.,(3,3),(0.,1.),.PIECEWISE_BEZIER_KNOTS.);
#8988 = CARTESIAN_POINT('',(3.186337209302,5.478651889535,-0.2));
#8989 = CARTESIAN_POINT('',(3.053315770349,5.583466569767,-0.2));
#8990 = CARTESIAN_POINT('',(3.01652434593,5.789498546512,-0.2));
#8991 = VECTOR('',#8992,1.);
#8992 = DIRECTION('',(-0.,-0.,-1.));
#8993 = ADVANCED_FACE('',(#8994),#9012,.F.);
#8994 = FACE_BOUND('',#8995,.F.);
#8995 = EDGE_LOOP('',(#8996,#9004,#9010,#9011));
#8996 = ORIENTED_EDGE('',*,*,#8997,.F.);
#8997 = EDGE_CURVE('',#8998,#8972,#9000,.T.);
#8998 = VERTEX_POINT('',#8999);
#8999 = CARTESIAN_POINT('',(3.573301235465,5.373837209302,-0.2));
#9000 = B_SPLINE_CURVE_WITH_KNOTS('',2,(#9001,#9002,#9003),
  .UNSPECIFIED.,.F.,.F.,(3,3),(0.,1.),.PIECEWISE_BEZIER_KNOTS.);
#9001 = CARTESIAN_POINT('',(3.573301235465,5.373837209302,-0.2));
#9002 = CARTESIAN_POINT('',(3.319440406977,5.373837209302,-0.2));
#9003 = CARTESIAN_POINT('',(3.186337209302,5.478651889535,-0.2));
#9004 = ORIENTED_EDGE('',*,*,#9005,.T.);
#9005 = EDGE_CURVE('',#8998,#2851,#9006,.T.);
#9006 = LINE('',#9007,#9008);
#9007 = CARTESIAN_POINT('',(3.573301235465,5.373837209302,-0.2));
#9008 = VECTOR('',#9009,1.);
#9009 = DIRECTION('',(0.,0.,1.));
#9010 = ORIENTED_EDGE('',*,*,#2861,.F.);
#9011 = ORIENTED_EDGE('',*,*,#8979,.F.);
#9012 = SURFACE_OF_LINEAR_EXTRUSION('',#9013,#9017);
#9013 = B_SPLINE_CURVE_WITH_KNOTS('',2,(#9014,#9015,#9016),
  .UNSPECIFIED.,.F.,.F.,(3,3),(0.,1.),.PIECEWISE_BEZIER_KNOTS.);
#9014 = CARTESIAN_POINT('',(3.573301235465,5.373837209302,-0.2));
#9015 = CARTESIAN_POINT('',(3.319440406977,5.373837209302,-0.2));
#9016 = CARTESIAN_POINT('',(3.186337209302,5.478651889535,-0.2));
#9017 = VECTOR('',#9018,1.);
#9018 = DIRECTION('',(-0.,-0.,-1.));
#9019 = ADVANCED_FACE('',(#9020),#9038,.F.);
#9020 = FACE_BOUND('',#9021,.F.);
#9021 = EDGE_LOOP('',(#9022,#9030,#9036,#9037));
#9022 = ORIENTED_EDGE('',*,*,#9023,.F.);
#9023 = EDGE_CURVE('',#9024,#8998,#9026,.T.);
#9024 = VERTEX_POINT('',#9025);
#9025 = CARTESIAN_POINT('',(3.848010537791,5.426898619186,-0.2));
#9026 = B_SPLINE_CURVE_WITH_KNOTS('',2,(#9027,#9028,#9029),
  .UNSPECIFIED.,.F.,.F.,(3,3),(0.,1.),.PIECEWISE_BEZIER_KNOTS.);
#9027 = CARTESIAN_POINT('',(3.848010537791,5.426898619186,-0.2));
#9028 = CARTESIAN_POINT('',(3.726598837209,5.373837209302,-0.2));
#9029 = CARTESIAN_POINT('',(3.573301235465,5.373837209302,-0.2));
#9030 = ORIENTED_EDGE('',*,*,#9031,.T.);
#9031 = EDGE_CURVE('',#9024,#2840,#9032,.T.);
#9032 = LINE('',#9033,#9034);
#9033 = CARTESIAN_POINT('',(3.848010537791,5.426898619186,-0.2));
#9034 = VECTOR('',#9035,1.);
#9035 = DIRECTION('',(0.,0.,1.));
#9036 = ORIENTED_EDGE('',*,*,#2850,.F.);
#9037 = ORIENTED_EDGE('',*,*,#9005,.F.);
#9038 = SURFACE_OF_LINEAR_EXTRUSION('',#9039,#9043);
#9039 = B_SPLINE_CURVE_WITH_KNOTS('',2,(#9040,#9041,#9042),
  .UNSPECIFIED.,.F.,.F.,(3,3),(0.,1.),.PIECEWISE_BEZIER_KNOTS.);
#9040 = CARTESIAN_POINT('',(3.848010537791,5.426898619186,-0.2));
#9041 = CARTESIAN_POINT('',(3.726598837209,5.373837209302,-0.2));
#9042 = CARTESIAN_POINT('',(3.573301235465,5.373837209302,-0.2));
#9043 = VECTOR('',#9044,1.);
#9044 = DIRECTION('',(-0.,-0.,-1.));
#9045 = ADVANCED_FACE('',(#9046),#9064,.F.);
#9046 = FACE_BOUND('',#9047,.F.);
#9047 = EDGE_LOOP('',(#9048,#9056,#9062,#9063));
#9048 = ORIENTED_EDGE('',*,*,#9049,.F.);
#9049 = EDGE_CURVE('',#9050,#9024,#9052,.T.);
#9050 = VERTEX_POINT('',#9051);
#9051 = CARTESIAN_POINT('',(4.033766351744,5.576844113372,-0.2));
#9052 = B_SPLINE_CURVE_WITH_KNOTS('',2,(#9053,#9054,#9055),
  .UNSPECIFIED.,.F.,.F.,(3,3),(0.,1.),.PIECEWISE_BEZIER_KNOTS.);
#9053 = CARTESIAN_POINT('',(4.033766351744,5.576844113372,-0.2));
#9054 = CARTESIAN_POINT('',(3.969422238372,5.47996002907,-0.2));
#9055 = CARTESIAN_POINT('',(3.848010537791,5.426898619186,-0.2));
#9056 = ORIENTED_EDGE('',*,*,#9057,.T.);
#9057 = EDGE_CURVE('',#9050,#2827,#9058,.T.);
#9058 = LINE('',#9059,#9060);
#9059 = CARTESIAN_POINT('',(4.033766351744,5.576844113372,-0.2));
#9060 = VECTOR('',#9061,1.);
#9061 = DIRECTION('',(0.,0.,1.));
#9062 = ORIENTED_EDGE('',*,*,#2839,.F.);
#9063 = ORIENTED_EDGE('',*,*,#9031,.F.);
#9064 = SURFACE_OF_LINEAR_EXTRUSION('',#9065,#9069);
#9065 = B_SPLINE_CURVE_WITH_KNOTS('',2,(#9066,#9067,#9068),
  .UNSPECIFIED.,.F.,.F.,(3,3),(0.,1.),.PIECEWISE_BEZIER_KNOTS.);
#9066 = CARTESIAN_POINT('',(4.033766351744,5.576844113372,-0.2));
#9067 = CARTESIAN_POINT('',(3.969422238372,5.47996002907,-0.2));
#9068 = CARTESIAN_POINT('',(3.848010537791,5.426898619186,-0.2));
#9069 = VECTOR('',#9070,1.);
#9070 = DIRECTION('',(-0.,-0.,-1.));
#9071 = ADVANCED_FACE('',(#9072),#9090,.F.);
#9072 = FACE_BOUND('',#9073,.F.);
#9073 = EDGE_LOOP('',(#9074,#9082,#9088,#9089));
#9074 = ORIENTED_EDGE('',*,*,#9075,.F.);
#9075 = EDGE_CURVE('',#9076,#9050,#9078,.T.);
#9076 = VERTEX_POINT('',#9077);
#9077 = CARTESIAN_POINT('',(4.098192223837,5.783530159884,-0.2));
#9078 = B_SPLINE_CURVE_WITH_KNOTS('',2,(#9079,#9080,#9081),
  .UNSPECIFIED.,.F.,.F.,(3,3),(0.,1.),.PIECEWISE_BEZIER_KNOTS.);
#9079 = CARTESIAN_POINT('',(4.098192223837,5.783530159884,-0.2));
#9080 = CARTESIAN_POINT('',(4.098192223837,5.673809956395,-0.2));
#9081 = CARTESIAN_POINT('',(4.033766351744,5.576844113372,-0.2));
#9082 = ORIENTED_EDGE('',*,*,#9083,.T.);
#9083 = EDGE_CURVE('',#9076,#2816,#9084,.T.);
#9084 = LINE('',#9085,#9086);
#9085 = CARTESIAN_POINT('',(4.098192223837,5.783530159884,-0.2));
#9086 = VECTOR('',#9087,1.);
#9087 = DIRECTION('',(0.,0.,1.));
#9088 = ORIENTED_EDGE('',*,*,#2826,.F.);
#9089 = ORIENTED_EDGE('',*,*,#9057,.F.);
#9090 = SURFACE_OF_LINEAR_EXTRUSION('',#9091,#9095);
#9091 = B_SPLINE_CURVE_WITH_KNOTS('',2,(#9092,#9093,#9094),
  .UNSPECIFIED.,.F.,.F.,(3,3),(0.,1.),.PIECEWISE_BEZIER_KNOTS.);
#9092 = CARTESIAN_POINT('',(4.098192223837,5.783530159884,-0.2));
#9093 = CARTESIAN_POINT('',(4.098192223837,5.673809956395,-0.2));
#9094 = CARTESIAN_POINT('',(4.033766351744,5.576844113372,-0.2));
#9095 = VECTOR('',#9096,1.);
#9096 = DIRECTION('',(-0.,-0.,-1.));
#9097 = ADVANCED_FACE('',(#9098),#9116,.F.);
#9098 = FACE_BOUND('',#9099,.F.);
#9099 = EDGE_LOOP('',(#9100,#9108,#9114,#9115));
#9100 = ORIENTED_EDGE('',*,*,#9101,.F.);
#9101 = EDGE_CURVE('',#9102,#9076,#9104,.T.);
#9102 = VERTEX_POINT('',#9103);
#9103 = CARTESIAN_POINT('',(4.045457848837,5.97132994186,-0.2));
#9104 = B_SPLINE_CURVE_WITH_KNOTS('',2,(#9105,#9106,#9107),
  .UNSPECIFIED.,.F.,.F.,(3,3),(0.,1.),.PIECEWISE_BEZIER_KNOTS.);
#9105 = CARTESIAN_POINT('',(4.045457848837,5.97132994186,-0.2));
#9106 = CARTESIAN_POINT('',(4.098192223837,5.895703125,-0.2));
#9107 = CARTESIAN_POINT('',(4.098192223837,5.783530159884,-0.2));
#9108 = ORIENTED_EDGE('',*,*,#9109,.T.);
#9109 = EDGE_CURVE('',#9102,#2803,#9110,.T.);
#9110 = LINE('',#9111,#9112);
#9111 = CARTESIAN_POINT('',(4.045457848837,5.97132994186,-0.2));
#9112 = VECTOR('',#9113,1.);
#9113 = DIRECTION('',(0.,0.,1.));
#9114 = ORIENTED_EDGE('',*,*,#2815,.F.);
#9115 = ORIENTED_EDGE('',*,*,#9083,.F.);
#9116 = SURFACE_OF_LINEAR_EXTRUSION('',#9117,#9121);
#9117 = B_SPLINE_CURVE_WITH_KNOTS('',2,(#9118,#9119,#9120),
  .UNSPECIFIED.,.F.,.F.,(3,3),(0.,1.),.PIECEWISE_BEZIER_KNOTS.);
#9118 = CARTESIAN_POINT('',(4.045457848837,5.97132994186,-0.2));
#9119 = CARTESIAN_POINT('',(4.098192223837,5.895703125,-0.2));
#9120 = CARTESIAN_POINT('',(4.098192223837,5.783530159884,-0.2));
#9121 = VECTOR('',#9122,1.);
#9122 = DIRECTION('',(-0.,-0.,-1.));
#9123 = ADVANCED_FACE('',(#9124),#9142,.F.);
#9124 = FACE_BOUND('',#9125,.F.);
#9125 = EDGE_LOOP('',(#9126,#9134,#9140,#9141));
#9126 = ORIENTED_EDGE('',*,*,#9127,.F.);
#9127 = EDGE_CURVE('',#9128,#9102,#9130,.T.);
#9128 = VERTEX_POINT('',#9129);
#9129 = CARTESIAN_POINT('',(3.900090843023,6.086527979651,-0.2));
#9130 = B_SPLINE_CURVE_WITH_KNOTS('',2,(#9131,#9132,#9133),
  .UNSPECIFIED.,.F.,.F.,(3,3),(0.,1.),.PIECEWISE_BEZIER_KNOTS.);
#9131 = CARTESIAN_POINT('',(3.900090843023,6.086527979651,-0.2));
#9132 = CARTESIAN_POINT('',(3.992723473837,6.046956758721,-0.2));
#9133 = CARTESIAN_POINT('',(4.045457848837,5.97132994186,-0.2));
#9134 = ORIENTED_EDGE('',*,*,#9135,.T.);
#9135 = EDGE_CURVE('',#9128,#2791,#9136,.T.);
#9136 = LINE('',#9137,#9138);
#9137 = CARTESIAN_POINT('',(3.900090843023,6.086527979651,-0.2));
#9138 = VECTOR('',#9139,1.);
#9139 = DIRECTION('',(0.,0.,1.));
#9140 = ORIENTED_EDGE('',*,*,#2802,.F.);
#9141 = ORIENTED_EDGE('',*,*,#9109,.F.);
#9142 = SURFACE_OF_LINEAR_EXTRUSION('',#9143,#9147);
#9143 = B_SPLINE_CURVE_WITH_KNOTS('',2,(#9144,#9145,#9146),
  .UNSPECIFIED.,.F.,.F.,(3,3),(0.,1.),.PIECEWISE_BEZIER_KNOTS.);
#9144 = CARTESIAN_POINT('',(3.900090843023,6.086527979651,-0.2));
#9145 = CARTESIAN_POINT('',(3.992723473837,6.046956758721,-0.2));
#9146 = CARTESIAN_POINT('',(4.045457848837,5.97132994186,-0.2));
#9147 = VECTOR('',#9148,1.);
#9148 = DIRECTION('',(-0.,-0.,-1.));
#9149 = ADVANCED_FACE('',(#9150),#9168,.F.);
#9150 = FACE_BOUND('',#9151,.F.);
#9151 = EDGE_LOOP('',(#9152,#9160,#9166,#9167));
#9152 = ORIENTED_EDGE('',*,*,#9153,.F.);
#9153 = EDGE_CURVE('',#9154,#9128,#9156,.T.);
#9154 = VERTEX_POINT('',#9155);
#9155 = CARTESIAN_POINT('',(3.573301235465,6.18839934593,-0.2));
#9156 = B_SPLINE_CURVE_WITH_KNOTS('',2,(#9157,#9158,#9159),
  .UNSPECIFIED.,.F.,.F.,(3,3),(0.,1.),.PIECEWISE_BEZIER_KNOTS.);
#9157 = CARTESIAN_POINT('',(3.573301235465,6.18839934593,-0.2));
#9158 = CARTESIAN_POINT('',(3.80753997093,6.126180959302,-0.2));
#9159 = CARTESIAN_POINT('',(3.900090843023,6.086527979651,-0.2));
#9160 = ORIENTED_EDGE('',*,*,#9161,.T.);
#9161 = EDGE_CURVE('',#9154,#2780,#9162,.T.);
#9162 = LINE('',#9163,#9164);
#9163 = CARTESIAN_POINT('',(3.573301235465,6.18839934593,-0.2));
#9164 = VECTOR('',#9165,1.);
#9165 = DIRECTION('',(0.,0.,1.));
#9166 = ORIENTED_EDGE('',*,*,#2790,.F.);
#9167 = ORIENTED_EDGE('',*,*,#9135,.F.);
#9168 = SURFACE_OF_LINEAR_EXTRUSION('',#9169,#9173);
#9169 = B_SPLINE_CURVE_WITH_KNOTS('',2,(#9170,#9171,#9172),
  .UNSPECIFIED.,.F.,.F.,(3,3),(0.,1.),.PIECEWISE_BEZIER_KNOTS.);
#9170 = CARTESIAN_POINT('',(3.573301235465,6.18839934593,-0.2));
#9171 = CARTESIAN_POINT('',(3.80753997093,6.126180959302,-0.2));
#9172 = CARTESIAN_POINT('',(3.900090843023,6.086527979651,-0.2));
#9173 = VECTOR('',#9174,1.);
#9174 = DIRECTION('',(-0.,-0.,-1.));
#9175 = ADVANCED_FACE('',(#9176),#9194,.F.);
#9176 = FACE_BOUND('',#9177,.F.);
#9177 = EDGE_LOOP('',(#9178,#9186,#9192,#9193));
#9178 = ORIENTED_EDGE('',*,*,#9179,.F.);
#9179 = EDGE_CURVE('',#9180,#9154,#9182,.T.);
#9180 = VERTEX_POINT('',#9181);
#9181 = CARTESIAN_POINT('',(3.378306686047,6.244158793605,-0.2));
#9182 = B_SPLINE_CURVE_WITH_KNOTS('',2,(#9183,#9184,#9185),
  .UNSPECIFIED.,.F.,.F.,(3,3),(0.,1.),.PIECEWISE_BEZIER_KNOTS.);
#9183 = CARTESIAN_POINT('',(3.378306686047,6.244158793605,-0.2));
#9184 = CARTESIAN_POINT('',(3.411418968023,6.232058502907,-0.2));
#9185 = CARTESIAN_POINT('',(3.573301235465,6.18839934593,-0.2));
#9186 = ORIENTED_EDGE('',*,*,#9187,.T.);
#9187 = EDGE_CURVE('',#9180,#2770,#9188,.T.);
#9188 = LINE('',#9189,#9190);
#9189 = CARTESIAN_POINT('',(3.378306686047,6.244158793605,-0.2));
#9190 = VECTOR('',#9191,1.);
#9191 = DIRECTION('',(0.,0.,1.));
#9192 = ORIENTED_EDGE('',*,*,#2779,.F.);
#9193 = ORIENTED_EDGE('',*,*,#9161,.F.);
#9194 = SURFACE_OF_LINEAR_EXTRUSION('',#9195,#9199);
#9195 = B_SPLINE_CURVE_WITH_KNOTS('',2,(#9196,#9197,#9198),
  .UNSPECIFIED.,.F.,.F.,(3,3),(0.,1.),.PIECEWISE_BEZIER_KNOTS.);
#9196 = CARTESIAN_POINT('',(3.378306686047,6.244158793605,-0.2));
#9197 = CARTESIAN_POINT('',(3.411418968023,6.232058502907,-0.2));
#9198 = CARTESIAN_POINT('',(3.573301235465,6.18839934593,-0.2));
#9199 = VECTOR('',#9200,1.);
#9200 = DIRECTION('',(-0.,-0.,-1.));
#9201 = ADVANCED_FACE('',(#9202),#9220,.F.);
#9202 = FACE_BOUND('',#9203,.F.);
#9203 = EDGE_LOOP('',(#9204,#9212,#9218,#9219));
#9204 = ORIENTED_EDGE('',*,*,#9205,.F.);
#9205 = EDGE_CURVE('',#9206,#9180,#9208,.T.);
#9206 = VERTEX_POINT('',#9207);
#9207 = CARTESIAN_POINT('',(3.293686409884,6.302289244186,-0.2));
#9208 = B_SPLINE_CURVE_WITH_KNOTS('',2,(#9209,#9210,#9211),
  .UNSPECIFIED.,.F.,.F.,(3,3),(0.,1.),.PIECEWISE_BEZIER_KNOTS.);
#9209 = CARTESIAN_POINT('',(3.293686409884,6.302289244186,-0.2));
#9210 = CARTESIAN_POINT('',(3.320666787791,6.267132994186,-0.2));
#9211 = CARTESIAN_POINT('',(3.378306686047,6.244158793605,-0.2));
#9212 = ORIENTED_EDGE('',*,*,#9213,.T.);
#9213 = EDGE_CURVE('',#9206,#2760,#9214,.T.);
#9214 = LINE('',#9215,#9216);
#9215 = CARTESIAN_POINT('',(3.293686409884,6.302289244186,-0.2));
#9216 = VECTOR('',#9217,1.);
#9217 = DIRECTION('',(0.,0.,1.));
#9218 = ORIENTED_EDGE('',*,*,#2769,.F.);
#9219 = ORIENTED_EDGE('',*,*,#9187,.F.);
#9220 = SURFACE_OF_LINEAR_EXTRUSION('',#9221,#9225);
#9221 = B_SPLINE_CURVE_WITH_KNOTS('',2,(#9222,#9223,#9224),
  .UNSPECIFIED.,.F.,.F.,(3,3),(0.,1.),.PIECEWISE_BEZIER_KNOTS.);
#9222 = CARTESIAN_POINT('',(3.293686409884,6.302289244186,-0.2));
#9223 = CARTESIAN_POINT('',(3.320666787791,6.267132994186,-0.2));
#9224 = CARTESIAN_POINT('',(3.378306686047,6.244158793605,-0.2));
#9225 = VECTOR('',#9226,1.);
#9226 = DIRECTION('',(-0.,-0.,-1.));
#9227 = ADVANCED_FACE('',(#9228),#9246,.F.);
#9228 = FACE_BOUND('',#9229,.F.);
#9229 = EDGE_LOOP('',(#9230,#9238,#9244,#9245));
#9230 = ORIENTED_EDGE('',*,*,#9231,.F.);
#9231 = EDGE_CURVE('',#9232,#9206,#9234,.T.);
#9232 = VERTEX_POINT('',#9233);
#9233 = CARTESIAN_POINT('',(3.266706031977,6.378651889535,-0.2));
#9234 = B_SPLINE_CURVE_WITH_KNOTS('',2,(#9235,#9236,#9237),
  .UNSPECIFIED.,.F.,.F.,(3,3),(0.,1.),.PIECEWISE_BEZIER_KNOTS.);
#9235 = CARTESIAN_POINT('',(3.266706031977,6.378651889535,-0.2));
#9236 = CARTESIAN_POINT('',(3.266706031977,6.336219113372,-0.2));
#9237 = CARTESIAN_POINT('',(3.293686409884,6.302289244186,-0.2));
#9238 = ORIENTED_EDGE('',*,*,#9239,.T.);
#9239 = EDGE_CURVE('',#9232,#2747,#9240,.T.);
#9240 = LINE('',#9241,#9242);
#9241 = CARTESIAN_POINT('',(3.266706031977,6.378651889535,-0.2));
#9242 = VECTOR('',#9243,1.);
#9243 = DIRECTION('',(0.,0.,1.));
#9244 = ORIENTED_EDGE('',*,*,#2759,.F.);
#9245 = ORIENTED_EDGE('',*,*,#9213,.F.);
#9246 = SURFACE_OF_LINEAR_EXTRUSION('',#9247,#9251);
#9247 = B_SPLINE_CURVE_WITH_KNOTS('',2,(#9248,#9249,#9250),
  .UNSPECIFIED.,.F.,.F.,(3,3),(0.,1.),.PIECEWISE_BEZIER_KNOTS.);
#9248 = CARTESIAN_POINT('',(3.266706031977,6.378651889535,-0.2));
#9249 = CARTESIAN_POINT('',(3.266706031977,6.336219113372,-0.2));
#9250 = CARTESIAN_POINT('',(3.293686409884,6.302289244186,-0.2));
#9251 = VECTOR('',#9252,1.);
#9252 = DIRECTION('',(-0.,-0.,-1.));
#9253 = ADVANCED_FACE('',(#9254),#9272,.F.);
#9254 = FACE_BOUND('',#9255,.F.);
#9255 = EDGE_LOOP('',(#9256,#9264,#9270,#9271));
#9256 = ORIENTED_EDGE('',*,*,#9257,.F.);
#9257 = EDGE_CURVE('',#9258,#9232,#9260,.T.);
#9258 = VERTEX_POINT('',#9259);
#9259 = CARTESIAN_POINT('',(3.331704215116,6.494912790698,-0.2));
#9260 = B_SPLINE_CURVE_WITH_KNOTS('',2,(#9261,#9262,#9263),
  .UNSPECIFIED.,.F.,.F.,(3,3),(0.,1.),.PIECEWISE_BEZIER_KNOTS.);
#9261 = CARTESIAN_POINT('',(3.331704215116,6.494912790698,-0.2));
#9262 = CARTESIAN_POINT('',(3.266706031977,6.445285247093,-0.2));
#9263 = CARTESIAN_POINT('',(3.266706031977,6.378651889535,-0.2));
#9264 = ORIENTED_EDGE('',*,*,#9265,.T.);
#9265 = EDGE_CURVE('',#9258,#2736,#9266,.T.);
#9266 = LINE('',#9267,#9268);
#9267 = CARTESIAN_POINT('',(3.331704215116,6.494912790698,-0.2));
#9268 = VECTOR('',#9269,1.);
#9269 = DIRECTION('',(0.,0.,1.));
#9270 = ORIENTED_EDGE('',*,*,#2746,.F.);
#9271 = ORIENTED_EDGE('',*,*,#9239,.F.);
#9272 = SURFACE_OF_LINEAR_EXTRUSION('',#9273,#9277);
#9273 = B_SPLINE_CURVE_WITH_KNOTS('',2,(#9274,#9275,#9276),
  .UNSPECIFIED.,.F.,.F.,(3,3),(0.,1.),.PIECEWISE_BEZIER_KNOTS.);
#9274 = CARTESIAN_POINT('',(3.331704215116,6.494912790698,-0.2));
#9275 = CARTESIAN_POINT('',(3.266706031977,6.445285247093,-0.2));
#9276 = CARTESIAN_POINT('',(3.266706031977,6.378651889535,-0.2));
#9277 = VECTOR('',#9278,1.);
#9278 = DIRECTION('',(-0.,-0.,-1.));
#9279 = ADVANCED_FACE('',(#9280),#9298,.F.);
#9280 = FACE_BOUND('',#9281,.F.);
#9281 = EDGE_LOOP('',(#9282,#9290,#9296,#9297));
#9282 = ORIENTED_EDGE('',*,*,#9283,.F.);
#9283 = EDGE_CURVE('',#9284,#9258,#9286,.T.);
#9284 = VERTEX_POINT('',#9285);
#9285 = CARTESIAN_POINT('',(3.548773619186,6.544622093023,-0.2));
#9286 = B_SPLINE_CURVE_WITH_KNOTS('',2,(#9287,#9288,#9289),
  .UNSPECIFIED.,.F.,.F.,(3,3),(0.,1.),.PIECEWISE_BEZIER_KNOTS.);
#9287 = CARTESIAN_POINT('',(3.548773619186,6.544622093023,-0.2));
#9288 = CARTESIAN_POINT('',(3.396702398256,6.544622093023,-0.2));
#9289 = CARTESIAN_POINT('',(3.331704215116,6.494912790698,-0.2));
#9290 = ORIENTED_EDGE('',*,*,#9291,.T.);
#9291 = EDGE_CURVE('',#9284,#2725,#9292,.T.);
#9292 = LINE('',#9293,#9294);
#9293 = CARTESIAN_POINT('',(3.548773619186,6.544622093023,-0.2));
#9294 = VECTOR('',#9295,1.);
#9295 = DIRECTION('',(0.,0.,1.));
#9296 = ORIENTED_EDGE('',*,*,#2735,.F.);
#9297 = ORIENTED_EDGE('',*,*,#9265,.F.);
#9298 = SURFACE_OF_LINEAR_EXTRUSION('',#9299,#9303);
#9299 = B_SPLINE_CURVE_WITH_KNOTS('',2,(#9300,#9301,#9302),
  .UNSPECIFIED.,.F.,.F.,(3,3),(0.,1.),.PIECEWISE_BEZIER_KNOTS.);
#9300 = CARTESIAN_POINT('',(3.548773619186,6.544622093023,-0.2));
#9301 = CARTESIAN_POINT('',(3.396702398256,6.544622093023,-0.2));
#9302 = CARTESIAN_POINT('',(3.331704215116,6.494912790698,-0.2));
#9303 = VECTOR('',#9304,1.);
#9304 = DIRECTION('',(-0.,-0.,-1.));
#9305 = ADVANCED_FACE('',(#9306),#9324,.F.);
#9306 = FACE_BOUND('',#9307,.F.);
#9307 = EDGE_LOOP('',(#9308,#9316,#9322,#9323));
#9308 = ORIENTED_EDGE('',*,*,#9309,.F.);
#9309 = EDGE_CURVE('',#9310,#9284,#9312,.T.);
#9310 = VERTEX_POINT('',#9311);
#9311 = CARTESIAN_POINT('',(3.748019622093,6.488208575581,-0.2));
#9312 = B_SPLINE_CURVE_WITH_KNOTS('',2,(#9313,#9314,#9315),
  .UNSPECIFIED.,.F.,.F.,(3,3),(0.,1.),.PIECEWISE_BEZIER_KNOTS.);
#9313 = CARTESIAN_POINT('',(3.748019622093,6.488208575581,-0.2));
#9314 = CARTESIAN_POINT('',(3.677543604651,6.544622093023,-0.2));
#9315 = CARTESIAN_POINT('',(3.548773619186,6.544622093023,-0.2));
#9316 = ORIENTED_EDGE('',*,*,#9317,.T.);
#9317 = EDGE_CURVE('',#9310,#2712,#9318,.T.);
#9318 = LINE('',#9319,#9320);
#9319 = CARTESIAN_POINT('',(3.748019622093,6.488208575581,-0.2));
#9320 = VECTOR('',#9321,1.);
#9321 = DIRECTION('',(0.,0.,1.));
#9322 = ORIENTED_EDGE('',*,*,#2724,.F.);
#9323 = ORIENTED_EDGE('',*,*,#9291,.F.);
#9324 = SURFACE_OF_LINEAR_EXTRUSION('',#9325,#9329);
#9325 = B_SPLINE_CURVE_WITH_KNOTS('',2,(#9326,#9327,#9328),
  .UNSPECIFIED.,.F.,.F.,(3,3),(0.,1.),.PIECEWISE_BEZIER_KNOTS.);
#9326 = CARTESIAN_POINT('',(3.748019622093,6.488208575581,-0.2));
#9327 = CARTESIAN_POINT('',(3.677543604651,6.544622093023,-0.2));
#9328 = CARTESIAN_POINT('',(3.548773619186,6.544622093023,-0.2));
#9329 = VECTOR('',#9330,1.);
#9330 = DIRECTION('',(-0.,-0.,-1.));
#9331 = ADVANCED_FACE('',(#9332),#9350,.F.);
#9332 = FACE_BOUND('',#9333,.F.);
#9333 = EDGE_LOOP('',(#9334,#9342,#9348,#9349));
#9334 = ORIENTED_EDGE('',*,*,#9335,.F.);
#9335 = EDGE_CURVE('',#9336,#9310,#9338,.T.);
#9336 = VERTEX_POINT('',#9337);
#9337 = CARTESIAN_POINT('',(3.833293968023,6.331395348837,-0.2));
#9338 = B_SPLINE_CURVE_WITH_KNOTS('',2,(#9339,#9340,#9341),
  .UNSPECIFIED.,.F.,.F.,(3,3),(0.,1.),.PIECEWISE_BEZIER_KNOTS.);
#9339 = CARTESIAN_POINT('',(3.833293968023,6.331395348837,-0.2));
#9340 = CARTESIAN_POINT('',(3.818577398256,6.43187681686,-0.2));
#9341 = CARTESIAN_POINT('',(3.748019622093,6.488208575581,-0.2));
#9342 = ORIENTED_EDGE('',*,*,#9343,.T.);
#9343 = EDGE_CURVE('',#9336,#2704,#9344,.T.);
#9344 = LINE('',#9345,#9346);
#9345 = CARTESIAN_POINT('',(3.833293968023,6.331395348837,-0.2));
#9346 = VECTOR('',#9347,1.);
#9347 = DIRECTION('',(0.,0.,1.));
#9348 = ORIENTED_EDGE('',*,*,#2711,.F.);
#9349 = ORIENTED_EDGE('',*,*,#9317,.F.);
#9350 = SURFACE_OF_LINEAR_EXTRUSION('',#9351,#9355);
#9351 = B_SPLINE_CURVE_WITH_KNOTS('',2,(#9352,#9353,#9354),
  .UNSPECIFIED.,.F.,.F.,(3,3),(0.,1.),.PIECEWISE_BEZIER_KNOTS.);
#9352 = CARTESIAN_POINT('',(3.833293968023,6.331395348837,-0.2));
#9353 = CARTESIAN_POINT('',(3.818577398256,6.43187681686,-0.2));
#9354 = CARTESIAN_POINT('',(3.748019622093,6.488208575581,-0.2));
#9355 = VECTOR('',#9356,1.);
#9356 = DIRECTION('',(-0.,-0.,-1.));
#9357 = ADVANCED_FACE('',(#9358),#9376,.F.);
#9358 = FACE_BOUND('',#9359,.F.);
#9359 = EDGE_LOOP('',(#9360,#9368,#9374,#9375));
#9360 = ORIENTED_EDGE('',*,*,#9361,.F.);
#9361 = EDGE_CURVE('',#9362,#9336,#9364,.T.);
#9362 = VERTEX_POINT('',#9363);
#9363 = CARTESIAN_POINT('',(4.049136991279,6.360828488372,-0.2));
#9364 = LINE('',#9365,#9366);
#9365 = CARTESIAN_POINT('',(4.049136991279,6.360828488372,-0.2));
#9366 = VECTOR('',#9367,1.);
#9367 = DIRECTION('',(-0.990830168044,-0.135113204733,0.));
#9368 = ORIENTED_EDGE('',*,*,#9369,.T.);
#9369 = EDGE_CURVE('',#9362,#2693,#9370,.T.);
#9370 = LINE('',#9371,#9372);
#9371 = CARTESIAN_POINT('',(4.049136991279,6.360828488372,-0.2));
#9372 = VECTOR('',#9373,1.);
#9373 = DIRECTION('',(0.,0.,1.));
#9374 = ORIENTED_EDGE('',*,*,#2703,.F.);
#9375 = ORIENTED_EDGE('',*,*,#9343,.F.);
#9376 = PLANE('',#9377);
#9377 = AXIS2_PLACEMENT_3D('',#9378,#9379,#9380);
#9378 = CARTESIAN_POINT('',(4.049136991279,6.360828488372,-0.2));
#9379 = DIRECTION('',(0.135113204733,-0.990830168044,0.));
#9380 = DIRECTION('',(-0.990830168044,-0.135113204733,0.));
#9381 = ADVANCED_FACE('',(#9382),#9400,.F.);
#9382 = FACE_BOUND('',#9383,.F.);
#9383 = EDGE_LOOP('',(#9384,#9392,#9398,#9399));
#9384 = ORIENTED_EDGE('',*,*,#9385,.F.);
#9385 = EDGE_CURVE('',#9386,#9362,#9388,.T.);
#9386 = VERTEX_POINT('',#9387);
#9387 = CARTESIAN_POINT('',(3.973101380814,6.564080668605,-0.2));
#9388 = B_SPLINE_CURVE_WITH_KNOTS('',2,(#9389,#9390,#9391),
  .UNSPECIFIED.,.F.,.F.,(3,3),(0.,1.),.PIECEWISE_BEZIER_KNOTS.);
#9389 = CARTESIAN_POINT('',(3.973101380814,6.564080668605,-0.2));
#9390 = CARTESIAN_POINT('',(4.028288517442,6.48812681686,-0.2));
#9391 = CARTESIAN_POINT('',(4.049136991279,6.360828488372,-0.2));
#9392 = ORIENTED_EDGE('',*,*,#9393,.T.);
#9393 = EDGE_CURVE('',#9386,#2682,#9394,.T.);
#9394 = LINE('',#9395,#9396);
#9395 = CARTESIAN_POINT('',(3.973101380814,6.564080668605,-0.2));
#9396 = VECTOR('',#9397,1.);
#9397 = DIRECTION('',(0.,0.,1.));
#9398 = ORIENTED_EDGE('',*,*,#2692,.F.);
#9399 = ORIENTED_EDGE('',*,*,#9369,.F.);
#9400 = SURFACE_OF_LINEAR_EXTRUSION('',#9401,#9405);
#9401 = B_SPLINE_CURVE_WITH_KNOTS('',2,(#9402,#9403,#9404),
  .UNSPECIFIED.,.F.,.F.,(3,3),(0.,1.),.PIECEWISE_BEZIER_KNOTS.);
#9402 = CARTESIAN_POINT('',(3.973101380814,6.564080668605,-0.2));
#9403 = CARTESIAN_POINT('',(4.028288517442,6.48812681686,-0.2));
#9404 = CARTESIAN_POINT('',(4.049136991279,6.360828488372,-0.2));
#9405 = VECTOR('',#9406,1.);
#9406 = DIRECTION('',(-0.,-0.,-1.));
#9407 = ADVANCED_FACE('',(#9408),#9426,.F.);
#9408 = FACE_BOUND('',#9409,.F.);
#9409 = EDGE_LOOP('',(#9410,#9418,#9424,#9425));
#9410 = ORIENTED_EDGE('',*,*,#9411,.F.);
#9411 = EDGE_CURVE('',#9412,#9386,#9414,.T.);
#9412 = VERTEX_POINT('',#9413);
#9413 = CARTESIAN_POINT('',(3.801980377907,6.684593023256,-0.2));
#9414 = B_SPLINE_CURVE_WITH_KNOTS('',2,(#9415,#9416,#9417),
  .UNSPECIFIED.,.F.,.F.,(3,3),(0.,1.),.PIECEWISE_BEZIER_KNOTS.);
#9415 = CARTESIAN_POINT('',(3.801980377907,6.684593023256,-0.2));
#9416 = CARTESIAN_POINT('',(3.917914244186,6.64011627907,-0.2));
#9417 = CARTESIAN_POINT('',(3.973101380814,6.564080668605,-0.2));
#9418 = ORIENTED_EDGE('',*,*,#9419,.T.);
#9419 = EDGE_CURVE('',#9412,#2671,#9420,.T.);
#9420 = LINE('',#9421,#9422);
#9421 = CARTESIAN_POINT('',(3.801980377907,6.684593023256,-0.2));
#9422 = VECTOR('',#9423,1.);
#9423 = DIRECTION('',(0.,0.,1.));
#9424 = ORIENTED_EDGE('',*,*,#2681,.F.);
#9425 = ORIENTED_EDGE('',*,*,#9393,.F.);
#9426 = SURFACE_OF_LINEAR_EXTRUSION('',#9427,#9431);
#9427 = B_SPLINE_CURVE_WITH_KNOTS('',2,(#9428,#9429,#9430),
  .UNSPECIFIED.,.F.,.F.,(3,3),(0.,1.),.PIECEWISE_BEZIER_KNOTS.);
#9428 = CARTESIAN_POINT('',(3.801980377907,6.684593023256,-0.2));
#9429 = CARTESIAN_POINT('',(3.917914244186,6.64011627907,-0.2));
#9430 = CARTESIAN_POINT('',(3.973101380814,6.564080668605,-0.2));
#9431 = VECTOR('',#9432,1.);
#9432 = DIRECTION('',(-0.,-0.,-1.));
#9433 = ADVANCED_FACE('',(#9434),#9452,.F.);
#9434 = FACE_BOUND('',#9435,.F.);
#9435 = EDGE_LOOP('',(#9436,#9444,#9450,#9451));
#9436 = ORIENTED_EDGE('',*,*,#9437,.F.);
#9437 = EDGE_CURVE('',#9438,#9412,#9440,.T.);
#9438 = VERTEX_POINT('',#9439);
#9439 = CARTESIAN_POINT('',(3.532830668605,6.729069767442,-0.2));
#9440 = B_SPLINE_CURVE_WITH_KNOTS('',2,(#9441,#9442,#9443),
  .UNSPECIFIED.,.F.,.F.,(3,3),(0.,1.),.PIECEWISE_BEZIER_KNOTS.);
#9441 = CARTESIAN_POINT('',(3.532830668605,6.729069767442,-0.2));
#9442 = CARTESIAN_POINT('',(3.686128270349,6.729069767442,-0.2));
#9443 = CARTESIAN_POINT('',(3.801980377907,6.684593023256,-0.2));
#9444 = ORIENTED_EDGE('',*,*,#9445,.T.);
#9445 = EDGE_CURVE('',#9438,#2661,#9446,.T.);
#9446 = LINE('',#9447,#9448);
#9447 = CARTESIAN_POINT('',(3.532830668605,6.729069767442,-0.2));
#9448 = VECTOR('',#9449,1.);
#9449 = DIRECTION('',(0.,0.,1.));
#9450 = ORIENTED_EDGE('',*,*,#2670,.F.);
#9451 = ORIENTED_EDGE('',*,*,#9419,.F.);
#9452 = SURFACE_OF_LINEAR_EXTRUSION('',#9453,#9457);
#9453 = B_SPLINE_CURVE_WITH_KNOTS('',2,(#9454,#9455,#9456),
  .UNSPECIFIED.,.F.,.F.,(3,3),(0.,1.),.PIECEWISE_BEZIER_KNOTS.);
#9454 = CARTESIAN_POINT('',(3.532830668605,6.729069767442,-0.2));
#9455 = CARTESIAN_POINT('',(3.686128270349,6.729069767442,-0.2));
#9456 = CARTESIAN_POINT('',(3.801980377907,6.684593023256,-0.2));
#9457 = VECTOR('',#9458,1.);
#9458 = DIRECTION('',(-0.,-0.,-1.));
#9459 = ADVANCED_FACE('',(#9460),#9478,.F.);
#9460 = FACE_BOUND('',#9461,.F.);
#9461 = EDGE_LOOP('',(#9462,#9470,#9476,#9477));
#9462 = ORIENTED_EDGE('',*,*,#9463,.F.);
#9463 = EDGE_CURVE('',#9464,#9438,#9466,.T.);
#9464 = VERTEX_POINT('',#9465);
#9465 = CARTESIAN_POINT('',(3.342087572674,6.702743459302,-0.2));
#9466 = B_SPLINE_CURVE_WITH_KNOTS('',2,(#9467,#9468,#9469),
  .UNSPECIFIED.,.F.,.F.,(3,3),(0.,1.),.PIECEWISE_BEZIER_KNOTS.);
#9467 = CARTESIAN_POINT('',(3.342087572674,6.702743459302,-0.2));
#9468 = CARTESIAN_POINT('',(3.431041061047,6.729069767442,-0.2));
#9469 = CARTESIAN_POINT('',(3.532830668605,6.729069767442,-0.2));
#9470 = ORIENTED_EDGE('',*,*,#9471,.T.);
#9471 = EDGE_CURVE('',#9464,#2651,#9472,.T.);
#9472 = LINE('',#9473,#9474);
#9473 = CARTESIAN_POINT('',(3.342087572674,6.702743459302,-0.2));
#9474 = VECTOR('',#9475,1.);
#9475 = DIRECTION('',(0.,0.,1.));
#9476 = ORIENTED_EDGE('',*,*,#2660,.F.);
#9477 = ORIENTED_EDGE('',*,*,#9445,.F.);
#9478 = SURFACE_OF_LINEAR_EXTRUSION('',#9479,#9483);
#9479 = B_SPLINE_CURVE_WITH_KNOTS('',2,(#9480,#9481,#9482),
  .UNSPECIFIED.,.F.,.F.,(3,3),(0.,1.),.PIECEWISE_BEZIER_KNOTS.);
#9480 = CARTESIAN_POINT('',(3.342087572674,6.702743459302,-0.2));
#9481 = CARTESIAN_POINT('',(3.431041061047,6.729069767442,-0.2));
#9482 = CARTESIAN_POINT('',(3.532830668605,6.729069767442,-0.2));
#9483 = VECTOR('',#9484,1.);
#9484 = DIRECTION('',(-0.,-0.,-1.));
#9485 = ADVANCED_FACE('',(#9486),#9504,.F.);
#9486 = FACE_BOUND('',#9487,.F.);
#9487 = EDGE_LOOP('',(#9488,#9496,#9502,#9503));
#9488 = ORIENTED_EDGE('',*,*,#9489,.F.);
#9489 = EDGE_CURVE('',#9490,#9464,#9492,.T.);
#9490 = VERTEX_POINT('',#9491);
#9491 = CARTESIAN_POINT('',(3.201707848837,6.638481104651,-0.2));
#9492 = B_SPLINE_CURVE_WITH_KNOTS('',2,(#9493,#9494,#9495),
  .UNSPECIFIED.,.F.,.F.,(3,3),(0.,1.),.PIECEWISE_BEZIER_KNOTS.);
#9493 = CARTESIAN_POINT('',(3.201707848837,6.638481104651,-0.2));
#9494 = CARTESIAN_POINT('',(3.253215843023,6.676417151163,-0.2));
#9495 = CARTESIAN_POINT('',(3.342087572674,6.702743459302,-0.2));
#9496 = ORIENTED_EDGE('',*,*,#9497,.T.);
#9497 = EDGE_CURVE('',#9490,#2641,#9498,.T.);
#9498 = LINE('',#9499,#9500);
#9499 = CARTESIAN_POINT('',(3.201707848837,6.638481104651,-0.2));
#9500 = VECTOR('',#9501,1.);
#9501 = DIRECTION('',(0.,0.,1.));
#9502 = ORIENTED_EDGE('',*,*,#2650,.F.);
#9503 = ORIENTED_EDGE('',*,*,#9471,.F.);
#9504 = SURFACE_OF_LINEAR_EXTRUSION('',#9505,#9509);
#9505 = B_SPLINE_CURVE_WITH_KNOTS('',2,(#9506,#9507,#9508),
  .UNSPECIFIED.,.F.,.F.,(3,3),(0.,1.),.PIECEWISE_BEZIER_KNOTS.);
#9506 = CARTESIAN_POINT('',(3.201707848837,6.638481104651,-0.2));
#9507 = CARTESIAN_POINT('',(3.253215843023,6.676417151163,-0.2));
#9508 = CARTESIAN_POINT('',(3.342087572674,6.702743459302,-0.2));
#9509 = VECTOR('',#9510,1.);
#9510 = DIRECTION('',(-0.,-0.,-1.));
#9511 = ADVANCED_FACE('',(#9512),#9530,.F.);
#9512 = FACE_BOUND('',#9513,.F.);
#9513 = EDGE_LOOP('',(#9514,#9522,#9528,#9529));
#9514 = ORIENTED_EDGE('',*,*,#9515,.F.);
#9515 = EDGE_CURVE('',#9516,#9490,#9518,.T.);
#9516 = VERTEX_POINT('',#9517);
#9517 = CARTESIAN_POINT('',(3.093132267442,6.515434229651,-0.2));
#9518 = B_SPLINE_CURVE_WITH_KNOTS('',2,(#9519,#9520,#9521),
  .UNSPECIFIED.,.F.,.F.,(3,3),(0.,1.),.PIECEWISE_BEZIER_KNOTS.);
#9519 = CARTESIAN_POINT('',(3.093132267442,6.515434229651,-0.2));
#9520 = CARTESIAN_POINT('',(3.133030523256,6.589507630814,-0.2));
#9521 = CARTESIAN_POINT('',(3.201707848837,6.638481104651,-0.2));
#9522 = ORIENTED_EDGE('',*,*,#9523,.T.);
#9523 = EDGE_CURVE('',#9516,#2631,#9524,.T.);
#9524 = LINE('',#9525,#9526);
#9525 = CARTESIAN_POINT('',(3.093132267442,6.515434229651,-0.2));
#9526 = VECTOR('',#9527,1.);
#9527 = DIRECTION('',(0.,0.,1.));
#9528 = ORIENTED_EDGE('',*,*,#2640,.F.);
#9529 = ORIENTED_EDGE('',*,*,#9497,.F.);
#9530 = SURFACE_OF_LINEAR_EXTRUSION('',#9531,#9535);
#9531 = B_SPLINE_CURVE_WITH_KNOTS('',2,(#9532,#9533,#9534),
  .UNSPECIFIED.,.F.,.F.,(3,3),(0.,1.),.PIECEWISE_BEZIER_KNOTS.);
#9532 = CARTESIAN_POINT('',(3.093132267442,6.515434229651,-0.2));
#9533 = CARTESIAN_POINT('',(3.133030523256,6.589507630814,-0.2));
#9534 = CARTESIAN_POINT('',(3.201707848837,6.638481104651,-0.2));
#9535 = VECTOR('',#9536,1.);
#9536 = DIRECTION('',(-0.,-0.,-1.));
#9537 = ADVANCED_FACE('',(#9538),#9556,.F.);
#9538 = FACE_BOUND('',#9539,.F.);
#9539 = EDGE_LOOP('',(#9540,#9548,#9554,#9555));
#9540 = ORIENTED_EDGE('',*,*,#9541,.F.);
#9541 = EDGE_CURVE('',#9542,#9516,#9544,.T.);
#9542 = VERTEX_POINT('',#9543);
#9543 = CARTESIAN_POINT('',(3.053315770349,6.35445130814,-0.2));
#9544 = B_SPLINE_CURVE_WITH_KNOTS('',2,(#9545,#9546,#9547),
  .UNSPECIFIED.,.F.,.F.,(3,3),(0.,1.),.PIECEWISE_BEZIER_KNOTS.);
#9545 = CARTESIAN_POINT('',(3.053315770349,6.35445130814,-0.2));
#9546 = CARTESIAN_POINT('',(3.053315770349,6.441360828488,-0.2));
#9547 = CARTESIAN_POINT('',(3.093132267442,6.515434229651,-0.2));
#9548 = ORIENTED_EDGE('',*,*,#9549,.T.);
#9549 = EDGE_CURVE('',#9542,#2621,#9550,.T.);
#9550 = LINE('',#9551,#9552);
#9551 = CARTESIAN_POINT('',(3.053315770349,6.35445130814,-0.2));
#9552 = VECTOR('',#9553,1.);
#9553 = DIRECTION('',(0.,0.,1.));
#9554 = ORIENTED_EDGE('',*,*,#2630,.F.);
#9555 = ORIENTED_EDGE('',*,*,#9523,.F.);
#9556 = SURFACE_OF_LINEAR_EXTRUSION('',#9557,#9561);
#9557 = B_SPLINE_CURVE_WITH_KNOTS('',2,(#9558,#9559,#9560),
  .UNSPECIFIED.,.F.,.F.,(3,3),(0.,1.),.PIECEWISE_BEZIER_KNOTS.);
#9558 = CARTESIAN_POINT('',(3.053315770349,6.35445130814,-0.2));
#9559 = CARTESIAN_POINT('',(3.053315770349,6.441360828488,-0.2));
#9560 = CARTESIAN_POINT('',(3.093132267442,6.515434229651,-0.2));
#9561 = VECTOR('',#9562,1.);
#9562 = DIRECTION('',(-0.,-0.,-1.));
#9563 = ADVANCED_FACE('',(#9564),#9582,.F.);
#9564 = FACE_BOUND('',#9565,.F.);
#9565 = EDGE_LOOP('',(#9566,#9574,#9580,#9581));
#9566 = ORIENTED_EDGE('',*,*,#9567,.F.);
#9567 = EDGE_CURVE('',#9568,#9542,#9570,.T.);
#9568 = VERTEX_POINT('',#9569);
#9569 = CARTESIAN_POINT('',(3.10171693314,6.179978197674,-0.2));
#9570 = B_SPLINE_CURVE_WITH_KNOTS('',2,(#9571,#9572,#9573),
  .UNSPECIFIED.,.F.,.F.,(3,3),(0.,1.),.PIECEWISE_BEZIER_KNOTS.);
#9571 = CARTESIAN_POINT('',(3.10171693314,6.179978197674,-0.2));
#9572 = CARTESIAN_POINT('',(3.053315770349,6.258957122093,-0.2));
#9573 = CARTESIAN_POINT('',(3.053315770349,6.35445130814,-0.2));
#9574 = ORIENTED_EDGE('',*,*,#9575,.T.);
#9575 = EDGE_CURVE('',#9568,#2608,#9576,.T.);
#9576 = LINE('',#9577,#9578);
#9577 = CARTESIAN_POINT('',(3.10171693314,6.179978197674,-0.2));
#9578 = VECTOR('',#9579,1.);
#9579 = DIRECTION('',(0.,0.,1.));
#9580 = ORIENTED_EDGE('',*,*,#2620,.F.);
#9581 = ORIENTED_EDGE('',*,*,#9549,.F.);
#9582 = SURFACE_OF_LINEAR_EXTRUSION('',#9583,#9587);
#9583 = B_SPLINE_CURVE_WITH_KNOTS('',2,(#9584,#9585,#9586),
  .UNSPECIFIED.,.F.,.F.,(3,3),(0.,1.),.PIECEWISE_BEZIER_KNOTS.);
#9584 = CARTESIAN_POINT('',(3.10171693314,6.179978197674,-0.2));
#9585 = CARTESIAN_POINT('',(3.053315770349,6.258957122093,-0.2));
#9586 = CARTESIAN_POINT('',(3.053315770349,6.35445130814,-0.2));
#9587 = VECTOR('',#9588,1.);
#9588 = DIRECTION('',(-0.,-0.,-1.));
#9589 = ADVANCED_FACE('',(#9590),#9608,.F.);
#9590 = FACE_BOUND('',#9591,.F.);
#9591 = EDGE_LOOP('',(#9592,#9600,#9606,#9607));
#9592 = ORIENTED_EDGE('',*,*,#9593,.F.);
#9593 = EDGE_CURVE('',#9594,#9568,#9596,.T.);
#9594 = VERTEX_POINT('',#9595);
#9595 = CARTESIAN_POINT('',(3.243977107558,6.056359011628,-0.2));
#9596 = B_SPLINE_CURVE_WITH_KNOTS('',2,(#9597,#9598,#9599),
  .UNSPECIFIED.,.F.,.F.,(3,3),(0.,1.),.PIECEWISE_BEZIER_KNOTS.);
#9597 = CARTESIAN_POINT('',(3.243977107558,6.056359011628,-0.2));
#9598 = CARTESIAN_POINT('',(3.150199854651,6.101081031977,-0.2));
#9599 = CARTESIAN_POINT('',(3.10171693314,6.179978197674,-0.2));
#9600 = ORIENTED_EDGE('',*,*,#9601,.T.);
#9601 = EDGE_CURVE('',#9594,#2596,#9602,.T.);
#9602 = LINE('',#9603,#9604);
#9603 = CARTESIAN_POINT('',(3.243977107558,6.056359011628,-0.2));
#9604 = VECTOR('',#9605,1.);
#9605 = DIRECTION('',(0.,0.,1.));
#9606 = ORIENTED_EDGE('',*,*,#2607,.F.);
#9607 = ORIENTED_EDGE('',*,*,#9575,.F.);
#9608 = SURFACE_OF_LINEAR_EXTRUSION('',#9609,#9613);
#9609 = B_SPLINE_CURVE_WITH_KNOTS('',2,(#9610,#9611,#9612),
  .UNSPECIFIED.,.F.,.F.,(3,3),(0.,1.),.PIECEWISE_BEZIER_KNOTS.);
#9610 = CARTESIAN_POINT('',(3.243977107558,6.056359011628,-0.2));
#9611 = CARTESIAN_POINT('',(3.150199854651,6.101081031977,-0.2));
#9612 = CARTESIAN_POINT('',(3.10171693314,6.179978197674,-0.2));
#9613 = VECTOR('',#9614,1.);
#9614 = DIRECTION('',(-0.,-0.,-1.));
#9615 = ADVANCED_FACE('',(#9616),#9634,.F.);
#9616 = FACE_BOUND('',#9617,.F.);
#9617 = EDGE_LOOP('',(#9618,#9626,#9632,#9633));
#9618 = ORIENTED_EDGE('',*,*,#9619,.F.);
#9619 = EDGE_CURVE('',#9620,#9594,#9622,.T.);
#9620 = VERTEX_POINT('',#9621);
#9621 = CARTESIAN_POINT('',(3.580659520349,5.950481468023,-0.2));
#9622 = B_SPLINE_CURVE_WITH_KNOTS('',2,(#9623,#9624,#9625),
  .UNSPECIFIED.,.F.,.F.,(3,3),(0.,1.),.PIECEWISE_BEZIER_KNOTS.);
#9623 = CARTESIAN_POINT('',(3.580659520349,5.950481468023,-0.2));
#9624 = CARTESIAN_POINT('',(3.337836119186,6.01171875,-0.2));
#9625 = CARTESIAN_POINT('',(3.243977107558,6.056359011628,-0.2));
#9626 = ORIENTED_EDGE('',*,*,#9627,.T.);
#9627 = EDGE_CURVE('',#9620,#2585,#9628,.T.);
#9628 = LINE('',#9629,#9630);
#9629 = CARTESIAN_POINT('',(3.580659520349,5.950481468023,-0.2));
#9630 = VECTOR('',#9631,1.);
#9631 = DIRECTION('',(0.,0.,1.));
#9632 = ORIENTED_EDGE('',*,*,#2595,.F.);
#9633 = ORIENTED_EDGE('',*,*,#9601,.F.);
#9634 = SURFACE_OF_LINEAR_EXTRUSION('',#9635,#9639);
#9635 = B_SPLINE_CURVE_WITH_KNOTS('',2,(#9636,#9637,#9638),
  .UNSPECIFIED.,.F.,.F.,(3,3),(0.,1.),.PIECEWISE_BEZIER_KNOTS.);
#9636 = CARTESIAN_POINT('',(3.580659520349,5.950481468023,-0.2));
#9637 = CARTESIAN_POINT('',(3.337836119186,6.01171875,-0.2));
#9638 = CARTESIAN_POINT('',(3.243977107558,6.056359011628,-0.2));
#9639 = VECTOR('',#9640,1.);
#9640 = DIRECTION('',(-0.,-0.,-1.));
#9641 = ADVANCED_FACE('',(#9642),#9660,.F.);
#9642 = FACE_BOUND('',#9643,.F.);
#9643 = EDGE_LOOP('',(#9644,#9652,#9658,#9659));
#9644 = ORIENTED_EDGE('',*,*,#9645,.F.);
#9645 = EDGE_CURVE('',#9646,#9620,#9648,.T.);
#9646 = VERTEX_POINT('',#9647);
#9647 = CARTESIAN_POINT('',(3.806313590116,5.877062136628,-0.2));
#9648 = B_SPLINE_CURVE_WITH_KNOTS('',2,(#9649,#9650,#9651),
  .UNSPECIFIED.,.F.,.F.,(3,3),(0.,1.),.PIECEWISE_BEZIER_KNOTS.);
#9649 = CARTESIAN_POINT('',(3.806313590116,5.877062136628,-0.2));
#9650 = CARTESIAN_POINT('',(3.7609375,5.906004723837,-0.2));
#9651 = CARTESIAN_POINT('',(3.580659520349,5.950481468023,-0.2));
#9652 = ORIENTED_EDGE('',*,*,#9653,.T.);
#9653 = EDGE_CURVE('',#9646,#2572,#9654,.T.);
#9654 = LINE('',#9655,#9656);
#9655 = CARTESIAN_POINT('',(3.806313590116,5.877062136628,-0.2));
#9656 = VECTOR('',#9657,1.);
#9657 = DIRECTION('',(0.,0.,1.));
#9658 = ORIENTED_EDGE('',*,*,#2584,.F.);
#9659 = ORIENTED_EDGE('',*,*,#9627,.F.);
#9660 = SURFACE_OF_LINEAR_EXTRUSION('',#9661,#9665);
#9661 = B_SPLINE_CURVE_WITH_KNOTS('',2,(#9662,#9663,#9664),
  .UNSPECIFIED.,.F.,.F.,(3,3),(0.,1.),.PIECEWISE_BEZIER_KNOTS.);
#9662 = CARTESIAN_POINT('',(3.806313590116,5.877062136628,-0.2));
#9663 = CARTESIAN_POINT('',(3.7609375,5.906004723837,-0.2));
#9664 = CARTESIAN_POINT('',(3.580659520349,5.950481468023,-0.2));
#9665 = VECTOR('',#9666,1.);
#9666 = DIRECTION('',(-0.,-0.,-1.));
#9667 = ADVANCED_FACE('',(#9668),#9686,.F.);
#9668 = FACE_BOUND('',#9669,.F.);
#9669 = EDGE_LOOP('',(#9670,#9678,#9684,#9685));
#9670 = ORIENTED_EDGE('',*,*,#9671,.F.);
#9671 = EDGE_CURVE('',#9672,#9646,#9674,.T.);
#9672 = VERTEX_POINT('',#9673);
#9673 = CARTESIAN_POINT('',(3.871311773256,5.761618822674,-0.2));
#9674 = B_SPLINE_CURVE_WITH_KNOTS('',2,(#9675,#9676,#9677),
  .UNSPECIFIED.,.F.,.F.,(3,3),(0.,1.),.PIECEWISE_BEZIER_KNOTS.);
#9675 = CARTESIAN_POINT('',(3.871311773256,5.761618822674,-0.2));
#9676 = CARTESIAN_POINT('',(3.871311773256,5.834956395349,-0.2));
#9677 = CARTESIAN_POINT('',(3.806313590116,5.877062136628,-0.2));
#9678 = ORIENTED_EDGE('',*,*,#9679,.T.);
#9679 = EDGE_CURVE('',#9672,#2559,#9680,.T.);
#9680 = LINE('',#9681,#9682);
#9681 = CARTESIAN_POINT('',(3.871311773256,5.761618822674,-0.2));
#9682 = VECTOR('',#9683,1.);
#9683 = DIRECTION('',(0.,0.,1.));
#9684 = ORIENTED_EDGE('',*,*,#2571,.F.);
#9685 = ORIENTED_EDGE('',*,*,#9653,.F.);
#9686 = SURFACE_OF_LINEAR_EXTRUSION('',#9687,#9691);
#9687 = B_SPLINE_CURVE_WITH_KNOTS('',2,(#9688,#9689,#9690),
  .UNSPECIFIED.,.F.,.F.,(3,3),(0.,1.),.PIECEWISE_BEZIER_KNOTS.);
#9688 = CARTESIAN_POINT('',(3.871311773256,5.761618822674,-0.2));
#9689 = CARTESIAN_POINT('',(3.871311773256,5.834956395349,-0.2));
#9690 = CARTESIAN_POINT('',(3.806313590116,5.877062136628,-0.2));
#9691 = VECTOR('',#9692,1.);
#9692 = DIRECTION('',(-0.,-0.,-1.));
#9693 = ADVANCED_FACE('',(#9694),#9712,.F.);
#9694 = FACE_BOUND('',#9695,.F.);
#9695 = EDGE_LOOP('',(#9696,#9704,#9710,#9711));
#9696 = ORIENTED_EDGE('',*,*,#9697,.F.);
#9697 = EDGE_CURVE('',#9698,#9672,#9700,.T.);
#9698 = VERTEX_POINT('',#9699);
#9699 = CARTESIAN_POINT('',(3.797728924419,5.619031613372,-0.2));
#9700 = B_SPLINE_CURVE_WITH_KNOTS('',2,(#9701,#9702,#9703),
  .UNSPECIFIED.,.F.,.F.,(3,3),(0.,1.),.PIECEWISE_BEZIER_KNOTS.);
#9701 = CARTESIAN_POINT('',(3.797728924419,5.619031613372,-0.2));
#9702 = CARTESIAN_POINT('',(3.871311773256,5.679778343023,-0.2));
#9703 = CARTESIAN_POINT('',(3.871311773256,5.761618822674,-0.2));
#9704 = ORIENTED_EDGE('',*,*,#9705,.T.);
#9705 = EDGE_CURVE('',#9698,#2548,#9706,.T.);
#9706 = LINE('',#9707,#9708);
#9707 = CARTESIAN_POINT('',(3.797728924419,5.619031613372,-0.2));
#9708 = VECTOR('',#9709,1.);
#9709 = DIRECTION('',(0.,0.,1.));
#9710 = ORIENTED_EDGE('',*,*,#2558,.F.);
#9711 = ORIENTED_EDGE('',*,*,#9679,.F.);
#9712 = SURFACE_OF_LINEAR_EXTRUSION('',#9713,#9717);
#9713 = B_SPLINE_CURVE_WITH_KNOTS('',2,(#9714,#9715,#9716),
  .UNSPECIFIED.,.F.,.F.,(3,3),(0.,1.),.PIECEWISE_BEZIER_KNOTS.);
#9714 = CARTESIAN_POINT('',(3.797728924419,5.619031613372,-0.2));
#9715 = CARTESIAN_POINT('',(3.871311773256,5.679778343023,-0.2));
#9716 = CARTESIAN_POINT('',(3.871311773256,5.761618822674,-0.2));
#9717 = VECTOR('',#9718,1.);
#9718 = DIRECTION('',(-0.,-0.,-1.));
#9719 = ADVANCED_FACE('',(#9720),#9738,.F.);
#9720 = FACE_BOUND('',#9721,.F.);
#9721 = EDGE_LOOP('',(#9722,#9730,#9736,#9737));
#9722 = ORIENTED_EDGE('',*,*,#9723,.F.);
#9723 = EDGE_CURVE('',#9724,#9698,#9726,.T.);
#9724 = VERTEX_POINT('',#9725);
#9725 = CARTESIAN_POINT('',(3.572074854651,5.558284883721,-0.2));
#9726 = B_SPLINE_CURVE_WITH_KNOTS('',2,(#9727,#9728,#9729),
  .UNSPECIFIED.,.F.,.F.,(3,3),(0.,1.),.PIECEWISE_BEZIER_KNOTS.);
#9727 = CARTESIAN_POINT('',(3.572074854651,5.558284883721,-0.2));
#9728 = CARTESIAN_POINT('',(3.724146075581,5.558284883721,-0.2));
#9729 = CARTESIAN_POINT('',(3.797728924419,5.619031613372,-0.2));
#9730 = ORIENTED_EDGE('',*,*,#9731,.T.);
#9731 = EDGE_CURVE('',#9724,#2537,#9732,.T.);
#9732 = LINE('',#9733,#9734);
#9733 = CARTESIAN_POINT('',(3.572074854651,5.558284883721,-0.2));
#9734 = VECTOR('',#9735,1.);
#9735 = DIRECTION('',(0.,0.,1.));
#9736 = ORIENTED_EDGE('',*,*,#2547,.F.);
#9737 = ORIENTED_EDGE('',*,*,#9705,.F.);
#9738 = SURFACE_OF_LINEAR_EXTRUSION('',#9739,#9743);
#9739 = B_SPLINE_CURVE_WITH_KNOTS('',2,(#9740,#9741,#9742),
  .UNSPECIFIED.,.F.,.F.,(3,3),(0.,1.),.PIECEWISE_BEZIER_KNOTS.);
#9740 = CARTESIAN_POINT('',(3.572074854651,5.558284883721,-0.2));
#9741 = CARTESIAN_POINT('',(3.724146075581,5.558284883721,-0.2));
#9742 = CARTESIAN_POINT('',(3.797728924419,5.619031613372,-0.2));
#9743 = VECTOR('',#9744,1.);
#9744 = DIRECTION('',(-0.,-0.,-1.));
#9745 = ADVANCED_FACE('',(#9746),#9764,.F.);
#9746 = FACE_BOUND('',#9747,.F.);
#9747 = EDGE_LOOP('',(#9748,#9756,#9762,#9763));
#9748 = ORIENTED_EDGE('',*,*,#9749,.F.);
#9749 = EDGE_CURVE('',#9750,#9724,#9752,.T.);
#9750 = VERTEX_POINT('',#9751);
#9751 = CARTESIAN_POINT('',(3.337182049419,5.62671693314,-0.2));
#9752 = B_SPLINE_CURVE_WITH_KNOTS('',2,(#9753,#9754,#9755),
  .UNSPECIFIED.,.F.,.F.,(3,3),(0.,1.),.PIECEWISE_BEZIER_KNOTS.);
#9753 = CARTESIAN_POINT('',(3.337182049419,5.62671693314,-0.2));
#9754 = CARTESIAN_POINT('',(3.421230014535,5.558284883721,-0.2));
#9755 = CARTESIAN_POINT('',(3.572074854651,5.558284883721,-0.2));
#9756 = ORIENTED_EDGE('',*,*,#9757,.T.);
#9757 = EDGE_CURVE('',#9750,#2522,#9758,.T.);
#9758 = LINE('',#9759,#9760);
#9759 = CARTESIAN_POINT('',(3.337182049419,5.62671693314,-0.2));
#9760 = VECTOR('',#9761,1.);
#9761 = DIRECTION('',(0.,0.,1.));
#9762 = ORIENTED_EDGE('',*,*,#2536,.F.);
#9763 = ORIENTED_EDGE('',*,*,#9731,.F.);
#9764 = SURFACE_OF_LINEAR_EXTRUSION('',#9765,#9769);
#9765 = B_SPLINE_CURVE_WITH_KNOTS('',2,(#9766,#9767,#9768),
  .UNSPECIFIED.,.F.,.F.,(3,3),(0.,1.),.PIECEWISE_BEZIER_KNOTS.);
#9766 = CARTESIAN_POINT('',(3.337182049419,5.62671693314,-0.2));
#9767 = CARTESIAN_POINT('',(3.421230014535,5.558284883721,-0.2));
#9768 = CARTESIAN_POINT('',(3.572074854651,5.558284883721,-0.2));
#9769 = VECTOR('',#9770,1.);
#9770 = DIRECTION('',(-0.,-0.,-1.));
#9771 = ADVANCED_FACE('',(#9772),#9783,.F.);
#9772 = FACE_BOUND('',#9773,.F.);
#9773 = EDGE_LOOP('',(#9774,#9780,#9781,#9782));
#9774 = ORIENTED_EDGE('',*,*,#9775,.F.);
#9775 = EDGE_CURVE('',#8943,#9750,#9776,.T.);
#9776 = B_SPLINE_CURVE_WITH_KNOTS('',2,(#9777,#9778,#9779),
  .UNSPECIFIED.,.F.,.F.,(3,3),(0.,1.),.PIECEWISE_BEZIER_KNOTS.);
#9777 = CARTESIAN_POINT('',(3.234820130814,5.823837209302,-0.2));
#9778 = CARTESIAN_POINT('',(3.253215843023,5.695230741279,-0.2));
#9779 = CARTESIAN_POINT('',(3.337182049419,5.62671693314,-0.2));
#9780 = ORIENTED_EDGE('',*,*,#8957,.T.);
#9781 = ORIENTED_EDGE('',*,*,#2521,.F.);
#9782 = ORIENTED_EDGE('',*,*,#9757,.F.);
#9783 = SURFACE_OF_LINEAR_EXTRUSION('',#9784,#9788);
#9784 = B_SPLINE_CURVE_WITH_KNOTS('',2,(#9785,#9786,#9787),
  .UNSPECIFIED.,.F.,.F.,(3,3),(0.,1.),.PIECEWISE_BEZIER_KNOTS.);
#9785 = CARTESIAN_POINT('',(3.234820130814,5.823837209302,-0.2));
#9786 = CARTESIAN_POINT('',(3.253215843023,5.695230741279,-0.2));
#9787 = CARTESIAN_POINT('',(3.337182049419,5.62671693314,-0.2));
#9788 = VECTOR('',#9789,1.);
#9789 = DIRECTION('',(-0.,-0.,-1.));
#9790 = ADVANCED_FACE('',(#9791),#9816,.F.);
#9791 = FACE_BOUND('',#9792,.F.);
#9792 = EDGE_LOOP('',(#9793,#9803,#9809,#9810));
#9793 = ORIENTED_EDGE('',*,*,#9794,.F.);
#9794 = EDGE_CURVE('',#9795,#9797,#9799,.T.);
#9795 = VERTEX_POINT('',#9796);
#9796 = CARTESIAN_POINT('',(7.754442223837,5.944186046512,-0.2));
#9797 = VERTEX_POINT('',#9798);
#9798 = CARTESIAN_POINT('',(7.754442223837,6.163953488372,-0.2));
#9799 = LINE('',#9800,#9801);
#9800 = CARTESIAN_POINT('',(7.754442223837,5.944186046512,-0.2));
#9801 = VECTOR('',#9802,1.);
#9802 = DIRECTION('',(0.,1.,0.));
#9803 = ORIENTED_EDGE('',*,*,#9804,.T.);
#9804 = EDGE_CURVE('',#9795,#2891,#9805,.T.);
#9805 = LINE('',#9806,#9807);
#9806 = CARTESIAN_POINT('',(7.754442223837,5.944186046512,-0.2));
#9807 = VECTOR('',#9808,1.);
#9808 = DIRECTION('',(0.,0.,1.));
#9809 = ORIENTED_EDGE('',*,*,#2888,.F.);
#9810 = ORIENTED_EDGE('',*,*,#9811,.F.);
#9811 = EDGE_CURVE('',#9797,#2889,#9812,.T.);
#9812 = LINE('',#9813,#9814);
#9813 = CARTESIAN_POINT('',(7.754442223837,6.163953488372,-0.2));
#9814 = VECTOR('',#9815,1.);
#9815 = DIRECTION('',(0.,0.,1.));
#9816 = PLANE('',#9817);
#9817 = AXIS2_PLACEMENT_3D('',#9818,#9819,#9820);
#9818 = CARTESIAN_POINT('',(7.754442223837,5.944186046512,-0.2));
#9819 = DIRECTION('',(-1.,0.,0.));
#9820 = DIRECTION('',(0.,1.,0.));
#9821 = ADVANCED_FACE('',(#9822),#9840,.F.);
#9822 = FACE_BOUND('',#9823,.F.);
#9823 = EDGE_LOOP('',(#9824,#9832,#9838,#9839));
#9824 = ORIENTED_EDGE('',*,*,#9825,.F.);
#9825 = EDGE_CURVE('',#9826,#9795,#9828,.T.);
#9826 = VERTEX_POINT('',#9827);
#9827 = CARTESIAN_POINT('',(8.432630813953,5.944186046512,-0.2));
#9828 = LINE('',#9829,#9830);
#9829 = CARTESIAN_POINT('',(8.432630813953,5.944186046512,-0.2));
#9830 = VECTOR('',#9831,1.);
#9831 = DIRECTION('',(-1.,0.,0.));
#9832 = ORIENTED_EDGE('',*,*,#9833,.T.);
#9833 = EDGE_CURVE('',#9826,#2907,#9834,.T.);
#9834 = LINE('',#9835,#9836);
#9835 = CARTESIAN_POINT('',(8.432630813953,5.944186046512,-0.2));
#9836 = VECTOR('',#9837,1.);
#9837 = DIRECTION('',(0.,0.,1.));
#9838 = ORIENTED_EDGE('',*,*,#2914,.F.);
#9839 = ORIENTED_EDGE('',*,*,#9804,.F.);
#9840 = PLANE('',#9841);
#9841 = AXIS2_PLACEMENT_3D('',#9842,#9843,#9844);
#9842 = CARTESIAN_POINT('',(8.432630813953,5.944186046512,-0.2));
#9843 = DIRECTION('',(0.,-1.,0.));
#9844 = DIRECTION('',(-1.,0.,0.));
#9845 = ADVANCED_FACE('',(#9846),#9864,.F.);
#9846 = FACE_BOUND('',#9847,.F.);
#9847 = EDGE_LOOP('',(#9848,#9856,#9862,#9863));
#9848 = ORIENTED_EDGE('',*,*,#9849,.F.);
#9849 = EDGE_CURVE('',#9850,#9826,#9852,.T.);
#9850 = VERTEX_POINT('',#9851);
#9851 = CARTESIAN_POINT('',(8.432630813953,6.163953488372,-0.2));
#9852 = LINE('',#9853,#9854);
#9853 = CARTESIAN_POINT('',(8.432630813953,6.163953488372,-0.2));
#9854 = VECTOR('',#9855,1.);
#9855 = DIRECTION('',(0.,-1.,0.));
#9856 = ORIENTED_EDGE('',*,*,#9857,.T.);
#9857 = EDGE_CURVE('',#9850,#2899,#9858,.T.);
#9858 = LINE('',#9859,#9860);
#9859 = CARTESIAN_POINT('',(8.432630813953,6.163953488372,-0.2));
#9860 = VECTOR('',#9861,1.);
#9861 = DIRECTION('',(0.,0.,1.));
#9862 = ORIENTED_EDGE('',*,*,#2906,.F.);
#9863 = ORIENTED_EDGE('',*,*,#9833,.F.);
#9864 = PLANE('',#9865);
#9865 = AXIS2_PLACEMENT_3D('',#9866,#9867,#9868);
#9866 = CARTESIAN_POINT('',(8.432630813953,6.163953488372,-0.2));
#9867 = DIRECTION('',(1.,0.,0.));
#9868 = DIRECTION('',(0.,-1.,0.));
#9869 = ADVANCED_FACE('',(#9870),#9881,.F.);
#9870 = FACE_BOUND('',#9871,.F.);
#9871 = EDGE_LOOP('',(#9872,#9878,#9879,#9880));
#9872 = ORIENTED_EDGE('',*,*,#9873,.F.);
#9873 = EDGE_CURVE('',#9797,#9850,#9874,.T.);
#9874 = LINE('',#9875,#9876);
#9875 = CARTESIAN_POINT('',(7.754442223837,6.163953488372,-0.2));
#9876 = VECTOR('',#9877,1.);
#9877 = DIRECTION('',(1.,0.,0.));
#9878 = ORIENTED_EDGE('',*,*,#9811,.T.);
#9879 = ORIENTED_EDGE('',*,*,#2898,.F.);
#9880 = ORIENTED_EDGE('',*,*,#9857,.F.);
#9881 = PLANE('',#9882);
#9882 = AXIS2_PLACEMENT_3D('',#9883,#9884,#9885);
#9883 = CARTESIAN_POINT('',(7.754442223837,6.163953488372,-0.2));
#9884 = DIRECTION('',(0.,1.,0.));
#9885 = DIRECTION('',(1.,0.,0.));
#9886 = ADVANCED_FACE('',(#9887,#9913,#9924,#9976),#9987,.F.);
#9887 = FACE_BOUND('',#9888,.F.);
#9888 = EDGE_LOOP('',(#9889,#9890,#9891,#9892,#9893,#9894,#9895,#9896,
    #9897,#9898,#9899,#9900,#9901,#9902,#9903,#9904,#9905,#9906,#9907,
    #9908,#9909,#9910,#9911,#9912));
#9889 = ORIENTED_EDGE('',*,*,#2992,.T.);
#9890 = ORIENTED_EDGE('',*,*,#2936,.T.);
#9891 = ORIENTED_EDGE('',*,*,#2960,.T.);
#9892 = ORIENTED_EDGE('',*,*,#3010,.T.);
#9893 = ORIENTED_EDGE('',*,*,#3065,.F.);
#9894 = ORIENTED_EDGE('',*,*,#3108,.T.);
#9895 = ORIENTED_EDGE('',*,*,#3156,.T.);
#9896 = ORIENTED_EDGE('',*,*,#3215,.F.);
#9897 = ORIENTED_EDGE('',*,*,#3254,.T.);
#9898 = ORIENTED_EDGE('',*,*,#3311,.F.);
#9899 = ORIENTED_EDGE('',*,*,#3359,.F.);
#9900 = ORIENTED_EDGE('',*,*,#3409,.F.);
#9901 = ORIENTED_EDGE('',*,*,#3450,.T.);
#9902 = ORIENTED_EDGE('',*,*,#3502,.T.);
#9903 = ORIENTED_EDGE('',*,*,#3482,.T.);
#9904 = ORIENTED_EDGE('',*,*,#3433,.T.);
#9905 = ORIENTED_EDGE('',*,*,#3377,.F.);
#9906 = ORIENTED_EDGE('',*,*,#3335,.T.);
#9907 = ORIENTED_EDGE('',*,*,#3286,.T.);
#9908 = ORIENTED_EDGE('',*,*,#3239,.F.);
#9909 = ORIENTED_EDGE('',*,*,#3188,.T.);
#9910 = ORIENTED_EDGE('',*,*,#3132,.F.);
#9911 = ORIENTED_EDGE('',*,*,#3083,.F.);
#9912 = ORIENTED_EDGE('',*,*,#3034,.F.);
#9913 = FACE_BOUND('',#9914,.F.);
#9914 = EDGE_LOOP('',(#9915));
#9915 = ORIENTED_EDGE('',*,*,#9916,.T.);
#9916 = EDGE_CURVE('',#9917,#9917,#9919,.T.);
#9917 = VERTEX_POINT('',#9918);
#9918 = CARTESIAN_POINT('',(-11.25,0.,-2.5));
#9919 = CIRCLE('',#9920,1.5);
#9920 = AXIS2_PLACEMENT_3D('',#9921,#9922,#9923);
#9921 = CARTESIAN_POINT('',(-12.75,0.,-2.5));
#9922 = DIRECTION('',(0.,0.,-1.));
#9923 = DIRECTION('',(1.,0.,0.));
#9924 = FACE_BOUND('',#9925,.F.);
#9925 = EDGE_LOOP('',(#9926,#9936,#9944,#9953,#9961,#9970));
#9926 = ORIENTED_EDGE('',*,*,#9927,.F.);
#9927 = EDGE_CURVE('',#9928,#9930,#9932,.T.);
#9928 = VERTEX_POINT('',#9929);
#9929 = CARTESIAN_POINT('',(-9.4,5.85,-2.5));
#9930 = VERTEX_POINT('',#9931);
#9931 = CARTESIAN_POINT('',(-9.4,-5.85,-2.5));
#9932 = LINE('',#9933,#9934);
#9933 = CARTESIAN_POINT('',(-9.4,2.925,-2.5));
#9934 = VECTOR('',#9935,1.);
#9935 = DIRECTION('',(0.,-1.,0.));
#9936 = ORIENTED_EDGE('',*,*,#9937,.F.);
#9937 = EDGE_CURVE('',#9938,#9928,#9940,.T.);
#9938 = VERTEX_POINT('',#9939);
#9939 = CARTESIAN_POINT('',(6.9,5.85,-2.5));
#9940 = LINE('',#9941,#9942);
#9941 = CARTESIAN_POINT('',(3.45,5.85,-2.5));
#9942 = VECTOR('',#9943,1.);
#9943 = DIRECTION('',(-1.,0.,0.));
#9944 = ORIENTED_EDGE('',*,*,#9945,.F.);
#9945 = EDGE_CURVE('',#9946,#9938,#9948,.T.);
#9946 = VERTEX_POINT('',#9947);
#9947 = CARTESIAN_POINT('',(9.399999999998,3.35,-2.5));
#9948 = CIRCLE('',#9949,2.5);
#9949 = AXIS2_PLACEMENT_3D('',#9950,#9951,#9952);
#9950 = CARTESIAN_POINT('',(6.9,3.35,-2.5));
#9951 = DIRECTION('',(0.,0.,1.));
#9952 = DIRECTION('',(1.,0.,0.));
#9953 = ORIENTED_EDGE('',*,*,#9954,.F.);
#9954 = EDGE_CURVE('',#9955,#9946,#9957,.T.);
#9955 = VERTEX_POINT('',#9956);
#9956 = CARTESIAN_POINT('',(9.399999999996,-3.350000000002,-2.5));
#9957 = LINE('',#9958,#9959);
#9958 = CARTESIAN_POINT('',(9.399999999996,-1.675000000001,-2.5));
#9959 = VECTOR('',#9960,1.);
#9960 = DIRECTION('',(0.,1.,0.));
#9961 = ORIENTED_EDGE('',*,*,#9962,.F.);
#9962 = EDGE_CURVE('',#9963,#9955,#9965,.T.);
#9963 = VERTEX_POINT('',#9964);
#9964 = CARTESIAN_POINT('',(6.899999999996,-5.85,-2.5));
#9965 = CIRCLE('',#9966,2.5);
#9966 = AXIS2_PLACEMENT_3D('',#9967,#9968,#9969);
#9967 = CARTESIAN_POINT('',(6.899999999996,-3.35,-2.5));
#9968 = DIRECTION('',(0.,0.,1.));
#9969 = DIRECTION('',(1.,0.,0.));
#9970 = ORIENTED_EDGE('',*,*,#9971,.F.);
#9971 = EDGE_CURVE('',#9930,#9963,#9972,.T.);
#9972 = LINE('',#9973,#9974);
#9973 = CARTESIAN_POINT('',(-4.7,-5.85,-2.5));
#9974 = VECTOR('',#9975,1.);
#9975 = DIRECTION('',(1.,0.,0.));
#9976 = FACE_BOUND('',#9977,.F.);
#9977 = EDGE_LOOP('',(#9978));
#9978 = ORIENTED_EDGE('',*,*,#9979,.T.);
#9979 = EDGE_CURVE('',#9980,#9980,#9982,.T.);
#9980 = VERTEX_POINT('',#9981);
#9981 = CARTESIAN_POINT('',(14.25,0.,-2.5));
#9982 = CIRCLE('',#9983,1.5);
#9983 = AXIS2_PLACEMENT_3D('',#9984,#9985,#9986);
#9984 = CARTESIAN_POINT('',(12.75,0.,-2.5));
#9985 = DIRECTION('',(0.,0.,-1.));
#9986 = DIRECTION('',(1.,0.,0.));
#9987 = PLANE('',#9988);
#9988 = AXIS2_PLACEMENT_3D('',#9989,#9990,#9991);
#9989 = CARTESIAN_POINT('',(-1.6E-16,0.,-2.5));
#9990 = DIRECTION('',(0.,0.,1.));
#9991 = DIRECTION('',(1.,0.,0.));
#9992 = ADVANCED_FACE('',(#9993),#10011,.T.);
#9993 = FACE_BOUND('',#9994,.T.);
#9994 = EDGE_LOOP('',(#9995,#9996,#9997,#9998,#9999,#10000,#10001,#10002
    ,#10003,#10004,#10005,#10006,#10007,#10008,#10009,#10010));
#9995 = ORIENTED_EDGE('',*,*,#3516,.F.);
#9996 = ORIENTED_EDGE('',*,*,#3547,.F.);
#9997 = ORIENTED_EDGE('',*,*,#3571,.F.);
#9998 = ORIENTED_EDGE('',*,*,#3595,.F.);
#9999 = ORIENTED_EDGE('',*,*,#3621,.F.);
#10000 = ORIENTED_EDGE('',*,*,#3647,.F.);
#10001 = ORIENTED_EDGE('',*,*,#3671,.F.);
#10002 = ORIENTED_EDGE('',*,*,#3695,.F.);
#10003 = ORIENTED_EDGE('',*,*,#3719,.F.);
#10004 = ORIENTED_EDGE('',*,*,#3743,.F.);
#10005 = ORIENTED_EDGE('',*,*,#3767,.F.);
#10006 = ORIENTED_EDGE('',*,*,#3791,.F.);
#10007 = ORIENTED_EDGE('',*,*,#3817,.F.);
#10008 = ORIENTED_EDGE('',*,*,#3843,.F.);
#10009 = ORIENTED_EDGE('',*,*,#3867,.F.);
#10010 = ORIENTED_EDGE('',*,*,#3891,.F.);
#10011 = PLANE('',#10012);
#10012 = AXIS2_PLACEMENT_3D('',#10013,#10014,#10015);
#10013 = CARTESIAN_POINT('',(-5.01813190689,-6.106837702124,-0.2));
#10014 = DIRECTION('',(0.,0.,1.));
#10015 = DIRECTION('',(1.,0.,0.));
#10016 = ADVANCED_FACE('',(#10017),#10027,.T.);
#10017 = FACE_BOUND('',#10018,.T.);
#10018 = EDGE_LOOP('',(#10019,#10020,#10021,#10022,#10023,#10024,#10025,
    #10026));
#10019 = ORIENTED_EDGE('',*,*,#3908,.F.);
#10020 = ORIENTED_EDGE('',*,*,#3939,.F.);
#10021 = ORIENTED_EDGE('',*,*,#3963,.F.);
#10022 = ORIENTED_EDGE('',*,*,#3987,.F.);
#10023 = ORIENTED_EDGE('',*,*,#4011,.F.);
#10024 = ORIENTED_EDGE('',*,*,#4035,.F.);
#10025 = ORIENTED_EDGE('',*,*,#4059,.F.);
#10026 = ORIENTED_EDGE('',*,*,#4083,.F.);
#10027 = PLANE('',#10028);
#10028 = AXIS2_PLACEMENT_3D('',#10029,#10030,#10031);
#10029 = CARTESIAN_POINT('',(-3.415830577485,-5.806992794978,-0.2));
#10030 = DIRECTION('',(0.,0.,1.));
#10031 = DIRECTION('',(1.,0.,0.));
#10032 = ADVANCED_FACE('',(#10033,#10054),#10128,.T.);
#10033 = FACE_BOUND('',#10034,.T.);
#10034 = EDGE_LOOP('',(#10035,#10036,#10037,#10038,#10039,#10040,#10041,
    #10042,#10043,#10044,#10045,#10046,#10047,#10048,#10049,#10050,
    #10051,#10052,#10053));
#10035 = ORIENTED_EDGE('',*,*,#4100,.F.);
#10036 = ORIENTED_EDGE('',*,*,#4131,.F.);
#10037 = ORIENTED_EDGE('',*,*,#4157,.F.);
#10038 = ORIENTED_EDGE('',*,*,#4183,.F.);
#10039 = ORIENTED_EDGE('',*,*,#4209,.F.);
#10040 = ORIENTED_EDGE('',*,*,#4235,.F.);
#10041 = ORIENTED_EDGE('',*,*,#4261,.F.);
#10042 = ORIENTED_EDGE('',*,*,#4287,.F.);
#10043 = ORIENTED_EDGE('',*,*,#4313,.F.);
#10044 = ORIENTED_EDGE('',*,*,#4339,.F.);
#10045 = ORIENTED_EDGE('',*,*,#4365,.F.);
#10046 = ORIENTED_EDGE('',*,*,#4391,.F.);
#10047 = ORIENTED_EDGE('',*,*,#4417,.F.);
#10048 = ORIENTED_EDGE('',*,*,#4443,.F.);
#10049 = ORIENTED_EDGE('',*,*,#4469,.F.);
#10050 = ORIENTED_EDGE('',*,*,#4495,.F.);
#10051 = ORIENTED_EDGE('',*,*,#4521,.F.);
#10052 = ORIENTED_EDGE('',*,*,#4547,.F.);
#10053 = ORIENTED_EDGE('',*,*,#4573,.F.);
#10054 = FACE_BOUND('',#10055,.T.);
#10055 = EDGE_LOOP('',(#10056,#10066,#10074,#10082,#10090,#10098,#10106,
    #10114,#10122));
#10056 = ORIENTED_EDGE('',*,*,#10057,.F.);
#10057 = EDGE_CURVE('',#10058,#10060,#10062,.T.);
#10058 = VERTEX_POINT('',#10059);
#10059 = CARTESIAN_POINT('',(-2.305187036628,-6.413299418605,-0.2));
#10060 = VERTEX_POINT('',#10061);
#10061 = CARTESIAN_POINT('',(-2.256785873837,-6.63265806686,-0.2));
#10062 = B_SPLINE_CURVE_WITH_KNOTS('',2,(#10063,#10064,#10065),
  .UNSPECIFIED.,.F.,.F.,(3,3),(0.,1.),.PIECEWISE_BEZIER_KNOTS.);
#10063 = CARTESIAN_POINT('',(-2.305187036628,-6.413299418605,-0.2));
#10064 = CARTESIAN_POINT('',(-2.305187036628,-6.527925145349,-0.2));
#10065 = CARTESIAN_POINT('',(-2.256785873837,-6.63265806686,-0.2));
#10066 = ORIENTED_EDGE('',*,*,#10067,.F.);
#10067 = EDGE_CURVE('',#10068,#10058,#10070,.T.);
#10068 = VERTEX_POINT('',#10069);
#10069 = CARTESIAN_POINT('',(-2.200944667442,-6.130659520349,-0.2));
#10070 = B_SPLINE_CURVE_WITH_KNOTS('',2,(#10071,#10072,#10073),
  .UNSPECIFIED.,.F.,.F.,(3,3),(0.,1.),.PIECEWISE_BEZIER_KNOTS.);
#10071 = CARTESIAN_POINT('',(-2.200944667442,-6.130659520349,-0.2));
#10072 = CARTESIAN_POINT('',(-2.305187036628,-6.238417514535,-0.2));
#10073 = CARTESIAN_POINT('',(-2.305187036628,-6.413299418605,-0.2));
#10074 = ORIENTED_EDGE('',*,*,#10075,.F.);
#10075 = EDGE_CURVE('',#10076,#10068,#10078,.T.);
#10076 = VERTEX_POINT('',#10077);
#10077 = CARTESIAN_POINT('',(-1.947083838953,-6.022819767442,-0.2));
#10078 = B_SPLINE_CURVE_WITH_KNOTS('',2,(#10079,#10080,#10081),
  .UNSPECIFIED.,.F.,.F.,(3,3),(0.,1.),.PIECEWISE_BEZIER_KNOTS.);
#10079 = CARTESIAN_POINT('',(-1.947083838953,-6.022819767442,-0.2));
#10080 = CARTESIAN_POINT('',(-2.096702298256,-6.022819767442,-0.2));
#10081 = CARTESIAN_POINT('',(-2.200944667442,-6.130659520349,-0.2));
#10082 = ORIENTED_EDGE('',*,*,#10083,.F.);
#10083 = EDGE_CURVE('',#10084,#10076,#10086,.T.);
#10084 = VERTEX_POINT('',#10085);
#10085 = CARTESIAN_POINT('',(-1.696902152907,-6.130659520349,-0.2));
#10086 = B_SPLINE_CURVE_WITH_KNOTS('',2,(#10087,#10088,#10089),
  .UNSPECIFIED.,.F.,.F.,(3,3),(0.,1.),.PIECEWISE_BEZIER_KNOTS.);
#10087 = CARTESIAN_POINT('',(-1.696902152907,-6.130659520349,-0.2));
#10088 = CARTESIAN_POINT('',(-1.796238998837,-6.022819767442,-0.2));
#10089 = CARTESIAN_POINT('',(-1.947083838953,-6.022819767442,-0.2));
#10090 = ORIENTED_EDGE('',*,*,#10091,.F.);
#10091 = EDGE_CURVE('',#10092,#10084,#10094,.T.);
#10092 = VERTEX_POINT('',#10093);
#10093 = CARTESIAN_POINT('',(-1.597565306977,-6.425644985465,-0.2));
#10094 = B_SPLINE_CURVE_WITH_KNOTS('',2,(#10095,#10096,#10097),
  .UNSPECIFIED.,.F.,.F.,(3,3),(0.,1.),.PIECEWISE_BEZIER_KNOTS.);
#10095 = CARTESIAN_POINT('',(-1.597565306977,-6.425644985465,-0.2));
#10096 = CARTESIAN_POINT('',(-1.597565306977,-6.238417514535,-0.2));
#10097 = CARTESIAN_POINT('',(-1.696902152907,-6.130659520349,-0.2));
#10098 = ORIENTED_EDGE('',*,*,#10099,.F.);
#10099 = EDGE_CURVE('',#10100,#10092,#10102,.T.);
#10100 = VERTEX_POINT('',#10101);
#10101 = CARTESIAN_POINT('',(-1.698128533721,-6.733630087209,-0.2));
#10102 = B_SPLINE_CURVE_WITH_KNOTS('',2,(#10103,#10104,#10105),
  .UNSPECIFIED.,.F.,.F.,(3,3),(0.,1.),.PIECEWISE_BEZIER_KNOTS.);
#10103 = CARTESIAN_POINT('',(-1.698128533721,-6.733630087209,-0.2));
#10104 = CARTESIAN_POINT('',(-1.597565306977,-6.6203125,-0.2));
#10105 = CARTESIAN_POINT('',(-1.597565306977,-6.425644985465,-0.2));
#10106 = ORIENTED_EDGE('',*,*,#10107,.F.);
#10107 = EDGE_CURVE('',#10108,#10100,#10110,.T.);
#10108 = VERTEX_POINT('',#10109);
#10109 = CARTESIAN_POINT('',(-1.938499173256,-6.846947674419,-0.2));
#10110 = B_SPLINE_CURVE_WITH_KNOTS('',2,(#10111,#10112,#10113),
  .UNSPECIFIED.,.F.,.F.,(3,3),(0.,1.),.PIECEWISE_BEZIER_KNOTS.);
#10111 = CARTESIAN_POINT('',(-1.938499173256,-6.846947674419,-0.2));
#10112 = CARTESIAN_POINT('',(-1.798691760465,-6.846947674419,-0.2));
#10113 = CARTESIAN_POINT('',(-1.698128533721,-6.733630087209,-0.2));
#10114 = ORIENTED_EDGE('',*,*,#10115,.F.);
#10115 = EDGE_CURVE('',#10116,#10108,#10118,.T.);
#10116 = VERTEX_POINT('',#10117);
#10117 = CARTESIAN_POINT('',(-2.121229914535,-6.792169331395,-0.2));
#10118 = B_SPLINE_CURVE_WITH_KNOTS('',2,(#10119,#10120,#10121),
  .UNSPECIFIED.,.F.,.F.,(3,3),(0.,1.),.PIECEWISE_BEZIER_KNOTS.);
#10119 = CARTESIAN_POINT('',(-2.121229914535,-6.792169331395,-0.2));
#10120 = CARTESIAN_POINT('',(-2.034156876744,-6.846947674419,-0.2));
#10121 = CARTESIAN_POINT('',(-1.938499173256,-6.846947674419,-0.2));
#10122 = ORIENTED_EDGE('',*,*,#10123,.F.);
#10123 = EDGE_CURVE('',#10060,#10116,#10124,.T.);
#10124 = B_SPLINE_CURVE_WITH_KNOTS('',2,(#10125,#10126,#10127),
  .UNSPECIFIED.,.F.,.F.,(3,3),(0.,1.),.PIECEWISE_BEZIER_KNOTS.);
#10125 = CARTESIAN_POINT('',(-2.256785873837,-6.63265806686,-0.2));
#10126 = CARTESIAN_POINT('',(-2.208302952326,-6.737309229651,-0.2));
#10127 = CARTESIAN_POINT('',(-2.121229914535,-6.792169331395,-0.2));
#10128 = PLANE('',#10129);
#10129 = AXIS2_PLACEMENT_3D('',#10130,#10131,#10132);
#10130 = CARTESIAN_POINT('',(-1.973479225616,-6.100251321695,-0.2));
#10131 = DIRECTION('',(0.,0.,1.));
#10132 = DIRECTION('',(1.,0.,0.));
#10133 = ADVANCED_FACE('',(#10134,#10148),#10214,.T.);
#10134 = FACE_BOUND('',#10135,.T.);
#10135 = EDGE_LOOP('',(#10136,#10137,#10138,#10139,#10140,#10141,#10142,
    #10143,#10144,#10145,#10146,#10147));
#10136 = ORIENTED_EDGE('',*,*,#4592,.F.);
#10137 = ORIENTED_EDGE('',*,*,#4625,.F.);
#10138 = ORIENTED_EDGE('',*,*,#4651,.F.);
#10139 = ORIENTED_EDGE('',*,*,#4677,.F.);
#10140 = ORIENTED_EDGE('',*,*,#4703,.F.);
#10141 = ORIENTED_EDGE('',*,*,#4729,.F.);
#10142 = ORIENTED_EDGE('',*,*,#4755,.F.);
#10143 = ORIENTED_EDGE('',*,*,#4781,.F.);
#10144 = ORIENTED_EDGE('',*,*,#4807,.F.);
#10145 = ORIENTED_EDGE('',*,*,#4833,.F.);
#10146 = ORIENTED_EDGE('',*,*,#4859,.F.);
#10147 = ORIENTED_EDGE('',*,*,#4885,.F.);
#10148 = FACE_BOUND('',#10149,.T.);
#10149 = EDGE_LOOP('',(#10150,#10160,#10168,#10176,#10184,#10192,#10200,
    #10208));
#10150 = ORIENTED_EDGE('',*,*,#10151,.F.);
#10151 = EDGE_CURVE('',#10152,#10154,#10156,.T.);
#10152 = VERTEX_POINT('',#10153);
#10153 = CARTESIAN_POINT('',(-0.925263344767,-6.110465116279,-0.2));
#10154 = VERTEX_POINT('',#10155);
#10155 = CARTESIAN_POINT('',(-0.821675045349,-6.70027252907,-0.2));
#10156 = B_SPLINE_CURVE_WITH_KNOTS('',2,(#10157,#10158,#10159),
  .UNSPECIFIED.,.F.,.F.,(3,3),(0.,1.),.PIECEWISE_BEZIER_KNOTS.);
#10157 = CARTESIAN_POINT('',(-0.925263344767,-6.110465116279,-0.2));
#10158 = CARTESIAN_POINT('',(-0.925263344767,-6.553597383721,-0.2));
#10159 = CARTESIAN_POINT('',(-0.821675045349,-6.70027252907,-0.2));
#10160 = ORIENTED_EDGE('',*,*,#10161,.F.);
#10161 = EDGE_CURVE('',#10162,#10152,#10164,.T.);
#10162 = VERTEX_POINT('',#10163);
#10163 = CARTESIAN_POINT('',(-0.81120992907,-5.502834302326,-0.2));
#10164 = B_SPLINE_CURVE_WITH_KNOTS('',2,(#10165,#10166,#10167),
  .UNSPECIFIED.,.F.,.F.,(3,3),(0.,1.),.PIECEWISE_BEZIER_KNOTS.);
#10165 = CARTESIAN_POINT('',(-0.81120992907,-5.502834302326,-0.2));
#10166 = CARTESIAN_POINT('',(-0.925263344767,-5.667332848837,-0.2));
#10167 = CARTESIAN_POINT('',(-0.925263344767,-6.110465116279,-0.2));
#10168 = ORIENTED_EDGE('',*,*,#10169,.F.);
#10169 = EDGE_CURVE('',#10170,#10162,#10172,.T.);
#10170 = VERTEX_POINT('',#10171);
#10171 = CARTESIAN_POINT('',(-0.568386527907,-5.37398255814,-0.2));
#10172 = B_SPLINE_CURVE_WITH_KNOTS('',2,(#10173,#10174,#10175),
  .UNSPECIFIED.,.F.,.F.,(3,3),(0.,1.),.PIECEWISE_BEZIER_KNOTS.);
#10173 = CARTESIAN_POINT('',(-0.568386527907,-5.37398255814,-0.2));
#10174 = CARTESIAN_POINT('',(-0.720457748837,-5.37398255814,-0.2));
#10175 = CARTESIAN_POINT('',(-0.81120992907,-5.502834302326,-0.2));
#10176 = ORIENTED_EDGE('',*,*,#10177,.F.);
#10177 = EDGE_CURVE('',#10178,#10170,#10180,.T.);
#10178 = VERTEX_POINT('',#10179);
#10179 = CARTESIAN_POINT('',(-0.31027424593,-5.520085392442,-0.2));
#10180 = B_SPLINE_CURVE_WITH_KNOTS('',2,(#10181,#10182,#10183),
  .UNSPECIFIED.,.F.,.F.,(3,3),(0.,1.),.PIECEWISE_BEZIER_KNOTS.);
#10181 = CARTESIAN_POINT('',(-0.31027424593,-5.520085392442,-0.2));
#10182 = CARTESIAN_POINT('',(-0.413862545349,-5.37398255814,-0.2));
#10183 = CARTESIAN_POINT('',(-0.568386527907,-5.37398255814,-0.2));
#10184 = ORIENTED_EDGE('',*,*,#10185,.F.);
#10185 = EDGE_CURVE('',#10186,#10178,#10188,.T.);
#10186 = VERTEX_POINT('',#10187);
#10187 = CARTESIAN_POINT('',(-0.206604187791,-6.110465116279,-0.2));
#10188 = B_SPLINE_CURVE_WITH_KNOTS('',2,(#10189,#10190,#10191),
  .UNSPECIFIED.,.F.,.F.,(3,3),(0.,1.),.PIECEWISE_BEZIER_KNOTS.);
#10189 = CARTESIAN_POINT('',(-0.206604187791,-6.110465116279,-0.2));
#10190 = CARTESIAN_POINT('',(-0.206604187791,-5.666106468023,-0.2));
#10191 = CARTESIAN_POINT('',(-0.31027424593,-5.520085392442,-0.2));
#10192 = ORIENTED_EDGE('',*,*,#10193,.F.);
#10193 = EDGE_CURVE('',#10194,#10186,#10196,.T.);
#10194 = VERTEX_POINT('',#10195);
#10195 = CARTESIAN_POINT('',(-0.31027424593,-6.699700218023,-0.2));
#10196 = B_SPLINE_CURVE_WITH_KNOTS('',2,(#10197,#10198,#10199),
  .UNSPECIFIED.,.F.,.F.,(3,3),(0.,1.),.PIECEWISE_BEZIER_KNOTS.);
#10197 = CARTESIAN_POINT('',(-0.31027424593,-6.699700218023,-0.2));
#10198 = CARTESIAN_POINT('',(-0.206604187791,-6.552371002907,-0.2));
#10199 = CARTESIAN_POINT('',(-0.206604187791,-6.110465116279,-0.2));
#10200 = ORIENTED_EDGE('',*,*,#10201,.F.);
#10201 = EDGE_CURVE('',#10202,#10194,#10204,.T.);
#10202 = VERTEX_POINT('',#10203);
#10203 = CARTESIAN_POINT('',(-0.565933766279,-6.846947674419,-0.2));
#10204 = B_SPLINE_CURVE_WITH_KNOTS('',2,(#10205,#10206,#10207),
  .UNSPECIFIED.,.F.,.F.,(3,3),(0.,1.),.PIECEWISE_BEZIER_KNOTS.);
#10205 = CARTESIAN_POINT('',(-0.565933766279,-6.846947674419,-0.2));
#10206 = CARTESIAN_POINT('',(-0.413862545349,-6.846947674419,-0.2));
#10207 = CARTESIAN_POINT('',(-0.31027424593,-6.699700218023,-0.2));
#10208 = ORIENTED_EDGE('',*,*,#10209,.F.);
#10209 = EDGE_CURVE('',#10154,#10202,#10210,.T.);
#10210 = B_SPLINE_CURVE_WITH_KNOTS('',2,(#10211,#10212,#10213),
  .UNSPECIFIED.,.F.,.F.,(3,3),(0.,1.),.PIECEWISE_BEZIER_KNOTS.);
#10211 = CARTESIAN_POINT('',(-0.821675045349,-6.70027252907,-0.2));
#10212 = CARTESIAN_POINT('',(-0.718004987209,-6.846947674419,-0.2));
#10213 = CARTESIAN_POINT('',(-0.565933766279,-6.846947674419,-0.2));
#10214 = PLANE('',#10215);
#10215 = AXIS2_PLACEMENT_3D('',#10216,#10217,#10218);
#10216 = CARTESIAN_POINT('',(-0.564941375095,-6.109510101708,-0.2));
#10217 = DIRECTION('',(0.,0.,1.));
#10218 = DIRECTION('',(1.,0.,0.));
#10219 = ADVANCED_FACE('',(#10220),#10231,.F.);
#10220 = FACE_BOUND('',#10221,.T.);
#10221 = EDGE_LOOP('',(#10222,#10228,#10229,#10230));
#10222 = ORIENTED_EDGE('',*,*,#10223,.F.);
#10223 = EDGE_CURVE('',#4905,#9917,#10224,.T.);
#10224 = LINE('',#10225,#10226);
#10225 = CARTESIAN_POINT('',(-11.25,0.,-2.));
#10226 = VECTOR('',#10227,1.);
#10227 = DIRECTION('',(-7.E-17,0.,-1.));
#10228 = ORIENTED_EDGE('',*,*,#4914,.T.);
#10229 = ORIENTED_EDGE('',*,*,#10223,.T.);
#10230 = ORIENTED_EDGE('',*,*,#9916,.T.);
#10231 = CYLINDRICAL_SURFACE('',#10232,1.5);
#10232 = AXIS2_PLACEMENT_3D('',#10233,#10234,#10235);
#10233 = CARTESIAN_POINT('',(-12.75,0.,-2.));
#10234 = DIRECTION('',(-0.,-0.,-1.));
#10235 = DIRECTION('',(1.,0.,0.));
#10236 = ADVANCED_FACE('',(#10237),#10243,.T.);
#10237 = FACE_BOUND('',#10238,.T.);
#10238 = EDGE_LOOP('',(#10239,#10240,#10241,#10242));
#10239 = ORIENTED_EDGE('',*,*,#4929,.F.);
#10240 = ORIENTED_EDGE('',*,*,#4960,.F.);
#10241 = ORIENTED_EDGE('',*,*,#4984,.F.);
#10242 = ORIENTED_EDGE('',*,*,#5008,.F.);
#10243 = PLANE('',#10244);
#10244 = AXIS2_PLACEMENT_3D('',#10245,#10246,#10247);
#10245 = CARTESIAN_POINT('',(3.908353115988,-6.345930232558,-0.2));
#10246 = DIRECTION('',(0.,0.,1.));
#10247 = DIRECTION('',(1.,0.,0.));
#10248 = ADVANCED_FACE('',(#10249,#10265,#10347),#10421,.T.);
#10249 = FACE_BOUND('',#10250,.T.);
#10250 = EDGE_LOOP('',(#10251,#10252,#10253,#10254,#10255,#10256,#10257,
    #10258,#10259,#10260,#10261,#10262,#10263,#10264));
#10251 = ORIENTED_EDGE('',*,*,#5025,.F.);
#10252 = ORIENTED_EDGE('',*,*,#5056,.F.);
#10253 = ORIENTED_EDGE('',*,*,#5080,.F.);
#10254 = ORIENTED_EDGE('',*,*,#5106,.F.);
#10255 = ORIENTED_EDGE('',*,*,#5132,.F.);
#10256 = ORIENTED_EDGE('',*,*,#5158,.F.);
#10257 = ORIENTED_EDGE('',*,*,#5184,.F.);
#10258 = ORIENTED_EDGE('',*,*,#5210,.F.);
#10259 = ORIENTED_EDGE('',*,*,#5236,.F.);
#10260 = ORIENTED_EDGE('',*,*,#5262,.F.);
#10261 = ORIENTED_EDGE('',*,*,#5288,.F.);
#10262 = ORIENTED_EDGE('',*,*,#5314,.F.);
#10263 = ORIENTED_EDGE('',*,*,#5340,.F.);
#10264 = ORIENTED_EDGE('',*,*,#5366,.F.);
#10265 = FACE_BOUND('',#10266,.T.);
#10266 = EDGE_LOOP('',(#10267,#10277,#10285,#10293,#10301,#10309,#10317,
    #10325,#10333,#10341));
#10267 = ORIENTED_EDGE('',*,*,#10268,.F.);
#10268 = EDGE_CURVE('',#10269,#10271,#10273,.T.);
#10269 = VERTEX_POINT('',#10270);
#10270 = CARTESIAN_POINT('',(0.562581858721,-6.792005813953,-0.2));
#10271 = VERTEX_POINT('',#10272);
#10272 = CARTESIAN_POINT('',(1.010210855814,-6.792005813953,-0.2));
#10273 = LINE('',#10274,#10275);
#10274 = CARTESIAN_POINT('',(0.562581858721,-6.792005813953,-0.2));
#10275 = VECTOR('',#10276,1.);
#10276 = DIRECTION('',(1.,0.,0.));
#10277 = ORIENTED_EDGE('',*,*,#10278,.F.);
#10278 = EDGE_CURVE('',#10279,#10269,#10281,.T.);
#10279 = VERTEX_POINT('',#10280);
#10280 = CARTESIAN_POINT('',(0.562581858721,-6.166715116279,-0.2));
#10281 = LINE('',#10282,#10283);
#10282 = CARTESIAN_POINT('',(0.562581858721,-6.166715116279,-0.2));
#10283 = VECTOR('',#10284,1.);
#10284 = DIRECTION('',(0.,-1.,0.));
#10285 = ORIENTED_EDGE('',*,*,#10286,.F.);
#10286 = EDGE_CURVE('',#10287,#10279,#10289,.T.);
#10287 = VERTEX_POINT('',#10288);
#10288 = CARTESIAN_POINT('',(0.978324954651,-6.166715116279,-0.2));
#10289 = LINE('',#10290,#10291);
#10290 = CARTESIAN_POINT('',(0.978324954651,-6.166715116279,-0.2));
#10291 = VECTOR('',#10292,1.);
#10292 = DIRECTION('',(-1.,0.,0.));
#10293 = ORIENTED_EDGE('',*,*,#10294,.F.);
#10294 = EDGE_CURVE('',#10295,#10287,#10297,.T.);
#10295 = VERTEX_POINT('',#10296);
#10296 = CARTESIAN_POINT('',(1.241342759884,-6.197129360465,-0.2));
#10297 = B_SPLINE_CURVE_WITH_KNOTS('',2,(#10298,#10299,#10300),
  .UNSPECIFIED.,.F.,.F.,(3,3),(0.,1.),.PIECEWISE_BEZIER_KNOTS.);
#10298 = CARTESIAN_POINT('',(1.241342759884,-6.197129360465,-0.2));
#10299 = CARTESIAN_POINT('',(1.150018268605,-6.166715116279,-0.2));
#10300 = CARTESIAN_POINT('',(0.978324954651,-6.166715116279,-0.2));
#10301 = ORIENTED_EDGE('',*,*,#10302,.F.);
#10302 = EDGE_CURVE('',#10303,#10295,#10305,.T.);
#10303 = VERTEX_POINT('',#10304);
#10304 = CARTESIAN_POINT('',(1.38425700407,-6.302598110465,-0.2));
#10305 = B_SPLINE_CURVE_WITH_KNOTS('',2,(#10306,#10307,#10308),
  .UNSPECIFIED.,.F.,.F.,(3,3),(0.,1.),.PIECEWISE_BEZIER_KNOTS.);
#10306 = CARTESIAN_POINT('',(1.38425700407,-6.302598110465,-0.2));
#10307 = CARTESIAN_POINT('',(1.332749009884,-6.227543604651,-0.2));
#10308 = CARTESIAN_POINT('',(1.241342759884,-6.197129360465,-0.2));
#10309 = ORIENTED_EDGE('',*,*,#10310,.F.);
#10310 = EDGE_CURVE('',#10311,#10303,#10313,.T.);
#10311 = VERTEX_POINT('',#10312);
#10312 = CARTESIAN_POINT('',(1.435764998256,-6.479360465116,-0.2));
#10313 = B_SPLINE_CURVE_WITH_KNOTS('',2,(#10314,#10315,#10316),
  .UNSPECIFIED.,.F.,.F.,(3,3),(0.,1.),.PIECEWISE_BEZIER_KNOTS.);
#10314 = CARTESIAN_POINT('',(1.435764998256,-6.479360465116,-0.2));
#10315 = CARTESIAN_POINT('',(1.435764998256,-6.377652616279,-0.2));
#10316 = CARTESIAN_POINT('',(1.38425700407,-6.302598110465,-0.2));
#10317 = ORIENTED_EDGE('',*,*,#10318,.F.);
#10318 = EDGE_CURVE('',#10319,#10311,#10321,.T.);
#10319 = VERTEX_POINT('',#10320);
#10320 = CARTESIAN_POINT('',(1.400199954651,-6.63257630814,-0.2));
#10321 = B_SPLINE_CURVE_WITH_KNOTS('',2,(#10322,#10323,#10324),
  .UNSPECIFIED.,.F.,.F.,(3,3),(0.,1.),.PIECEWISE_BEZIER_KNOTS.);
#10322 = CARTESIAN_POINT('',(1.400199954651,-6.63257630814,-0.2));
#10323 = CARTESIAN_POINT('',(1.435764998256,-6.566188226744,-0.2));
#10324 = CARTESIAN_POINT('',(1.435764998256,-6.479360465116,-0.2));
#10325 = ORIENTED_EDGE('',*,*,#10326,.F.);
#10326 = EDGE_CURVE('',#10327,#10319,#10329,.T.);
#10327 = VERTEX_POINT('',#10328);
#10328 = CARTESIAN_POINT('',(1.309447774419,-6.73371184593,-0.2));
#10329 = B_SPLINE_CURVE_WITH_KNOTS('',2,(#10330,#10331,#10332),
  .UNSPECIFIED.,.F.,.F.,(3,3),(0.,1.),.PIECEWISE_BEZIER_KNOTS.);
#10330 = CARTESIAN_POINT('',(1.309447774419,-6.73371184593,-0.2));
#10331 = CARTESIAN_POINT('',(1.364634911047,-6.698964389535,-0.2));
#10332 = CARTESIAN_POINT('',(1.400199954651,-6.63257630814,-0.2));
#10333 = ORIENTED_EDGE('',*,*,#10334,.F.);
#10334 = EDGE_CURVE('',#10335,#10327,#10337,.T.);
#10335 = VERTEX_POINT('',#10336);
#10336 = CARTESIAN_POINT('',(1.172093123256,-6.783339389535,-0.2));
#10337 = B_SPLINE_CURVE_WITH_KNOTS('',2,(#10338,#10339,#10340),
  .UNSPECIFIED.,.F.,.F.,(3,3),(0.,1.),.PIECEWISE_BEZIER_KNOTS.);
#10338 = CARTESIAN_POINT('',(1.172093123256,-6.783339389535,-0.2));
#10339 = CARTESIAN_POINT('',(1.254260637791,-6.768459302326,-0.2));
#10340 = CARTESIAN_POINT('',(1.309447774419,-6.73371184593,-0.2));
#10341 = ORIENTED_EDGE('',*,*,#10342,.F.);
#10342 = EDGE_CURVE('',#10271,#10335,#10343,.T.);
#10343 = B_SPLINE_CURVE_WITH_KNOTS('',2,(#10344,#10345,#10346),
  .UNSPECIFIED.,.F.,.F.,(3,3),(0.,1.),.PIECEWISE_BEZIER_KNOTS.);
#10344 = CARTESIAN_POINT('',(1.010210855814,-6.792005813953,-0.2));
#10345 = CARTESIAN_POINT('',(1.125490652326,-6.792005813953,-0.2));
#10346 = CARTESIAN_POINT('',(1.172093123256,-6.783339389535,-0.2));
#10347 = FACE_BOUND('',#10348,.T.);
#10348 = EDGE_LOOP('',(#10349,#10359,#10367,#10375,#10383,#10391,#10399,
    #10407,#10415));
#10349 = ORIENTED_EDGE('',*,*,#10350,.F.);
#10350 = EDGE_CURVE('',#10351,#10353,#10355,.T.);
#10351 = VERTEX_POINT('',#10352);
#10352 = CARTESIAN_POINT('',(0.562581858721,-5.958720930233,-0.2));
#10353 = VERTEX_POINT('',#10354);
#10354 = CARTESIAN_POINT('',(0.951344576744,-5.958720930233,-0.2));
#10355 = LINE('',#10356,#10357);
#10356 = CARTESIAN_POINT('',(0.562581858721,-5.958720930233,-0.2));
#10357 = VECTOR('',#10358,1.);
#10358 = DIRECTION('',(1.,0.,0.));
#10359 = ORIENTED_EDGE('',*,*,#10360,.F.);
#10360 = EDGE_CURVE('',#10361,#10351,#10363,.T.);
#10361 = VERTEX_POINT('',#10362);
#10362 = CARTESIAN_POINT('',(0.562581858721,-5.407994186047,-0.2));
#10363 = LINE('',#10364,#10365);
#10364 = CARTESIAN_POINT('',(0.562581858721,-5.407994186047,-0.2));
#10365 = VECTOR('',#10366,1.);
#10366 = DIRECTION('',(0.,-1.,0.));
#10367 = ORIENTED_EDGE('',*,*,#10368,.F.);
#10368 = EDGE_CURVE('',#10369,#10361,#10371,.T.);
#10369 = VERTEX_POINT('',#10370);
#10370 = CARTESIAN_POINT('',(0.921911437209,-5.407994186047,-0.2));
#10371 = LINE('',#10372,#10373);
#10372 = CARTESIAN_POINT('',(0.921911437209,-5.407994186047,-0.2));
#10373 = VECTOR('',#10374,1.);
#10374 = DIRECTION('',(-1.,0.,0.));
#10375 = ORIENTED_EDGE('',*,*,#10376,.F.);
#10376 = EDGE_CURVE('',#10377,#10369,#10379,.T.);
#10377 = VERTEX_POINT('',#10378);
#10378 = CARTESIAN_POINT('',(1.195394358721,-5.433502906977,-0.2));
#10379 = B_SPLINE_CURVE_WITH_KNOTS('',2,(#10380,#10381,#10382),
  .UNSPECIFIED.,.F.,.F.,(3,3),(0.,1.),.PIECEWISE_BEZIER_KNOTS.);
#10380 = CARTESIAN_POINT('',(1.195394358721,-5.433502906977,-0.2));
#10381 = CARTESIAN_POINT('',(1.115679605814,-5.407994186047,-0.2));
#10382 = CARTESIAN_POINT('',(0.921911437209,-5.407994186047,-0.2));
#10383 = ORIENTED_EDGE('',*,*,#10384,.F.);
#10384 = EDGE_CURVE('',#10385,#10377,#10387,.T.);
#10385 = VERTEX_POINT('',#10386);
#10386 = CARTESIAN_POINT('',(1.318032440116,-5.527934229651,-0.2));
#10387 = B_SPLINE_CURVE_WITH_KNOTS('',2,(#10388,#10389,#10390),
  .UNSPECIFIED.,.F.,.F.,(3,3),(0.,1.),.PIECEWISE_BEZIER_KNOTS.);
#10388 = CARTESIAN_POINT('',(1.318032440116,-5.527934229651,-0.2));
#10389 = CARTESIAN_POINT('',(1.275109111628,-5.458929869186,-0.2));
#10390 = CARTESIAN_POINT('',(1.195394358721,-5.433502906977,-0.2));
#10391 = ORIENTED_EDGE('',*,*,#10392,.F.);
#10392 = EDGE_CURVE('',#10393,#10385,#10395,.T.);
#10393 = VERTEX_POINT('',#10394);
#10394 = CARTESIAN_POINT('',(1.360955768605,-5.687690770349,-0.2));
#10395 = B_SPLINE_CURVE_WITH_KNOTS('',2,(#10396,#10397,#10398),
  .UNSPECIFIED.,.F.,.F.,(3,3),(0.,1.),.PIECEWISE_BEZIER_KNOTS.);
#10396 = CARTESIAN_POINT('',(1.360955768605,-5.687690770349,-0.2));
#10397 = CARTESIAN_POINT('',(1.360955768605,-5.596938590116,-0.2));
#10398 = CARTESIAN_POINT('',(1.318032440116,-5.527934229651,-0.2));
#10399 = ORIENTED_EDGE('',*,*,#10400,.F.);
#10400 = EDGE_CURVE('',#10401,#10393,#10403,.T.);
#10401 = VERTEX_POINT('',#10402);
#10402 = CARTESIAN_POINT('',(1.314925608721,-5.846875,-0.2));
#10403 = B_SPLINE_CURVE_WITH_KNOTS('',2,(#10404,#10405,#10406),
  .UNSPECIFIED.,.F.,.F.,(3,3),(0.,1.),.PIECEWISE_BEZIER_KNOTS.);
#10404 = CARTESIAN_POINT('',(1.314925608721,-5.846875,-0.2));
#10405 = CARTESIAN_POINT('',(1.360955768605,-5.783430232558,-0.2));
#10406 = CARTESIAN_POINT('',(1.360955768605,-5.687690770349,-0.2));
#10407 = ORIENTED_EDGE('',*,*,#10408,.F.);
#10408 = EDGE_CURVE('',#10409,#10401,#10411,.T.);
#10409 = VERTEX_POINT('',#10410);
#10410 = CARTESIAN_POINT('',(1.178225027326,-5.937627180233,-0.2));
#10411 = B_SPLINE_CURVE_WITH_KNOTS('',2,(#10412,#10413,#10414),
  .UNSPECIFIED.,.F.,.F.,(3,3),(0.,1.),.PIECEWISE_BEZIER_KNOTS.);
#10412 = CARTESIAN_POINT('',(1.178225027326,-5.937627180233,-0.2));
#10413 = CARTESIAN_POINT('',(1.268977207558,-5.910238008721,-0.2));
#10414 = CARTESIAN_POINT('',(1.314925608721,-5.846875,-0.2));
#10415 = ORIENTED_EDGE('',*,*,#10416,.F.);
#10416 = EDGE_CURVE('',#10353,#10409,#10417,.T.);
#10417 = B_SPLINE_CURVE_WITH_KNOTS('',2,(#10418,#10419,#10420),
  .UNSPECIFIED.,.F.,.F.,(3,3),(0.,1.),.PIECEWISE_BEZIER_KNOTS.);
#10418 = CARTESIAN_POINT('',(0.951344576744,-5.958720930233,-0.2));
#10419 = CARTESIAN_POINT('',(1.109547701744,-5.958720930233,-0.2));
#10420 = CARTESIAN_POINT('',(1.178225027326,-5.937627180233,-0.2));
#10421 = PLANE('',#10422);
#10422 = AXIS2_PLACEMENT_3D('',#10423,#10424,#10425);
#10423 = CARTESIAN_POINT('',(0.937520849853,-6.105364134234,-0.2));
#10424 = DIRECTION('',(0.,0.,1.));
#10425 = DIRECTION('',(1.,0.,0.));
#10426 = ADVANCED_FACE('',(#10427),#10441,.T.);
#10427 = FACE_BOUND('',#10428,.T.);
#10428 = EDGE_LOOP('',(#10429,#10430,#10431,#10432,#10433,#10434,#10435,
    #10436,#10437,#10438,#10439,#10440));
#10429 = ORIENTED_EDGE('',*,*,#5383,.F.);
#10430 = ORIENTED_EDGE('',*,*,#5414,.F.);
#10431 = ORIENTED_EDGE('',*,*,#5438,.F.);
#10432 = ORIENTED_EDGE('',*,*,#5462,.F.);
#10433 = ORIENTED_EDGE('',*,*,#5486,.F.);
#10434 = ORIENTED_EDGE('',*,*,#5510,.F.);
#10435 = ORIENTED_EDGE('',*,*,#5534,.F.);
#10436 = ORIENTED_EDGE('',*,*,#5558,.F.);
#10437 = ORIENTED_EDGE('',*,*,#5582,.F.);
#10438 = ORIENTED_EDGE('',*,*,#5606,.F.);
#10439 = ORIENTED_EDGE('',*,*,#5630,.F.);
#10440 = ORIENTED_EDGE('',*,*,#5654,.F.);
#10441 = PLANE('',#10442);
#10442 = AXIS2_PLACEMENT_3D('',#10443,#10444,#10445);
#10443 = CARTESIAN_POINT('',(2.589124608532,-6.100252910543,-0.2));
#10444 = DIRECTION('',(0.,0.,1.));
#10445 = DIRECTION('',(1.,0.,0.));
#10446 = ADVANCED_FACE('',(#10447),#10464,.T.);
#10447 = FACE_BOUND('',#10448,.T.);
#10448 = EDGE_LOOP('',(#10449,#10450,#10451,#10452,#10453,#10454,#10455,
    #10456,#10457,#10458,#10459,#10460,#10461,#10462,#10463));
#10449 = ORIENTED_EDGE('',*,*,#5671,.F.);
#10450 = ORIENTED_EDGE('',*,*,#5702,.F.);
#10451 = ORIENTED_EDGE('',*,*,#5726,.F.);
#10452 = ORIENTED_EDGE('',*,*,#5750,.F.);
#10453 = ORIENTED_EDGE('',*,*,#5774,.F.);
#10454 = ORIENTED_EDGE('',*,*,#5798,.F.);
#10455 = ORIENTED_EDGE('',*,*,#5822,.F.);
#10456 = ORIENTED_EDGE('',*,*,#5846,.F.);
#10457 = ORIENTED_EDGE('',*,*,#5870,.F.);
#10458 = ORIENTED_EDGE('',*,*,#5894,.F.);
#10459 = ORIENTED_EDGE('',*,*,#5918,.F.);
#10460 = ORIENTED_EDGE('',*,*,#5942,.F.);
#10461 = ORIENTED_EDGE('',*,*,#5968,.F.);
#10462 = ORIENTED_EDGE('',*,*,#5994,.F.);
#10463 = ORIENTED_EDGE('',*,*,#6018,.F.);
#10464 = PLANE('',#10465);
#10465 = AXIS2_PLACEMENT_3D('',#10466,#10467,#10468);
#10466 = CARTESIAN_POINT('',(5.371294537585,-6.1310706089,-0.2));
#10467 = DIRECTION('',(0.,0.,1.));
#10468 = DIRECTION('',(1.,0.,0.));
#10469 = ADVANCED_FACE('',(#10470),#10495,.T.);
#10470 = FACE_BOUND('',#10471,.T.);
#10471 = EDGE_LOOP('',(#10472,#10480,#10481,#10489));
#10472 = ORIENTED_EDGE('',*,*,#10473,.F.);
#10473 = EDGE_CURVE('',#6036,#10474,#10476,.T.);
#10474 = VERTEX_POINT('',#10475);
#10475 = CARTESIAN_POINT('',(5.27409090033,3.45,-9.5));
#10476 = LINE('',#10477,#10478);
#10477 = CARTESIAN_POINT('',(5.27409090033,3.45,0.));
#10478 = VECTOR('',#10479,1.);
#10479 = DIRECTION('',(-0.,-0.,-1.));
#10480 = ORIENTED_EDGE('',*,*,#6052,.T.);
#10481 = ORIENTED_EDGE('',*,*,#10482,.T.);
#10482 = EDGE_CURVE('',#6045,#10483,#10485,.T.);
#10483 = VERTEX_POINT('',#10484);
#10484 = CARTESIAN_POINT('',(-7.3,3.45,-9.5));
#10485 = LINE('',#10486,#10487);
#10486 = CARTESIAN_POINT('',(-7.3,3.45,0.));
#10487 = VECTOR('',#10488,1.);
#10488 = DIRECTION('',(-0.,-0.,-1.));
#10489 = ORIENTED_EDGE('',*,*,#10490,.F.);
#10490 = EDGE_CURVE('',#10474,#10483,#10491,.T.);
#10491 = LINE('',#10492,#10493);
#10492 = CARTESIAN_POINT('',(5.27409090033,3.45,-9.5));
#10493 = VECTOR('',#10494,1.);
#10494 = DIRECTION('',(-1.,0.,0.));
#10495 = PLANE('',#10496);
#10496 = AXIS2_PLACEMENT_3D('',#10497,#10498,#10499);
#10497 = CARTESIAN_POINT('',(-1.012954549835,3.45,-4.75));
#10498 = DIRECTION('',(-0.,-1.,-0.));
#10499 = DIRECTION('',(0.,0.,-1.));
#10500 = ADVANCED_FACE('',(#10501),#10519,.T.);
#10501 = FACE_BOUND('',#10502,.T.);
#10502 = EDGE_LOOP('',(#10503,#10511,#10512,#10513));
#10503 = ORIENTED_EDGE('',*,*,#10504,.F.);
#10504 = EDGE_CURVE('',#6067,#10505,#10507,.T.);
#10505 = VERTEX_POINT('',#10506);
#10506 = CARTESIAN_POINT('',(7.3,1.2,-9.5));
#10507 = LINE('',#10508,#10509);
#10508 = CARTESIAN_POINT('',(7.3,1.2,0.));
#10509 = VECTOR('',#10510,1.);
#10510 = DIRECTION('',(-0.,-0.,-1.));
#10511 = ORIENTED_EDGE('',*,*,#6076,.T.);
#10512 = ORIENTED_EDGE('',*,*,#10473,.T.);
#10513 = ORIENTED_EDGE('',*,*,#10514,.F.);
#10514 = EDGE_CURVE('',#10505,#10474,#10515,.T.);
#10515 = LINE('',#10516,#10517);
#10516 = CARTESIAN_POINT('',(7.3,1.2,-9.5));
#10517 = VECTOR('',#10518,1.);
#10518 = DIRECTION('',(-0.669130606359,0.743144825477,0.));
#10519 = PLANE('',#10520);
#10520 = AXIS2_PLACEMENT_3D('',#10521,#10522,#10523);
#10521 = CARTESIAN_POINT('',(6.287045450165,2.325,-4.75));
#10522 = DIRECTION('',(-0.743144825477,-0.669130606359,-0.));
#10523 = DIRECTION('',(0.669130606359,-0.743144825477,0.));
#10524 = ADVANCED_FACE('',(#10525),#10543,.T.);
#10525 = FACE_BOUND('',#10526,.T.);
#10526 = EDGE_LOOP('',(#10527,#10535,#10541,#10542));
#10527 = ORIENTED_EDGE('',*,*,#10528,.T.);
#10528 = EDGE_CURVE('',#6093,#10529,#10531,.T.);
#10529 = VERTEX_POINT('',#10530);
#10530 = CARTESIAN_POINT('',(-7.3,-3.45,-9.5));
#10531 = LINE('',#10532,#10533);
#10532 = CARTESIAN_POINT('',(-7.3,-3.45,0.));
#10533 = VECTOR('',#10534,1.);
#10534 = DIRECTION('',(-0.,-0.,-1.));
#10535 = ORIENTED_EDGE('',*,*,#10536,.F.);
#10536 = EDGE_CURVE('',#10483,#10529,#10537,.T.);
#10537 = LINE('',#10538,#10539);
#10538 = CARTESIAN_POINT('',(-7.3,3.45,-9.5));
#10539 = VECTOR('',#10540,1.);
#10540 = DIRECTION('',(0.,-1.,0.));
#10541 = ORIENTED_EDGE('',*,*,#10482,.F.);
#10542 = ORIENTED_EDGE('',*,*,#6100,.T.);
#10543 = PLANE('',#10544);
#10544 = AXIS2_PLACEMENT_3D('',#10545,#10546,#10547);
#10545 = CARTESIAN_POINT('',(-7.3,-9.477513624849E-17,-4.75));
#10546 = DIRECTION('',(1.,0.,0.));
#10547 = DIRECTION('',(0.,0.,1.));
#10548 = ADVANCED_FACE('',(#10549),#10567,.T.);
#10549 = FACE_BOUND('',#10550,.T.);
#10550 = EDGE_LOOP('',(#10551,#10559,#10560,#10561));
#10551 = ORIENTED_EDGE('',*,*,#10552,.F.);
#10552 = EDGE_CURVE('',#6115,#10553,#10555,.T.);
#10553 = VERTEX_POINT('',#10554);
#10554 = CARTESIAN_POINT('',(7.3,-1.2,-9.5));
#10555 = LINE('',#10556,#10557);
#10556 = CARTESIAN_POINT('',(7.3,-1.2,0.));
#10557 = VECTOR('',#10558,1.);
#10558 = DIRECTION('',(-0.,-0.,-1.));
#10559 = ORIENTED_EDGE('',*,*,#6124,.T.);
#10560 = ORIENTED_EDGE('',*,*,#10504,.T.);
#10561 = ORIENTED_EDGE('',*,*,#10562,.F.);
#10562 = EDGE_CURVE('',#10553,#10505,#10563,.T.);
#10563 = LINE('',#10564,#10565);
#10564 = CARTESIAN_POINT('',(7.3,-1.2,-9.5));
#10565 = VECTOR('',#10566,1.);
#10566 = DIRECTION('',(0.,1.,0.));
#10567 = PLANE('',#10568);
#10568 = AXIS2_PLACEMENT_3D('',#10569,#10570,#10571);
#10569 = CARTESIAN_POINT('',(7.3,-2.332401312238E-18,-4.75));
#10570 = DIRECTION('',(-1.,-0.,-0.));
#10571 = DIRECTION('',(0.,0.,-1.));
#10572 = ADVANCED_FACE('',(#10573),#10623,.T.);
#10573 = FACE_BOUND('',#10574,.T.);
#10574 = EDGE_LOOP('',(#10575,#10576,#10577,#10585,#10593,#10601,#10609,
    #10617));
#10575 = ORIENTED_EDGE('',*,*,#10528,.F.);
#10576 = ORIENTED_EDGE('',*,*,#6148,.T.);
#10577 = ORIENTED_EDGE('',*,*,#10578,.T.);
#10578 = EDGE_CURVE('',#6141,#10579,#10581,.T.);
#10579 = VERTEX_POINT('',#10580);
#10580 = CARTESIAN_POINT('',(5.27409090033,-3.45,-9.5));
#10581 = LINE('',#10582,#10583);
#10582 = CARTESIAN_POINT('',(5.27409090033,-3.45,0.));
#10583 = VECTOR('',#10584,1.);
#10584 = DIRECTION('',(-0.,-0.,-1.));
#10585 = ORIENTED_EDGE('',*,*,#10586,.F.);
#10586 = EDGE_CURVE('',#10587,#10579,#10589,.T.);
#10587 = VERTEX_POINT('',#10588);
#10588 = CARTESIAN_POINT('',(0.7,-3.45,-9.5));
#10589 = LINE('',#10590,#10591);
#10590 = CARTESIAN_POINT('',(-7.3,-3.45,-9.5));
#10591 = VECTOR('',#10592,1.);
#10592 = DIRECTION('',(1.,0.,0.));
#10593 = ORIENTED_EDGE('',*,*,#10594,.T.);
#10594 = EDGE_CURVE('',#10587,#10595,#10597,.T.);
#10595 = VERTEX_POINT('',#10596);
#10596 = CARTESIAN_POINT('',(0.7,-3.45,-2.9));
#10597 = LINE('',#10598,#10599);
#10598 = CARTESIAN_POINT('',(0.7,-3.45,-7.125));
#10599 = VECTOR('',#10600,1.);
#10600 = DIRECTION('',(0.,0.,1.));
#10601 = ORIENTED_EDGE('',*,*,#10602,.F.);
#10602 = EDGE_CURVE('',#10603,#10595,#10605,.T.);
#10603 = VERTEX_POINT('',#10604);
#10604 = CARTESIAN_POINT('',(-0.7,-3.45,-2.9));
#10605 = LINE('',#10606,#10607);
#10606 = CARTESIAN_POINT('',(-0.506477274918,-3.45,-2.9));
#10607 = VECTOR('',#10608,1.);
#10608 = DIRECTION('',(1.,0.,0.));
#10609 = ORIENTED_EDGE('',*,*,#10610,.T.);
#10610 = EDGE_CURVE('',#10603,#10611,#10613,.T.);
#10611 = VERTEX_POINT('',#10612);
#10612 = CARTESIAN_POINT('',(-0.7,-3.45,-9.5));
#10613 = LINE('',#10614,#10615);
#10614 = CARTESIAN_POINT('',(-0.7,-3.45,-7.125));
#10615 = VECTOR('',#10616,1.);
#10616 = DIRECTION('',(0.,0.,-1.));
#10617 = ORIENTED_EDGE('',*,*,#10618,.F.);
#10618 = EDGE_CURVE('',#10529,#10611,#10619,.T.);
#10619 = LINE('',#10620,#10621);
#10620 = CARTESIAN_POINT('',(-7.3,-3.45,-9.5));
#10621 = VECTOR('',#10622,1.);
#10622 = DIRECTION('',(1.,0.,0.));
#10623 = PLANE('',#10624);
#10624 = AXIS2_PLACEMENT_3D('',#10625,#10626,#10627);
#10625 = CARTESIAN_POINT('',(-1.012954549835,-3.45,-4.75));
#10626 = DIRECTION('',(0.,1.,0.));
#10627 = DIRECTION('',(0.,0.,1.));
#10628 = ADVANCED_FACE('',(#10629),#10640,.T.);
#10629 = FACE_BOUND('',#10630,.T.);
#10630 = EDGE_LOOP('',(#10631,#10632,#10633,#10634));
#10631 = ORIENTED_EDGE('',*,*,#10578,.F.);
#10632 = ORIENTED_EDGE('',*,*,#6165,.T.);
#10633 = ORIENTED_EDGE('',*,*,#10552,.T.);
#10634 = ORIENTED_EDGE('',*,*,#10635,.F.);
#10635 = EDGE_CURVE('',#10579,#10553,#10636,.T.);
#10636 = LINE('',#10637,#10638);
#10637 = CARTESIAN_POINT('',(5.27409090033,-3.45,-9.5));
#10638 = VECTOR('',#10639,1.);
#10639 = DIRECTION('',(0.669130606359,0.743144825477,0.));
#10640 = PLANE('',#10641);
#10641 = AXIS2_PLACEMENT_3D('',#10642,#10643,#10644);
#10642 = CARTESIAN_POINT('',(6.287045450165,-2.325,-4.75));
#10643 = DIRECTION('',(-0.743144825477,0.669130606359,0.));
#10644 = DIRECTION('',(-0.669130606359,-0.743144825477,0.));
#10645 = ADVANCED_FACE('',(#10646),#10657,.F.);
#10646 = FACE_BOUND('',#10647,.T.);
#10647 = EDGE_LOOP('',(#10648,#10654,#10655,#10656));
#10648 = ORIENTED_EDGE('',*,*,#10649,.F.);
#10649 = EDGE_CURVE('',#6180,#9980,#10650,.T.);
#10650 = LINE('',#10651,#10652);
#10651 = CARTESIAN_POINT('',(14.25,0.,-2.));
#10652 = VECTOR('',#10653,1.);
#10653 = DIRECTION('',(-7.E-17,0.,-1.));
#10654 = ORIENTED_EDGE('',*,*,#6189,.T.);
#10655 = ORIENTED_EDGE('',*,*,#10649,.T.);
#10656 = ORIENTED_EDGE('',*,*,#9979,.T.);
#10657 = CYLINDRICAL_SURFACE('',#10658,1.5);
#10658 = AXIS2_PLACEMENT_3D('',#10659,#10660,#10661);
#10659 = CARTESIAN_POINT('',(12.75,0.,-2.));
#10660 = DIRECTION('',(-0.,-0.,-1.));
#10661 = DIRECTION('',(1.,0.,0.));
#10662 = ADVANCED_FACE('',(#10663),#10677,.T.);
#10663 = FACE_BOUND('',#10664,.T.);
#10664 = EDGE_LOOP('',(#10665,#10666,#10667,#10668,#10669,#10670,#10671,
    #10672,#10673,#10674,#10675,#10676));
#10665 = ORIENTED_EDGE('',*,*,#6204,.F.);
#10666 = ORIENTED_EDGE('',*,*,#6235,.F.);
#10667 = ORIENTED_EDGE('',*,*,#6259,.F.);
#10668 = ORIENTED_EDGE('',*,*,#6283,.F.);
#10669 = ORIENTED_EDGE('',*,*,#6307,.F.);
#10670 = ORIENTED_EDGE('',*,*,#6331,.F.);
#10671 = ORIENTED_EDGE('',*,*,#6355,.F.);
#10672 = ORIENTED_EDGE('',*,*,#6379,.F.);
#10673 = ORIENTED_EDGE('',*,*,#6403,.F.);
#10674 = ORIENTED_EDGE('',*,*,#6427,.F.);
#10675 = ORIENTED_EDGE('',*,*,#6451,.F.);
#10676 = ORIENTED_EDGE('',*,*,#6475,.F.);
#10677 = PLANE('',#10678);
#10678 = AXIS2_PLACEMENT_3D('',#10679,#10680,#10681);
#10679 = CARTESIAN_POINT('',(-7.556431686047,6.28303368062,-0.2));
#10680 = DIRECTION('',(0.,0.,1.));
#10681 = DIRECTION('',(1.,0.,0.));
#10682 = ADVANCED_FACE('',(#10683,#10693),#10735,.T.);
#10683 = FACE_BOUND('',#10684,.T.);
#10684 = EDGE_LOOP('',(#10685,#10686,#10687,#10688,#10689,#10690,#10691,
    #10692));
#10685 = ORIENTED_EDGE('',*,*,#6492,.F.);
#10686 = ORIENTED_EDGE('',*,*,#6523,.F.);
#10687 = ORIENTED_EDGE('',*,*,#6547,.F.);
#10688 = ORIENTED_EDGE('',*,*,#6571,.F.);
#10689 = ORIENTED_EDGE('',*,*,#6595,.F.);
#10690 = ORIENTED_EDGE('',*,*,#6619,.F.);
#10691 = ORIENTED_EDGE('',*,*,#6643,.F.);
#10692 = ORIENTED_EDGE('',*,*,#6667,.F.);
#10693 = FACE_BOUND('',#10694,.T.);
#10694 = EDGE_LOOP('',(#10695,#10705,#10713,#10721,#10729));
#10695 = ORIENTED_EDGE('',*,*,#10696,.F.);
#10696 = EDGE_CURVE('',#10697,#10699,#10701,.T.);
#10697 = VERTEX_POINT('',#10698);
#10698 = CARTESIAN_POINT('',(-2.966006540698,6.137790697674,-0.2));
#10699 = VERTEX_POINT('',#10700);
#10700 = CARTESIAN_POINT('',(-2.356495276163,6.137790697674,-0.2));
#10701 = LINE('',#10702,#10703);
#10702 = CARTESIAN_POINT('',(-2.966006540698,6.137790697674,-0.2));
#10703 = VECTOR('',#10704,1.);
#10704 = DIRECTION('',(1.,0.,0.));
#10705 = ORIENTED_EDGE('',*,*,#10706,.F.);
#10706 = EDGE_CURVE('',#10707,#10697,#10709,.T.);
#10707 = VERTEX_POINT('',#10708);
#10708 = CARTESIAN_POINT('',(-2.768559229651,6.666687863372,-0.2));
#10709 = LINE('',#10710,#10711);
#10710 = CARTESIAN_POINT('',(-2.768559229651,6.666687863372,-0.2));
#10711 = VECTOR('',#10712,1.);
#10712 = DIRECTION('',(-0.349742302319,-0.936845943562,0.));
#10713 = ORIENTED_EDGE('',*,*,#10714,.F.);
#10714 = EDGE_CURVE('',#10715,#10707,#10717,.T.);
#10715 = VERTEX_POINT('',#10716);
#10716 = CARTESIAN_POINT('',(-2.671675145349,7.011137354651,-0.2));
#10717 = B_SPLINE_CURVE_WITH_KNOTS('',2,(#10718,#10719,#10720),
  .UNSPECIFIED.,.F.,.F.,(3,3),(0.,1.),.PIECEWISE_BEZIER_KNOTS.);
#10718 = CARTESIAN_POINT('',(-2.671675145349,7.011137354651,-0.2));
#10719 = CARTESIAN_POINT('',(-2.70601380814,6.837727107558,-0.2));
#10720 = CARTESIAN_POINT('',(-2.768559229651,6.666687863372,-0.2));
#10721 = ORIENTED_EDGE('',*,*,#10722,.F.);
#10722 = EDGE_CURVE('',#10723,#10715,#10725,.T.);
#10723 = VERTEX_POINT('',#10724);
#10724 = CARTESIAN_POINT('',(-2.544131540698,6.637172965116,-0.2));
#10725 = B_SPLINE_CURVE_WITH_KNOTS('',2,(#10726,#10727,#10728),
  .UNSPECIFIED.,.F.,.F.,(3,3),(0.,1.),.PIECEWISE_BEZIER_KNOTS.);
#10726 = CARTESIAN_POINT('',(-2.544131540698,6.637172965116,-0.2));
#10727 = CARTESIAN_POINT('',(-2.629978197674,6.864789244186,-0.2));
#10728 = CARTESIAN_POINT('',(-2.671675145349,7.011137354651,-0.2));
#10729 = ORIENTED_EDGE('',*,*,#10730,.F.);
#10730 = EDGE_CURVE('',#10699,#10723,#10731,.T.);
#10731 = LINE('',#10732,#10733);
#10732 = CARTESIAN_POINT('',(-2.356495276163,6.137790697674,-0.2));
#10733 = VECTOR('',#10734,1.);
#10734 = DIRECTION('',(-0.351728004219,0.936102243907,0.));
#10735 = PLANE('',#10736);
#10736 = AXIS2_PLACEMENT_3D('',#10737,#10738,#10739);
#10737 = CARTESIAN_POINT('',(-2.654741828773,6.20765677021,-0.2));
#10738 = DIRECTION('',(0.,0.,1.));
#10739 = DIRECTION('',(1.,0.,0.));
#10740 = ADVANCED_FACE('',(#10741),#10771,.T.);
#10741 = FACE_BOUND('',#10742,.T.);
#10742 = EDGE_LOOP('',(#10743,#10744,#10745,#10746,#10747,#10748,#10749,
    #10750,#10751,#10752,#10753,#10754,#10755,#10756,#10757,#10758,
    #10759,#10760,#10761,#10762,#10763,#10764,#10765,#10766,#10767,
    #10768,#10769,#10770));
#10743 = ORIENTED_EDGE('',*,*,#6684,.F.);
#10744 = ORIENTED_EDGE('',*,*,#6715,.F.);
#10745 = ORIENTED_EDGE('',*,*,#6739,.F.);
#10746 = ORIENTED_EDGE('',*,*,#6763,.F.);
#10747 = ORIENTED_EDGE('',*,*,#6789,.F.);
#10748 = ORIENTED_EDGE('',*,*,#6815,.F.);
#10749 = ORIENTED_EDGE('',*,*,#6841,.F.);
#10750 = ORIENTED_EDGE('',*,*,#6867,.F.);
#10751 = ORIENTED_EDGE('',*,*,#6893,.F.);
#10752 = ORIENTED_EDGE('',*,*,#6917,.F.);
#10753 = ORIENTED_EDGE('',*,*,#6941,.F.);
#10754 = ORIENTED_EDGE('',*,*,#6965,.F.);
#10755 = ORIENTED_EDGE('',*,*,#6991,.F.);
#10756 = ORIENTED_EDGE('',*,*,#7017,.F.);
#10757 = ORIENTED_EDGE('',*,*,#7043,.F.);
#10758 = ORIENTED_EDGE('',*,*,#7069,.F.);
#10759 = ORIENTED_EDGE('',*,*,#7095,.F.);
#10760 = ORIENTED_EDGE('',*,*,#7119,.F.);
#10761 = ORIENTED_EDGE('',*,*,#7143,.F.);
#10762 = ORIENTED_EDGE('',*,*,#7167,.F.);
#10763 = ORIENTED_EDGE('',*,*,#7193,.F.);
#10764 = ORIENTED_EDGE('',*,*,#7219,.F.);
#10765 = ORIENTED_EDGE('',*,*,#7245,.F.);
#10766 = ORIENTED_EDGE('',*,*,#7271,.F.);
#10767 = ORIENTED_EDGE('',*,*,#7297,.F.);
#10768 = ORIENTED_EDGE('',*,*,#7323,.F.);
#10769 = ORIENTED_EDGE('',*,*,#7349,.F.);
#10770 = ORIENTED_EDGE('',*,*,#7373,.F.);
#10771 = PLANE('',#10772);
#10772 = AXIS2_PLACEMENT_3D('',#10773,#10774,#10775);
#10773 = CARTESIAN_POINT('',(-0.782027832757,6.120198083869,-0.2));
#10774 = DIRECTION('',(0.,0.,1.));
#10775 = DIRECTION('',(1.,0.,0.));
#10776 = ADVANCED_FACE('',(#10777,#10806),#10888,.T.);
#10777 = FACE_BOUND('',#10778,.T.);
#10778 = EDGE_LOOP('',(#10779,#10780,#10781,#10782,#10783,#10784,#10785,
    #10786,#10787,#10788,#10789,#10790,#10791,#10792,#10793,#10794,
    #10795,#10796,#10797,#10798,#10799,#10800,#10801,#10802,#10803,
    #10804,#10805));
#10779 = ORIENTED_EDGE('',*,*,#7390,.F.);
#10780 = ORIENTED_EDGE('',*,*,#7423,.F.);
#10781 = ORIENTED_EDGE('',*,*,#7449,.F.);
#10782 = ORIENTED_EDGE('',*,*,#7473,.F.);
#10783 = ORIENTED_EDGE('',*,*,#7499,.F.);
#10784 = ORIENTED_EDGE('',*,*,#7525,.F.);
#10785 = ORIENTED_EDGE('',*,*,#7549,.F.);
#10786 = ORIENTED_EDGE('',*,*,#7575,.F.);
#10787 = ORIENTED_EDGE('',*,*,#7601,.F.);
#10788 = ORIENTED_EDGE('',*,*,#7627,.F.);
#10789 = ORIENTED_EDGE('',*,*,#7653,.F.);
#10790 = ORIENTED_EDGE('',*,*,#7679,.F.);
#10791 = ORIENTED_EDGE('',*,*,#7705,.F.);
#10792 = ORIENTED_EDGE('',*,*,#7731,.F.);
#10793 = ORIENTED_EDGE('',*,*,#7755,.F.);
#10794 = ORIENTED_EDGE('',*,*,#7781,.F.);
#10795 = ORIENTED_EDGE('',*,*,#7807,.F.);
#10796 = ORIENTED_EDGE('',*,*,#7833,.F.);
#10797 = ORIENTED_EDGE('',*,*,#7859,.F.);
#10798 = ORIENTED_EDGE('',*,*,#7885,.F.);
#10799 = ORIENTED_EDGE('',*,*,#7911,.F.);
#10800 = ORIENTED_EDGE('',*,*,#7937,.F.);
#10801 = ORIENTED_EDGE('',*,*,#7963,.F.);
#10802 = ORIENTED_EDGE('',*,*,#7989,.F.);
#10803 = ORIENTED_EDGE('',*,*,#8015,.F.);
#10804 = ORIENTED_EDGE('',*,*,#8041,.F.);
#10805 = ORIENTED_EDGE('',*,*,#8067,.F.);
#10806 = FACE_BOUND('',#10807,.T.);
#10807 = EDGE_LOOP('',(#10808,#10818,#10826,#10834,#10842,#10850,#10858,
    #10866,#10874,#10882));
#10808 = ORIENTED_EDGE('',*,*,#10809,.F.);
#10809 = EDGE_CURVE('',#10810,#10812,#10814,.T.);
#10810 = VERTEX_POINT('',#10811);
#10811 = CARTESIAN_POINT('',(1.283402979651,6.055377906977,-0.2));
#10812 = VERTEX_POINT('',#10813);
#10813 = CARTESIAN_POINT('',(0.922847020349,5.971084665698,-0.2));
#10814 = B_SPLINE_CURVE_WITH_KNOTS('',2,(#10815,#10816,#10817),
  .UNSPECIFIED.,.F.,.F.,(3,3),(0.,1.),.PIECEWISE_BEZIER_KNOTS.);
#10815 = CARTESIAN_POINT('',(1.283402979651,6.055377906977,-0.2));
#10816 = CARTESIAN_POINT('',(1.163217659884,6.005832122093,-0.2));
#10817 = CARTESIAN_POINT('',(0.922847020349,5.971084665698,-0.2));
#10818 = ORIENTED_EDGE('',*,*,#10819,.F.);
#10819 = EDGE_CURVE('',#10820,#10810,#10822,.T.);
#10820 = VERTEX_POINT('',#10821);
#10821 = CARTESIAN_POINT('',(1.283402979651,5.974436773256,-0.2));
#10822 = LINE('',#10823,#10824);
#10823 = CARTESIAN_POINT('',(1.283402979651,5.974436773256,-0.2));
#10824 = VECTOR('',#10825,1.);
#10825 = DIRECTION('',(0.,1.,0.));
#10826 = ORIENTED_EDGE('',*,*,#10827,.F.);
#10827 = EDGE_CURVE('',#10828,#10820,#10830,.T.);
#10828 = VERTEX_POINT('',#10829);
#10829 = CARTESIAN_POINT('',(1.247837936047,5.753688226744,-0.2));
#10830 = B_SPLINE_CURVE_WITH_KNOTS('',2,(#10831,#10832,#10833),
  .UNSPECIFIED.,.F.,.F.,(3,3),(0.,1.),.PIECEWISE_BEZIER_KNOTS.);
#10831 = CARTESIAN_POINT('',(1.247837936047,5.753688226744,-0.2));
#10832 = CARTESIAN_POINT('',(1.283402979651,5.828497456395,-0.2));
#10833 = CARTESIAN_POINT('',(1.283402979651,5.974436773256,-0.2));
#10834 = ORIENTED_EDGE('',*,*,#10835,.F.);
#10835 = EDGE_CURVE('',#10836,#10828,#10838,.T.);
#10836 = VERTEX_POINT('',#10837);
#10837 = CARTESIAN_POINT('',(1.101898619186,5.600962936047,-0.2));
#10838 = B_SPLINE_CURVE_WITH_KNOTS('',2,(#10839,#10840,#10841),
  .UNSPECIFIED.,.F.,.F.,(3,3),(0.,1.),.PIECEWISE_BEZIER_KNOTS.);
#10839 = CARTESIAN_POINT('',(1.101898619186,5.600962936047,-0.2));
#10840 = CARTESIAN_POINT('',(1.201235465116,5.656804142442,-0.2));
#10841 = CARTESIAN_POINT('',(1.247837936047,5.753688226744,-0.2));
#10842 = ORIENTED_EDGE('',*,*,#10843,.F.);
#10843 = EDGE_CURVE('',#10844,#10836,#10846,.T.);
#10844 = VERTEX_POINT('',#10845);
#10845 = CARTESIAN_POINT('',(0.875018168605,5.545203488372,-0.2));
#10846 = B_SPLINE_CURVE_WITH_KNOTS('',2,(#10847,#10848,#10849),
  .UNSPECIFIED.,.F.,.F.,(3,3),(0.,1.),.PIECEWISE_BEZIER_KNOTS.);
#10847 = CARTESIAN_POINT('',(0.875018168605,5.545203488372,-0.2));
#10848 = CARTESIAN_POINT('',(1.002561773256,5.545203488372,-0.2));
#10849 = CARTESIAN_POINT('',(1.101898619186,5.600962936047,-0.2));
#10850 = ORIENTED_EDGE('',*,*,#10851,.F.);
#10851 = EDGE_CURVE('',#10852,#10844,#10854,.T.);
#10852 = VERTEX_POINT('',#10853);
#10853 = CARTESIAN_POINT('',(0.679369549419,5.60390625,-0.2));
#10854 = B_SPLINE_CURVE_WITH_KNOTS('',2,(#10855,#10856,#10857),
  .UNSPECIFIED.,.F.,.F.,(3,3),(0.,1.),.PIECEWISE_BEZIER_KNOTS.);
#10855 = CARTESIAN_POINT('',(0.679369549419,5.60390625,-0.2));
#10856 = CARTESIAN_POINT('',(0.74624818314,5.545203488372,-0.2));
#10857 = CARTESIAN_POINT('',(0.875018168605,5.545203488372,-0.2));
#10858 = ORIENTED_EDGE('',*,*,#10859,.F.);
#10859 = EDGE_CURVE('',#10860,#10852,#10862,.T.);
#10860 = VERTEX_POINT('',#10861);
#10861 = CARTESIAN_POINT('',(0.612572674419,5.750826671512,-0.2));
#10862 = B_SPLINE_CURVE_WITH_KNOTS('',2,(#10863,#10864,#10865),
  .UNSPECIFIED.,.F.,.F.,(3,3),(0.,1.),.PIECEWISE_BEZIER_KNOTS.);
#10863 = CARTESIAN_POINT('',(0.612572674419,5.750826671512,-0.2));
#10864 = CARTESIAN_POINT('',(0.612572674419,5.662690770349,-0.2));
#10865 = CARTESIAN_POINT('',(0.679369549419,5.60390625,-0.2));
#10866 = ORIENTED_EDGE('',*,*,#10867,.F.);
#10867 = EDGE_CURVE('',#10868,#10860,#10870,.T.);
#10868 = VERTEX_POINT('',#10869);
#10869 = CARTESIAN_POINT('',(0.643232194767,5.855396075581,-0.2));
#10870 = B_SPLINE_CURVE_WITH_KNOTS('',2,(#10871,#10872,#10873),
  .UNSPECIFIED.,.F.,.F.,(3,3),(0.,1.),.PIECEWISE_BEZIER_KNOTS.);
#10871 = CARTESIAN_POINT('',(0.643232194767,5.855396075581,-0.2));
#10872 = CARTESIAN_POINT('',(0.612572674419,5.808303052326,-0.2));
#10873 = CARTESIAN_POINT('',(0.612572674419,5.750826671512,-0.2));
#10874 = ORIENTED_EDGE('',*,*,#10875,.F.);
#10875 = EDGE_CURVE('',#10876,#10868,#10878,.T.);
#10876 = VERTEX_POINT('',#10877);
#10877 = CARTESIAN_POINT('',(0.730305232558,5.927016715116,-0.2));
#10878 = B_SPLINE_CURVE_WITH_KNOTS('',2,(#10879,#10880,#10881),
  .UNSPECIFIED.,.F.,.F.,(3,3),(0.,1.),.PIECEWISE_BEZIER_KNOTS.);
#10879 = CARTESIAN_POINT('',(0.730305232558,5.927016715116,-0.2));
#10880 = CARTESIAN_POINT('',(0.673891715116,5.902570857558,-0.2));
#10881 = CARTESIAN_POINT('',(0.643232194767,5.855396075581,-0.2));
#10882 = ORIENTED_EDGE('',*,*,#10883,.F.);
#10883 = EDGE_CURVE('',#10812,#10876,#10884,.T.);
#10884 = B_SPLINE_CURVE_WITH_KNOTS('',2,(#10885,#10886,#10887),
  .UNSPECIFIED.,.F.,.F.,(3,3),(0.,1.),.PIECEWISE_BEZIER_KNOTS.);
#10885 = CARTESIAN_POINT('',(0.922847020349,5.971084665698,-0.2));
#10886 = CARTESIAN_POINT('',(0.78671875,5.951544331395,-0.2));
#10887 = CARTESIAN_POINT('',(0.730305232558,5.927016715116,-0.2));
#10888 = PLANE('',#10889);
#10889 = AXIS2_PLACEMENT_3D('',#10890,#10891,#10892);
#10890 = CARTESIAN_POINT('',(0.988248366673,6.017828310063,-0.2));
#10891 = DIRECTION('',(0.,0.,1.));
#10892 = DIRECTION('',(1.,0.,0.));
#10893 = ADVANCED_FACE('',(#10894),#10929,.T.);
#10894 = FACE_BOUND('',#10895,.T.);
#10895 = EDGE_LOOP('',(#10896,#10897,#10898,#10899,#10900,#10901,#10902,
    #10903,#10904,#10905,#10906,#10907,#10908,#10909,#10910,#10911,
    #10912,#10913,#10914,#10915,#10916,#10917,#10918,#10919,#10920,
    #10921,#10922,#10923,#10924,#10925,#10926,#10927,#10928));
#10896 = ORIENTED_EDGE('',*,*,#8086,.F.);
#10897 = ORIENTED_EDGE('',*,*,#8117,.F.);
#10898 = ORIENTED_EDGE('',*,*,#8143,.F.);
#10899 = ORIENTED_EDGE('',*,*,#8169,.F.);
#10900 = ORIENTED_EDGE('',*,*,#8195,.F.);
#10901 = ORIENTED_EDGE('',*,*,#8221,.F.);
#10902 = ORIENTED_EDGE('',*,*,#8247,.F.);
#10903 = ORIENTED_EDGE('',*,*,#8273,.F.);
#10904 = ORIENTED_EDGE('',*,*,#8299,.F.);
#10905 = ORIENTED_EDGE('',*,*,#8325,.F.);
#10906 = ORIENTED_EDGE('',*,*,#8351,.F.);
#10907 = ORIENTED_EDGE('',*,*,#8377,.F.);
#10908 = ORIENTED_EDGE('',*,*,#8403,.F.);
#10909 = ORIENTED_EDGE('',*,*,#8429,.F.);
#10910 = ORIENTED_EDGE('',*,*,#8455,.F.);
#10911 = ORIENTED_EDGE('',*,*,#8481,.F.);
#10912 = ORIENTED_EDGE('',*,*,#8507,.F.);
#10913 = ORIENTED_EDGE('',*,*,#8531,.F.);
#10914 = ORIENTED_EDGE('',*,*,#8557,.F.);
#10915 = ORIENTED_EDGE('',*,*,#8583,.F.);
#10916 = ORIENTED_EDGE('',*,*,#8609,.F.);
#10917 = ORIENTED_EDGE('',*,*,#8635,.F.);
#10918 = ORIENTED_EDGE('',*,*,#8661,.F.);
#10919 = ORIENTED_EDGE('',*,*,#8687,.F.);
#10920 = ORIENTED_EDGE('',*,*,#8713,.F.);
#10921 = ORIENTED_EDGE('',*,*,#8739,.F.);
#10922 = ORIENTED_EDGE('',*,*,#8765,.F.);
#10923 = ORIENTED_EDGE('',*,*,#8791,.F.);
#10924 = ORIENTED_EDGE('',*,*,#8817,.F.);
#10925 = ORIENTED_EDGE('',*,*,#8843,.F.);
#10926 = ORIENTED_EDGE('',*,*,#8869,.F.);
#10927 = ORIENTED_EDGE('',*,*,#8895,.F.);
#10928 = ORIENTED_EDGE('',*,*,#8921,.F.);
#10929 = PLANE('',#10930);
#10930 = AXIS2_PLACEMENT_3D('',#10931,#10932,#10933);
#10931 = CARTESIAN_POINT('',(2.302320378496,6.047371542822,-0.2));
#10932 = DIRECTION('',(0.,0.,1.));
#10933 = DIRECTION('',(1.,0.,0.));
#10934 = ADVANCED_FACE('',(#10935),#10970,.T.);
#10935 = FACE_BOUND('',#10936,.T.);
#10936 = EDGE_LOOP('',(#10937,#10938,#10939,#10940,#10941,#10942,#10943,
    #10944,#10945,#10946,#10947,#10948,#10949,#10950,#10951,#10952,
    #10953,#10954,#10955,#10956,#10957,#10958,#10959,#10960,#10961,
    #10962,#10963,#10964,#10965,#10966,#10967,#10968,#10969));
#10937 = ORIENTED_EDGE('',*,*,#8940,.F.);
#10938 = ORIENTED_EDGE('',*,*,#8971,.F.);
#10939 = ORIENTED_EDGE('',*,*,#8997,.F.);
#10940 = ORIENTED_EDGE('',*,*,#9023,.F.);
#10941 = ORIENTED_EDGE('',*,*,#9049,.F.);
#10942 = ORIENTED_EDGE('',*,*,#9075,.F.);
#10943 = ORIENTED_EDGE('',*,*,#9101,.F.);
#10944 = ORIENTED_EDGE('',*,*,#9127,.F.);
#10945 = ORIENTED_EDGE('',*,*,#9153,.F.);
#10946 = ORIENTED_EDGE('',*,*,#9179,.F.);
#10947 = ORIENTED_EDGE('',*,*,#9205,.F.);
#10948 = ORIENTED_EDGE('',*,*,#9231,.F.);
#10949 = ORIENTED_EDGE('',*,*,#9257,.F.);
#10950 = ORIENTED_EDGE('',*,*,#9283,.F.);
#10951 = ORIENTED_EDGE('',*,*,#9309,.F.);
#10952 = ORIENTED_EDGE('',*,*,#9335,.F.);
#10953 = ORIENTED_EDGE('',*,*,#9361,.F.);
#10954 = ORIENTED_EDGE('',*,*,#9385,.F.);
#10955 = ORIENTED_EDGE('',*,*,#9411,.F.);
#10956 = ORIENTED_EDGE('',*,*,#9437,.F.);
#10957 = ORIENTED_EDGE('',*,*,#9463,.F.);
#10958 = ORIENTED_EDGE('',*,*,#9489,.F.);
#10959 = ORIENTED_EDGE('',*,*,#9515,.F.);
#10960 = ORIENTED_EDGE('',*,*,#9541,.F.);
#10961 = ORIENTED_EDGE('',*,*,#9567,.F.);
#10962 = ORIENTED_EDGE('',*,*,#9593,.F.);
#10963 = ORIENTED_EDGE('',*,*,#9619,.F.);
#10964 = ORIENTED_EDGE('',*,*,#9645,.F.);
#10965 = ORIENTED_EDGE('',*,*,#9671,.F.);
#10966 = ORIENTED_EDGE('',*,*,#9697,.F.);
#10967 = ORIENTED_EDGE('',*,*,#9723,.F.);
#10968 = ORIENTED_EDGE('',*,*,#9749,.F.);
#10969 = ORIENTED_EDGE('',*,*,#9775,.F.);
#10970 = PLANE('',#10971);
#10971 = AXIS2_PLACEMENT_3D('',#10972,#10973,#10974);
#10972 = CARTESIAN_POINT('',(3.558134331984,6.047371542822,-0.2));
#10973 = DIRECTION('',(0.,0.,1.));
#10974 = DIRECTION('',(1.,0.,0.));
#10975 = ADVANCED_FACE('',(#10976),#10982,.T.);
#10976 = FACE_BOUND('',#10977,.T.);
#10977 = EDGE_LOOP('',(#10978,#10979,#10980,#10981));
#10978 = ORIENTED_EDGE('',*,*,#9794,.F.);
#10979 = ORIENTED_EDGE('',*,*,#9825,.F.);
#10980 = ORIENTED_EDGE('',*,*,#9849,.F.);
#10981 = ORIENTED_EDGE('',*,*,#9873,.F.);
#10982 = PLANE('',#10983);
#10983 = AXIS2_PLACEMENT_3D('',#10984,#10985,#10986);
#10984 = CARTESIAN_POINT('',(8.093536518895,6.054069767442,-0.2));
#10985 = DIRECTION('',(0.,0.,1.));
#10986 = DIRECTION('',(1.,0.,0.));
#10987 = ADVANCED_FACE('',(#10988),#11013,.T.);
#10988 = FACE_BOUND('',#10989,.T.);
#10989 = EDGE_LOOP('',(#10990,#10991,#10999,#11007));
#10990 = ORIENTED_EDGE('',*,*,#9927,.F.);
#10991 = ORIENTED_EDGE('',*,*,#10992,.T.);
#10992 = EDGE_CURVE('',#9928,#10993,#10995,.T.);
#10993 = VERTEX_POINT('',#10994);
#10994 = CARTESIAN_POINT('',(-9.4,5.85,-10.1));
#10995 = LINE('',#10996,#10997);
#10996 = CARTESIAN_POINT('',(-9.4,5.85,-1.));
#10997 = VECTOR('',#10998,1.);
#10998 = DIRECTION('',(-0.,-0.,-1.));
#10999 = ORIENTED_EDGE('',*,*,#11000,.T.);
#11000 = EDGE_CURVE('',#10993,#11001,#11003,.T.);
#11001 = VERTEX_POINT('',#11002);
#11002 = CARTESIAN_POINT('',(-9.4,-5.85,-10.1));
#11003 = LINE('',#11004,#11005);
#11004 = CARTESIAN_POINT('',(-9.4,5.85,-10.1));
#11005 = VECTOR('',#11006,1.);
#11006 = DIRECTION('',(0.,-1.,0.));
#11007 = ORIENTED_EDGE('',*,*,#11008,.F.);
#11008 = EDGE_CURVE('',#9930,#11001,#11009,.T.);
#11009 = LINE('',#11010,#11011);
#11010 = CARTESIAN_POINT('',(-9.4,-5.85,-1.));
#11011 = VECTOR('',#11012,1.);
#11012 = DIRECTION('',(-0.,-0.,-1.));
#11013 = PLANE('',#11014);
#11014 = AXIS2_PLACEMENT_3D('',#11015,#11016,#11017);
#11015 = CARTESIAN_POINT('',(-9.4,5.85,-1.));
#11016 = DIRECTION('',(-1.,0.,0.));
#11017 = DIRECTION('',(0.,-1.,0.));
#11018 = ADVANCED_FACE('',(#11019),#11037,.T.);
#11019 = FACE_BOUND('',#11020,.T.);
#11020 = EDGE_LOOP('',(#11021,#11022,#11023,#11031));
#11021 = ORIENTED_EDGE('',*,*,#9971,.F.);
#11022 = ORIENTED_EDGE('',*,*,#11008,.T.);
#11023 = ORIENTED_EDGE('',*,*,#11024,.T.);
#11024 = EDGE_CURVE('',#11001,#11025,#11027,.T.);
#11025 = VERTEX_POINT('',#11026);
#11026 = CARTESIAN_POINT('',(6.899999999996,-5.85,-10.1));
#11027 = LINE('',#11028,#11029);
#11028 = CARTESIAN_POINT('',(-9.4,-5.85,-10.1));
#11029 = VECTOR('',#11030,1.);
#11030 = DIRECTION('',(1.,0.,0.));
#11031 = ORIENTED_EDGE('',*,*,#11032,.F.);
#11032 = EDGE_CURVE('',#9963,#11025,#11033,.T.);
#11033 = LINE('',#11034,#11035);
#11034 = CARTESIAN_POINT('',(6.899999999996,-5.85,-1.));
#11035 = VECTOR('',#11036,1.);
#11036 = DIRECTION('',(-0.,-0.,-1.));
#11037 = PLANE('',#11038);
#11038 = AXIS2_PLACEMENT_3D('',#11039,#11040,#11041);
#11039 = CARTESIAN_POINT('',(-9.4,-5.85,-1.));
#11040 = DIRECTION('',(0.,-1.,0.));
#11041 = DIRECTION('',(1.,0.,0.));
#11042 = ADVANCED_FACE('',(#11043),#11062,.T.);
#11043 = FACE_BOUND('',#11044,.T.);
#11044 = EDGE_LOOP('',(#11045,#11046,#11047,#11056));
#11045 = ORIENTED_EDGE('',*,*,#9962,.F.);
#11046 = ORIENTED_EDGE('',*,*,#11032,.T.);
#11047 = ORIENTED_EDGE('',*,*,#11048,.T.);
#11048 = EDGE_CURVE('',#11025,#11049,#11051,.T.);
#11049 = VERTEX_POINT('',#11050);
#11050 = CARTESIAN_POINT('',(9.399999999996,-3.350000000002,-10.1));
#11051 = CIRCLE('',#11052,2.5);
#11052 = AXIS2_PLACEMENT_3D('',#11053,#11054,#11055);
#11053 = CARTESIAN_POINT('',(6.899999999996,-3.35,-10.1));
#11054 = DIRECTION('',(0.,0.,1.));
#11055 = DIRECTION('',(1.,0.,0.));
#11056 = ORIENTED_EDGE('',*,*,#11057,.F.);
#11057 = EDGE_CURVE('',#9955,#11049,#11058,.T.);
#11058 = LINE('',#11059,#11060);
#11059 = CARTESIAN_POINT('',(9.399999999996,-3.350000000002,-1.));
#11060 = VECTOR('',#11061,1.);
#11061 = DIRECTION('',(-0.,-0.,-1.));
#11062 = CYLINDRICAL_SURFACE('',#11063,2.5);
#11063 = AXIS2_PLACEMENT_3D('',#11064,#11065,#11066);
#11064 = CARTESIAN_POINT('',(6.899999999996,-3.35,-1.));
#11065 = DIRECTION('',(0.,0.,1.));
#11066 = DIRECTION('',(1.,0.,0.));
#11067 = ADVANCED_FACE('',(#11068),#11086,.T.);
#11068 = FACE_BOUND('',#11069,.T.);
#11069 = EDGE_LOOP('',(#11070,#11071,#11072,#11080));
#11070 = ORIENTED_EDGE('',*,*,#9954,.F.);
#11071 = ORIENTED_EDGE('',*,*,#11057,.T.);
#11072 = ORIENTED_EDGE('',*,*,#11073,.T.);
#11073 = EDGE_CURVE('',#11049,#11074,#11076,.T.);
#11074 = VERTEX_POINT('',#11075);
#11075 = CARTESIAN_POINT('',(9.399999999998,3.35,-10.1));
#11076 = LINE('',#11077,#11078);
#11077 = CARTESIAN_POINT('',(9.399999999996,-3.350000000002,-10.1));
#11078 = VECTOR('',#11079,1.);
#11079 = DIRECTION('',(0.,1.,0.));
#11080 = ORIENTED_EDGE('',*,*,#11081,.F.);
#11081 = EDGE_CURVE('',#9946,#11074,#11082,.T.);
#11082 = LINE('',#11083,#11084);
#11083 = CARTESIAN_POINT('',(9.399999999998,3.35,-1.));
#11084 = VECTOR('',#11085,1.);
#11085 = DIRECTION('',(-0.,-0.,-1.));
#11086 = PLANE('',#11087);
#11087 = AXIS2_PLACEMENT_3D('',#11088,#11089,#11090);
#11088 = CARTESIAN_POINT('',(9.399999999996,-3.350000000002,-1.));
#11089 = DIRECTION('',(1.,0.,0.));
#11090 = DIRECTION('',(0.,1.,0.));
#11091 = ADVANCED_FACE('',(#11092),#11111,.T.);
#11092 = FACE_BOUND('',#11093,.T.);
#11093 = EDGE_LOOP('',(#11094,#11095,#11096,#11105));
#11094 = ORIENTED_EDGE('',*,*,#9945,.F.);
#11095 = ORIENTED_EDGE('',*,*,#11081,.T.);
#11096 = ORIENTED_EDGE('',*,*,#11097,.T.);
#11097 = EDGE_CURVE('',#11074,#11098,#11100,.T.);
#11098 = VERTEX_POINT('',#11099);
#11099 = CARTESIAN_POINT('',(6.9,5.85,-10.1));
#11100 = CIRCLE('',#11101,2.5);
#11101 = AXIS2_PLACEMENT_3D('',#11102,#11103,#11104);
#11102 = CARTESIAN_POINT('',(6.9,3.35,-10.1));
#11103 = DIRECTION('',(0.,0.,1.));
#11104 = DIRECTION('',(1.,0.,0.));
#11105 = ORIENTED_EDGE('',*,*,#11106,.F.);
#11106 = EDGE_CURVE('',#9938,#11098,#11107,.T.);
#11107 = LINE('',#11108,#11109);
#11108 = CARTESIAN_POINT('',(6.9,5.85,-1.));
#11109 = VECTOR('',#11110,1.);
#11110 = DIRECTION('',(-0.,-0.,-1.));
#11111 = CYLINDRICAL_SURFACE('',#11112,2.5);
#11112 = AXIS2_PLACEMENT_3D('',#11113,#11114,#11115);
#11113 = CARTESIAN_POINT('',(6.9,3.35,-1.));
#11114 = DIRECTION('',(0.,0.,1.));
#11115 = DIRECTION('',(1.,0.,0.));
#11116 = ADVANCED_FACE('',(#11117),#11128,.T.);
#11117 = FACE_BOUND('',#11118,.T.);
#11118 = EDGE_LOOP('',(#11119,#11120,#11121,#11127));
#11119 = ORIENTED_EDGE('',*,*,#9937,.F.);
#11120 = ORIENTED_EDGE('',*,*,#11106,.T.);
#11121 = ORIENTED_EDGE('',*,*,#11122,.T.);
#11122 = EDGE_CURVE('',#11098,#10993,#11123,.T.);
#11123 = LINE('',#11124,#11125);
#11124 = CARTESIAN_POINT('',(6.9,5.85,-10.1));
#11125 = VECTOR('',#11126,1.);
#11126 = DIRECTION('',(-1.,0.,0.));
#11127 = ORIENTED_EDGE('',*,*,#10992,.F.);
#11128 = PLANE('',#11129);
#11129 = AXIS2_PLACEMENT_3D('',#11130,#11131,#11132);
#11130 = CARTESIAN_POINT('',(6.9,5.85,-1.));
#11131 = DIRECTION('',(0.,1.,0.));
#11132 = DIRECTION('',(-1.,0.,0.));
#11133 = ADVANCED_FACE('',(#11134),#11164,.F.);
#11134 = FACE_BOUND('',#11135,.F.);
#11135 = EDGE_LOOP('',(#11136,#11137,#11145,#11158));
#11136 = ORIENTED_EDGE('',*,*,#10057,.F.);
#11137 = ORIENTED_EDGE('',*,*,#11138,.T.);
#11138 = EDGE_CURVE('',#10058,#11139,#11141,.T.);
#11139 = VERTEX_POINT('',#11140);
#11140 = CARTESIAN_POINT('',(-2.305187036628,-6.413299418605,0.));
#11141 = LINE('',#11142,#11143);
#11142 = CARTESIAN_POINT('',(-2.305187036628,-6.413299418605,-0.2));
#11143 = VECTOR('',#11144,1.);
#11144 = DIRECTION('',(0.,0.,1.));
#11145 = ORIENTED_EDGE('',*,*,#11146,.F.);
#11146 = EDGE_CURVE('',#11147,#11139,#11149,.T.);
#11147 = VERTEX_POINT('',#11148);
#11148 = CARTESIAN_POINT('',(-2.256785873837,-6.63265806686,0.));
#11149 = B_SPLINE_CURVE_WITH_KNOTS('',4,(#11150,#11151,#11152,#11153,
    #11154,#11155,#11156,#11157),.UNSPECIFIED.,.F.,.F.,(5,3,5),(0.,
    0.535027353704,1.),.UNSPECIFIED.);
#11150 = CARTESIAN_POINT('',(-2.256785873837,-6.63265806686,0.));
#11151 = CARTESIAN_POINT('',(-2.269721716983,-6.604666825189,0.));
#11152 = CARTESIAN_POINT('',(-2.280364158364,-6.576179733853,0.));
#11153 = CARTESIAN_POINT('',(-2.288698322532,-6.547207180666,0.));
#11154 = CARTESIAN_POINT('',(-2.299956013619,-6.492172783271,0.));
#11155 = CARTESIAN_POINT('',(-2.303445111507,-6.466226524478,0.));
#11156 = CARTESIAN_POINT('',(-2.305187036628,-6.439932097518,0.));
#11157 = CARTESIAN_POINT('',(-2.305187036628,-6.413299418605,0.));
#11158 = ORIENTED_EDGE('',*,*,#11159,.F.);
#11159 = EDGE_CURVE('',#10060,#11147,#11160,.T.);
#11160 = LINE('',#11161,#11162);
#11161 = CARTESIAN_POINT('',(-2.256785873837,-6.63265806686,-0.2));
#11162 = VECTOR('',#11163,1.);
#11163 = DIRECTION('',(0.,0.,1.));
#11164 = SURFACE_OF_LINEAR_EXTRUSION('',#11165,#11169);
#11165 = B_SPLINE_CURVE_WITH_KNOTS('',2,(#11166,#11167,#11168),
  .UNSPECIFIED.,.F.,.F.,(3,3),(0.,1.),.PIECEWISE_BEZIER_KNOTS.);
#11166 = CARTESIAN_POINT('',(-2.305187036628,-6.413299418605,-0.2));
#11167 = CARTESIAN_POINT('',(-2.305187036628,-6.527925145349,-0.2));
#11168 = CARTESIAN_POINT('',(-2.256785873837,-6.63265806686,-0.2));
#11169 = VECTOR('',#11170,1.);
#11170 = DIRECTION('',(-0.,-0.,-1.));
#11171 = ADVANCED_FACE('',(#11172),#11197,.F.);
#11172 = FACE_BOUND('',#11173,.F.);
#11173 = EDGE_LOOP('',(#11174,#11175,#11183,#11196));
#11174 = ORIENTED_EDGE('',*,*,#10067,.F.);
#11175 = ORIENTED_EDGE('',*,*,#11176,.T.);
#11176 = EDGE_CURVE('',#10068,#11177,#11179,.T.);
#11177 = VERTEX_POINT('',#11178);
#11178 = CARTESIAN_POINT('',(-2.200944667442,-6.130659520349,0.));
#11179 = LINE('',#11180,#11181);
#11180 = CARTESIAN_POINT('',(-2.200944667442,-6.130659520349,-0.2));
#11181 = VECTOR('',#11182,1.);
#11182 = DIRECTION('',(0.,0.,1.));
#11183 = ORIENTED_EDGE('',*,*,#11184,.F.);
#11184 = EDGE_CURVE('',#11139,#11177,#11185,.T.);
#11185 = B_SPLINE_CURVE_WITH_KNOTS('',5,(#11186,#11187,#11188,#11189,
    #11190,#11191,#11192,#11193,#11194,#11195),.UNSPECIFIED.,.F.,.F.,(6,
    4,6),(0.,0.765881827459,1.),.UNSPECIFIED.);
#11186 = CARTESIAN_POINT('',(-2.305187036628,-6.413299418605,0.));
#11187 = CARTESIAN_POINT('',(-2.305187036628,-6.360360191742,0.));
#11188 = CARTESIAN_POINT('',(-2.299216840608,-6.310844007257,0.));
#11189 = CARTESIAN_POINT('',(-2.287086306476,-6.265000067015,0.));
#11190 = CARTESIAN_POINT('',(-2.268717026772,-6.22301975818,0.));
#11191 = CARTESIAN_POINT('',(-2.236681757399,-6.173394527136,0.));
#11192 = CARTESIAN_POINT('',(-2.228605459564,-6.162147492438,0.));
#11193 = CARTESIAN_POINT('',(-2.219954882863,-6.151274623137,0.));
#11194 = CARTESIAN_POINT('',(-2.210733178262,-6.140778153494,0.));
#11195 = CARTESIAN_POINT('',(-2.200944667442,-6.130659520349,0.));
#11196 = ORIENTED_EDGE('',*,*,#11138,.F.);
#11197 = SURFACE_OF_LINEAR_EXTRUSION('',#11198,#11202);
#11198 = B_SPLINE_CURVE_WITH_KNOTS('',2,(#11199,#11200,#11201),
  .UNSPECIFIED.,.F.,.F.,(3,3),(0.,1.),.PIECEWISE_BEZIER_KNOTS.);
#11199 = CARTESIAN_POINT('',(-2.200944667442,-6.130659520349,-0.2));
#11200 = CARTESIAN_POINT('',(-2.305187036628,-6.238417514535,-0.2));
#11201 = CARTESIAN_POINT('',(-2.305187036628,-6.413299418605,-0.2));
#11202 = VECTOR('',#11203,1.);
#11203 = DIRECTION('',(-0.,-0.,-1.));
#11204 = ADVANCED_FACE('',(#11205),#11228,.F.);
#11205 = FACE_BOUND('',#11206,.F.);
#11206 = EDGE_LOOP('',(#11207,#11208,#11216,#11227));
#11207 = ORIENTED_EDGE('',*,*,#10075,.F.);
#11208 = ORIENTED_EDGE('',*,*,#11209,.T.);
#11209 = EDGE_CURVE('',#10076,#11210,#11212,.T.);
#11210 = VERTEX_POINT('',#11211);
#11211 = CARTESIAN_POINT('',(-1.947083838953,-6.022819767442,0.));
#11212 = LINE('',#11213,#11214);
#11213 = CARTESIAN_POINT('',(-1.947083838953,-6.022819767442,-0.2));
#11214 = VECTOR('',#11215,1.);
#11215 = DIRECTION('',(0.,0.,1.));
#11216 = ORIENTED_EDGE('',*,*,#11217,.F.);
#11217 = EDGE_CURVE('',#11177,#11210,#11218,.T.);
#11218 = B_SPLINE_CURVE_WITH_KNOTS('',4,(#11219,#11220,#11221,#11222,
    #11223,#11224,#11225,#11226),.UNSPECIFIED.,.F.,.F.,(5,3,5),(0.,
    0.504017002011,1.),.UNSPECIFIED.);
#11219 = CARTESIAN_POINT('',(-2.200944667442,-6.130659520349,0.));
#11220 = CARTESIAN_POINT('',(-2.17478766026,-6.103599839978,0.));
#11221 = CARTESIAN_POINT('',(-2.14661503955,-6.080951698943,0.));
#11222 = CARTESIAN_POINT('',(-2.116443149133,-6.062858145948,0.));
#11223 = CARTESIAN_POINT('',(-2.05275275256,-6.036057316212,0.));
#11224 = CARTESIAN_POINT('',(-2.019294775009,-6.027204801267,0.));
#11225 = CARTESIAN_POINT('',(-1.984035877969,-6.022819767442,0.));
#11226 = CARTESIAN_POINT('',(-1.947083838953,-6.022819767442,0.));
#11227 = ORIENTED_EDGE('',*,*,#11176,.F.);
#11228 = SURFACE_OF_LINEAR_EXTRUSION('',#11229,#11233);
#11229 = B_SPLINE_CURVE_WITH_KNOTS('',2,(#11230,#11231,#11232),
  .UNSPECIFIED.,.F.,.F.,(3,3),(0.,1.),.PIECEWISE_BEZIER_KNOTS.);
#11230 = CARTESIAN_POINT('',(-1.947083838953,-6.022819767442,-0.2));
#11231 = CARTESIAN_POINT('',(-2.096702298256,-6.022819767442,-0.2));
#11232 = CARTESIAN_POINT('',(-2.200944667442,-6.130659520349,-0.2));
#11233 = VECTOR('',#11234,1.);
#11234 = DIRECTION('',(-0.,-0.,-1.));
#11235 = ADVANCED_FACE('',(#11236),#11259,.F.);
#11236 = FACE_BOUND('',#11237,.F.);
#11237 = EDGE_LOOP('',(#11238,#11239,#11247,#11258));
#11238 = ORIENTED_EDGE('',*,*,#10083,.F.);
#11239 = ORIENTED_EDGE('',*,*,#11240,.T.);
#11240 = EDGE_CURVE('',#10084,#11241,#11243,.T.);
#11241 = VERTEX_POINT('',#11242);
#11242 = CARTESIAN_POINT('',(-1.696902152907,-6.130659520349,0.));
#11243 = LINE('',#11244,#11245);
#11244 = CARTESIAN_POINT('',(-1.696902152907,-6.130659520349,-0.2));
#11245 = VECTOR('',#11246,1.);
#11246 = DIRECTION('',(0.,0.,1.));
#11247 = ORIENTED_EDGE('',*,*,#11248,.F.);
#11248 = EDGE_CURVE('',#11210,#11241,#11249,.T.);
#11249 = B_SPLINE_CURVE_WITH_KNOTS('',4,(#11250,#11251,#11252,#11253,
    #11254,#11255,#11256,#11257),.UNSPECIFIED.,.F.,.F.,(5,3,5),(0.,
    0.543194375554,1.),.UNSPECIFIED.);
#11250 = CARTESIAN_POINT('',(-1.947083838953,-6.022819767442,0.));
#11251 = CARTESIAN_POINT('',(-1.906341578405,-6.022819767442,0.));
#11252 = CARTESIAN_POINT('',(-1.867894624824,-6.028064023305,0.));
#11253 = CARTESIAN_POINT('',(-1.831901670855,-6.038676331701,0.));
#11254 = CARTESIAN_POINT('',(-1.770324730453,-6.068021037322,0.));
#11255 = CARTESIAN_POINT('',(-1.743995190024,-6.085193685254,0.));
#11256 = CARTESIAN_POINT('',(-1.71951755883,-6.106108310133,0.));
#11257 = CARTESIAN_POINT('',(-1.696902152907,-6.130659520349,0.));
#11258 = ORIENTED_EDGE('',*,*,#11209,.F.);
#11259 = SURFACE_OF_LINEAR_EXTRUSION('',#11260,#11264);
#11260 = B_SPLINE_CURVE_WITH_KNOTS('',2,(#11261,#11262,#11263),
  .UNSPECIFIED.,.F.,.F.,(3,3),(0.,1.),.PIECEWISE_BEZIER_KNOTS.);
#11261 = CARTESIAN_POINT('',(-1.696902152907,-6.130659520349,-0.2));
#11262 = CARTESIAN_POINT('',(-1.796238998837,-6.022819767442,-0.2));
#11263 = CARTESIAN_POINT('',(-1.947083838953,-6.022819767442,-0.2));
#11264 = VECTOR('',#11265,1.);
#11265 = DIRECTION('',(-0.,-0.,-1.));
#11266 = ADVANCED_FACE('',(#11267),#11292,.F.);
#11267 = FACE_BOUND('',#11268,.F.);
#11268 = EDGE_LOOP('',(#11269,#11270,#11278,#11291));
#11269 = ORIENTED_EDGE('',*,*,#10091,.F.);
#11270 = ORIENTED_EDGE('',*,*,#11271,.T.);
#11271 = EDGE_CURVE('',#10092,#11272,#11274,.T.);
#11272 = VERTEX_POINT('',#11273);
#11273 = CARTESIAN_POINT('',(-1.597565306977,-6.425644985465,0.));
#11274 = LINE('',#11275,#11276);
#11275 = CARTESIAN_POINT('',(-1.597565306977,-6.425644985465,-0.2));
#11276 = VECTOR('',#11277,1.);
#11277 = DIRECTION('',(0.,0.,1.));
#11278 = ORIENTED_EDGE('',*,*,#11279,.F.);
#11279 = EDGE_CURVE('',#11241,#11272,#11280,.T.);
#11280 = B_SPLINE_CURVE_WITH_KNOTS('',5,(#11281,#11282,#11283,#11284,
    #11285,#11286,#11287,#11288,#11289,#11290),.UNSPECIFIED.,.F.,.F.,(6,
    4,6),(0.,8.038962847068E-02,1.),.UNSPECIFIED.);
#11281 = CARTESIAN_POINT('',(-1.696902152907,-6.130659520349,0.));
#11282 = CARTESIAN_POINT('',(-1.69368405561,-6.13415042754,0.));
#11283 = CARTESIAN_POINT('',(-1.690530803271,-6.137693800775,0.));
#11284 = CARTESIAN_POINT('',(-1.687442526014,-6.141289546712,0.));
#11285 = CARTESIAN_POINT('',(-1.684419337096,-6.144937558275,0.));
#11286 = CARTESIAN_POINT('',(-1.647623493655,-6.190965341203,0.));
#11287 = CARTESIAN_POINT('',(-1.62231295781,-6.240120080169,0.));
#11288 = CARTESIAN_POINT('',(-1.605685722395,-6.295912494607,0.));
#11289 = CARTESIAN_POINT('',(-1.597565306977,-6.357933273524,0.));
#11290 = CARTESIAN_POINT('',(-1.597565306977,-6.425644985465,0.));
#11291 = ORIENTED_EDGE('',*,*,#11240,.F.);
#11292 = SURFACE_OF_LINEAR_EXTRUSION('',#11293,#11297);
#11293 = B_SPLINE_CURVE_WITH_KNOTS('',2,(#11294,#11295,#11296),
  .UNSPECIFIED.,.F.,.F.,(3,3),(0.,1.),.PIECEWISE_BEZIER_KNOTS.);
#11294 = CARTESIAN_POINT('',(-1.597565306977,-6.425644985465,-0.2));
#11295 = CARTESIAN_POINT('',(-1.597565306977,-6.238417514535,-0.2));
#11296 = CARTESIAN_POINT('',(-1.696902152907,-6.130659520349,-0.2));
#11297 = VECTOR('',#11298,1.);
#11298 = DIRECTION('',(-0.,-0.,-1.));
#11299 = ADVANCED_FACE('',(#11300),#11321,.F.);
#11300 = FACE_BOUND('',#11301,.F.);
#11301 = EDGE_LOOP('',(#11302,#11303,#11311,#11320));
#11302 = ORIENTED_EDGE('',*,*,#10099,.F.);
#11303 = ORIENTED_EDGE('',*,*,#11304,.T.);
#11304 = EDGE_CURVE('',#10100,#11305,#11307,.T.);
#11305 = VERTEX_POINT('',#11306);
#11306 = CARTESIAN_POINT('',(-1.698128533721,-6.733630087209,0.));
#11307 = LINE('',#11308,#11309);
#11308 = CARTESIAN_POINT('',(-1.698128533721,-6.733630087209,-0.2));
#11309 = VECTOR('',#11310,1.);
#11310 = DIRECTION('',(0.,0.,1.));
#11311 = ORIENTED_EDGE('',*,*,#11312,.F.);
#11312 = EDGE_CURVE('',#11272,#11305,#11313,.T.);
#11313 = B_SPLINE_CURVE_WITH_KNOTS('',5,(#11314,#11315,#11316,#11317,
    #11318,#11319),.UNSPECIFIED.,.F.,.F.,(6,6),(0.,1.),
  .PIECEWISE_BEZIER_KNOTS.);
#11314 = CARTESIAN_POINT('',(-1.597565306977,-6.425644985465,0.));
#11315 = CARTESIAN_POINT('',(-1.597565306977,-6.502106793309,0.));
#11316 = CARTESIAN_POINT('',(-1.607261924587,-6.571768087021,0.));
#11317 = CARTESIAN_POINT('',(-1.627184611598,-6.633890019964,0.));
#11318 = CARTESIAN_POINT('',(-1.657561953163,-6.687918476922,0.));
#11319 = CARTESIAN_POINT('',(-1.698128533721,-6.733630087209,0.));
#11320 = ORIENTED_EDGE('',*,*,#11271,.F.);
#11321 = SURFACE_OF_LINEAR_EXTRUSION('',#11322,#11326);
#11322 = B_SPLINE_CURVE_WITH_KNOTS('',2,(#11323,#11324,#11325),
  .UNSPECIFIED.,.F.,.F.,(3,3),(0.,1.),.PIECEWISE_BEZIER_KNOTS.);
#11323 = CARTESIAN_POINT('',(-1.698128533721,-6.733630087209,-0.2));
#11324 = CARTESIAN_POINT('',(-1.597565306977,-6.6203125,-0.2));
#11325 = CARTESIAN_POINT('',(-1.597565306977,-6.425644985465,-0.2));
#11326 = VECTOR('',#11327,1.);
#11327 = DIRECTION('',(-0.,-0.,-1.));
#11328 = ADVANCED_FACE('',(#11329),#11354,.F.);
#11329 = FACE_BOUND('',#11330,.F.);
#11330 = EDGE_LOOP('',(#11331,#11332,#11340,#11353));
#11331 = ORIENTED_EDGE('',*,*,#10107,.F.);
#11332 = ORIENTED_EDGE('',*,*,#11333,.T.);
#11333 = EDGE_CURVE('',#10108,#11334,#11336,.T.);
#11334 = VERTEX_POINT('',#11335);
#11335 = CARTESIAN_POINT('',(-1.938499173256,-6.846947674419,0.));
#11336 = LINE('',#11337,#11338);
#11337 = CARTESIAN_POINT('',(-1.938499173256,-6.846947674419,-0.2));
#11338 = VECTOR('',#11339,1.);
#11339 = DIRECTION('',(0.,0.,1.));
#11340 = ORIENTED_EDGE('',*,*,#11341,.F.);
#11341 = EDGE_CURVE('',#11305,#11334,#11342,.T.);
#11342 = B_SPLINE_CURVE_WITH_KNOTS('',5,(#11343,#11344,#11345,#11346,
    #11347,#11348,#11349,#11350,#11351,#11352),.UNSPECIFIED.,.F.,.F.,(6,
    4,6),(0.,0.618498254679,1.),.UNSPECIFIED.);
#11343 = CARTESIAN_POINT('',(-1.698128533721,-6.733630087209,0.));
#11344 = CARTESIAN_POINT('',(-1.722820053642,-6.761453214535,0.));
#11345 = CARTESIAN_POINT('',(-1.749114127912,-6.785146270066,0.));
#11346 = CARTESIAN_POINT('',(-1.777001759867,-6.804579930444,0.));
#11347 = CARTESIAN_POINT('',(-1.806453005186,-6.819674731414,0.));
#11348 = CARTESIAN_POINT('',(-1.856509691795,-6.837034824716,0.));
#11349 = CARTESIAN_POINT('',(-1.87618066488,-6.841999851739,0.));
#11350 = CARTESIAN_POINT('',(-1.896413216329,-6.845302701031,0.));
#11351 = CARTESIAN_POINT('',(-1.917192033646,-6.846947674419,0.));
#11352 = CARTESIAN_POINT('',(-1.938499173256,-6.846947674419,0.));
#11353 = ORIENTED_EDGE('',*,*,#11304,.F.);
#11354 = SURFACE_OF_LINEAR_EXTRUSION('',#11355,#11359);
#11355 = B_SPLINE_CURVE_WITH_KNOTS('',2,(#11356,#11357,#11358),
  .UNSPECIFIED.,.F.,.F.,(3,3),(0.,1.),.PIECEWISE_BEZIER_KNOTS.);
#11356 = CARTESIAN_POINT('',(-1.938499173256,-6.846947674419,-0.2));
#11357 = CARTESIAN_POINT('',(-1.798691760465,-6.846947674419,-0.2));
#11358 = CARTESIAN_POINT('',(-1.698128533721,-6.733630087209,-0.2));
#11359 = VECTOR('',#11360,1.);
#11360 = DIRECTION('',(-0.,-0.,-1.));
#11361 = ADVANCED_FACE('',(#11362),#11385,.F.);
#11362 = FACE_BOUND('',#11363,.F.);
#11363 = EDGE_LOOP('',(#11364,#11365,#11373,#11384));
#11364 = ORIENTED_EDGE('',*,*,#10115,.F.);
#11365 = ORIENTED_EDGE('',*,*,#11366,.T.);
#11366 = EDGE_CURVE('',#10116,#11367,#11369,.T.);
#11367 = VERTEX_POINT('',#11368);
#11368 = CARTESIAN_POINT('',(-2.121229914535,-6.792169331395,0.));
#11369 = LINE('',#11370,#11371);
#11370 = CARTESIAN_POINT('',(-2.121229914535,-6.792169331395,-0.2));
#11371 = VECTOR('',#11372,1.);
#11372 = DIRECTION('',(0.,0.,1.));
#11373 = ORIENTED_EDGE('',*,*,#11374,.F.);
#11374 = EDGE_CURVE('',#11334,#11367,#11375,.T.);
#11375 = B_SPLINE_CURVE_WITH_KNOTS('',4,(#11376,#11377,#11378,#11379,
    #11380,#11381,#11382,#11383),.UNSPECIFIED.,.F.,.F.,(5,3,5),(0.,
    0.267819241087,1.),.UNSPECIFIED.);
#11376 = CARTESIAN_POINT('',(-1.938499173256,-6.846947674419,0.));
#11377 = CARTESIAN_POINT('',(-1.951313682356,-6.846947674419,0.));
#11378 = CARTESIAN_POINT('',(-1.964029112371,-6.846292311931,0.));
#11379 = CARTESIAN_POINT('',(-1.976643517549,-6.844980751327,0.));
#11380 = CARTESIAN_POINT('',(-2.023360100335,-6.837634465788,0.));
#11381 = CARTESIAN_POINT('',(-2.056796780805,-6.827353270432,0.));
#11382 = CARTESIAN_POINT('',(-2.089428557527,-6.812175818903,0.));
#11383 = CARTESIAN_POINT('',(-2.121229914535,-6.792169331395,0.));
#11384 = ORIENTED_EDGE('',*,*,#11333,.F.);
#11385 = SURFACE_OF_LINEAR_EXTRUSION('',#11386,#11390);
#11386 = B_SPLINE_CURVE_WITH_KNOTS('',2,(#11387,#11388,#11389),
  .UNSPECIFIED.,.F.,.F.,(3,3),(0.,1.),.PIECEWISE_BEZIER_KNOTS.);
#11387 = CARTESIAN_POINT('',(-2.121229914535,-6.792169331395,-0.2));
#11388 = CARTESIAN_POINT('',(-2.034156876744,-6.846947674419,-0.2));
#11389 = CARTESIAN_POINT('',(-1.938499173256,-6.846947674419,-0.2));
#11390 = VECTOR('',#11391,1.);
#11391 = DIRECTION('',(-0.,-0.,-1.));
#11392 = ADVANCED_FACE('',(#11393),#11409,.F.);
#11393 = FACE_BOUND('',#11394,.F.);
#11394 = EDGE_LOOP('',(#11395,#11396,#11397,#11408));
#11395 = ORIENTED_EDGE('',*,*,#10123,.F.);
#11396 = ORIENTED_EDGE('',*,*,#11159,.T.);
#11397 = ORIENTED_EDGE('',*,*,#11398,.F.);
#11398 = EDGE_CURVE('',#11367,#11147,#11399,.T.);
#11399 = B_SPLINE_CURVE_WITH_KNOTS('',4,(#11400,#11401,#11402,#11403,
    #11404,#11405,#11406,#11407),.UNSPECIFIED.,.F.,.F.,(5,3,5),(0.,
    0.159767190259,1.),.UNSPECIFIED.);
#11400 = CARTESIAN_POINT('',(-2.121229914535,-6.792169331395,0.));
#11401 = CARTESIAN_POINT('',(-2.128194865799,-6.787781085106,0.));
#11402 = CARTESIAN_POINT('',(-2.134996104077,-6.783179886825,0.));
#11403 = CARTESIAN_POINT('',(-2.141633082045,-6.778365898308,0.));
#11404 = CARTESIAN_POINT('',(-2.182143887772,-6.746904804043,0.));
#11405 = CARTESIAN_POINT('',(-2.211627669529,-6.714593485835,0.));
#11406 = CARTESIAN_POINT('',(-2.236495612045,-6.676454921995,0.));
#11407 = CARTESIAN_POINT('',(-2.256785873837,-6.63265806686,0.));
#11408 = ORIENTED_EDGE('',*,*,#11366,.F.);
#11409 = SURFACE_OF_LINEAR_EXTRUSION('',#11410,#11414);
#11410 = B_SPLINE_CURVE_WITH_KNOTS('',2,(#11411,#11412,#11413),
  .UNSPECIFIED.,.F.,.F.,(3,3),(0.,1.),.PIECEWISE_BEZIER_KNOTS.);
#11411 = CARTESIAN_POINT('',(-2.256785873837,-6.63265806686,-0.2));
#11412 = CARTESIAN_POINT('',(-2.208302952326,-6.737309229651,-0.2));
#11413 = CARTESIAN_POINT('',(-2.121229914535,-6.792169331395,-0.2));
#11414 = VECTOR('',#11415,1.);
#11415 = DIRECTION('',(-0.,-0.,-1.));
#11416 = ADVANCED_FACE('',(#11417),#11447,.F.);
#11417 = FACE_BOUND('',#11418,.F.);
#11418 = EDGE_LOOP('',(#11419,#11420,#11428,#11441));
#11419 = ORIENTED_EDGE('',*,*,#10151,.F.);
#11420 = ORIENTED_EDGE('',*,*,#11421,.T.);
#11421 = EDGE_CURVE('',#10152,#11422,#11424,.T.);
#11422 = VERTEX_POINT('',#11423);
#11423 = CARTESIAN_POINT('',(-0.925263344767,-6.110465116279,0.));
#11424 = LINE('',#11425,#11426);
#11425 = CARTESIAN_POINT('',(-0.925263344767,-6.110465116279,-0.2));
#11426 = VECTOR('',#11427,1.);
#11427 = DIRECTION('',(0.,0.,1.));
#11428 = ORIENTED_EDGE('',*,*,#11429,.F.);
#11429 = EDGE_CURVE('',#11430,#11422,#11432,.T.);
#11430 = VERTEX_POINT('',#11431);
#11431 = CARTESIAN_POINT('',(-0.821675045349,-6.70027252907,0.));
#11432 = B_SPLINE_CURVE_WITH_KNOTS('',7,(#11433,#11434,#11435,#11436,
    #11437,#11438,#11439,#11440),.UNSPECIFIED.,.F.,.F.,(8,8),(0.,1.),
  .PIECEWISE_BEZIER_KNOTS.);
#11433 = CARTESIAN_POINT('',(-0.821675045349,-6.70027252907,0.));
#11434 = CARTESIAN_POINT('',(-0.854481083579,-6.653821043209,0.));
#11435 = CARTESIAN_POINT('',(-0.880472688044,-6.591091874424,0.));
#11436 = CARTESIAN_POINT('',(-0.899801370761,-6.514018542955,0.));
#11437 = CARTESIAN_POINT('',(-0.913196215447,-6.425288717298,0.));
#11438 = CARTESIAN_POINT('',(-0.92143859274,-6.327296961654,0.));
#11439 = CARTESIAN_POINT('',(-0.925263344767,-6.221948999895,0.));
#11440 = CARTESIAN_POINT('',(-0.925263344767,-6.110465116279,0.));
#11441 = ORIENTED_EDGE('',*,*,#11442,.F.);
#11442 = EDGE_CURVE('',#10154,#11430,#11443,.T.);
#11443 = LINE('',#11444,#11445);
#11444 = CARTESIAN_POINT('',(-0.821675045349,-6.70027252907,-0.2));
#11445 = VECTOR('',#11446,1.);
#11446 = DIRECTION('',(0.,0.,1.));
#11447 = SURFACE_OF_LINEAR_EXTRUSION('',#11448,#11452);
#11448 = B_SPLINE_CURVE_WITH_KNOTS('',2,(#11449,#11450,#11451),
  .UNSPECIFIED.,.F.,.F.,(3,3),(0.,1.),.PIECEWISE_BEZIER_KNOTS.);
#11449 = CARTESIAN_POINT('',(-0.925263344767,-6.110465116279,-0.2));
#11450 = CARTESIAN_POINT('',(-0.925263344767,-6.553597383721,-0.2));
#11451 = CARTESIAN_POINT('',(-0.821675045349,-6.70027252907,-0.2));
#11452 = VECTOR('',#11453,1.);
#11453 = DIRECTION('',(-0.,-0.,-1.));
#11454 = ADVANCED_FACE('',(#11455),#11478,.F.);
#11455 = FACE_BOUND('',#11456,.F.);
#11456 = EDGE_LOOP('',(#11457,#11458,#11466,#11477));
#11457 = ORIENTED_EDGE('',*,*,#10161,.F.);
#11458 = ORIENTED_EDGE('',*,*,#11459,.T.);
#11459 = EDGE_CURVE('',#10162,#11460,#11462,.T.);
#11460 = VERTEX_POINT('',#11461);
#11461 = CARTESIAN_POINT('',(-0.81120992907,-5.502834302326,0.));
#11462 = LINE('',#11463,#11464);
#11463 = CARTESIAN_POINT('',(-0.81120992907,-5.502834302326,-0.2));
#11464 = VECTOR('',#11465,1.);
#11465 = DIRECTION('',(0.,0.,1.));
#11466 = ORIENTED_EDGE('',*,*,#11467,.F.);
#11467 = EDGE_CURVE('',#11422,#11460,#11468,.T.);
#11468 = B_SPLINE_CURVE_WITH_KNOTS('',7,(#11469,#11470,#11471,#11472,
    #11473,#11474,#11475,#11476),.UNSPECIFIED.,.F.,.F.,(8,8),(0.,1.),
  .PIECEWISE_BEZIER_KNOTS.);
#11469 = CARTESIAN_POINT('',(-0.925263344767,-6.110465116279,0.));
#11470 = CARTESIAN_POINT('',(-0.925263344767,-5.998108281034,0.));
#11471 = CARTESIAN_POINT('',(-0.920986042421,-5.891606861992,0.));
#11472 = CARTESIAN_POINT('',(-0.91180275494,-5.792102675901,0.));
#11473 = CARTESIAN_POINT('',(-0.8969519658,-5.701311380976,0.));
#11474 = CARTESIAN_POINT('',(-0.875632011804,-5.621362723215,0.));
#11475 = CARTESIAN_POINT('',(-0.847111150362,-5.554614415043,0.));
#11476 = CARTESIAN_POINT('',(-0.81120992907,-5.502834302326,0.));
#11477 = ORIENTED_EDGE('',*,*,#11421,.F.);
#11478 = SURFACE_OF_LINEAR_EXTRUSION('',#11479,#11483);
#11479 = B_SPLINE_CURVE_WITH_KNOTS('',2,(#11480,#11481,#11482),
  .UNSPECIFIED.,.F.,.F.,(3,3),(0.,1.),.PIECEWISE_BEZIER_KNOTS.);
#11480 = CARTESIAN_POINT('',(-0.81120992907,-5.502834302326,-0.2));
#11481 = CARTESIAN_POINT('',(-0.925263344767,-5.667332848837,-0.2));
#11482 = CARTESIAN_POINT('',(-0.925263344767,-6.110465116279,-0.2));
#11483 = VECTOR('',#11484,1.);
#11484 = DIRECTION('',(-0.,-0.,-1.));
#11485 = ADVANCED_FACE('',(#11486),#11511,.F.);
#11486 = FACE_BOUND('',#11487,.F.);
#11487 = EDGE_LOOP('',(#11488,#11489,#11497,#11510));
#11488 = ORIENTED_EDGE('',*,*,#10169,.F.);
#11489 = ORIENTED_EDGE('',*,*,#11490,.T.);
#11490 = EDGE_CURVE('',#10170,#11491,#11493,.T.);
#11491 = VERTEX_POINT('',#11492);
#11492 = CARTESIAN_POINT('',(-0.568386527907,-5.37398255814,0.));
#11493 = LINE('',#11494,#11495);
#11494 = CARTESIAN_POINT('',(-0.568386527907,-5.37398255814,-0.2));
#11495 = VECTOR('',#11496,1.);
#11496 = DIRECTION('',(0.,0.,1.));
#11497 = ORIENTED_EDGE('',*,*,#11498,.F.);
#11498 = EDGE_CURVE('',#11460,#11491,#11499,.T.);
#11499 = B_SPLINE_CURVE_WITH_KNOTS('',5,(#11500,#11501,#11502,#11503,
    #11504,#11505,#11506,#11507,#11508,#11509),.UNSPECIFIED.,.F.,.F.,(6,
    4,6),(0.,0.543257773437,1.),.UNSPECIFIED.);
#11500 = CARTESIAN_POINT('',(-0.81120992907,-5.502834302326,0.));
#11501 = CARTESIAN_POINT('',(-0.791642437762,-5.475051990343,0.));
#11502 = CARTESIAN_POINT('',(-0.770186974954,-5.450862682275,0.));
#11503 = CARTESIAN_POINT('',(-0.746837910609,-5.430394763514,0.));
#11504 = CARTESIAN_POINT('',(-0.721615847425,-5.41373014194,0.));
#11505 = CARTESIAN_POINT('',(-0.671837187568,-5.390100427822,0.));
#11506 = CARTESIAN_POINT('',(-0.647813638655,-5.38201323844,0.));
#11507 = CARTESIAN_POINT('',(-0.622533661782,-5.376645359392,0.));
#11508 = CARTESIAN_POINT('',(-0.596039898704,-5.37398255814,0.));
#11509 = CARTESIAN_POINT('',(-0.568386527907,-5.37398255814,0.));
#11510 = ORIENTED_EDGE('',*,*,#11459,.F.);
#11511 = SURFACE_OF_LINEAR_EXTRUSION('',#11512,#11516);
#11512 = B_SPLINE_CURVE_WITH_KNOTS('',2,(#11513,#11514,#11515),
  .UNSPECIFIED.,.F.,.F.,(3,3),(0.,1.),.PIECEWISE_BEZIER_KNOTS.);
#11513 = CARTESIAN_POINT('',(-0.568386527907,-5.37398255814,-0.2));
#11514 = CARTESIAN_POINT('',(-0.720457748837,-5.37398255814,-0.2));
#11515 = CARTESIAN_POINT('',(-0.81120992907,-5.502834302326,-0.2));
#11516 = VECTOR('',#11517,1.);
#11517 = DIRECTION('',(-0.,-0.,-1.));
#11518 = ADVANCED_FACE('',(#11519),#11544,.F.);
#11519 = FACE_BOUND('',#11520,.F.);
#11520 = EDGE_LOOP('',(#11521,#11522,#11530,#11543));
#11521 = ORIENTED_EDGE('',*,*,#10177,.F.);
#11522 = ORIENTED_EDGE('',*,*,#11523,.T.);
#11523 = EDGE_CURVE('',#10178,#11524,#11526,.T.);
#11524 = VERTEX_POINT('',#11525);
#11525 = CARTESIAN_POINT('',(-0.31027424593,-5.520085392442,0.));
#11526 = LINE('',#11527,#11528);
#11527 = CARTESIAN_POINT('',(-0.31027424593,-5.520085392442,-0.2));
#11528 = VECTOR('',#11529,1.);
#11529 = DIRECTION('',(0.,0.,1.));
#11530 = ORIENTED_EDGE('',*,*,#11531,.F.);
#11531 = EDGE_CURVE('',#11491,#11524,#11532,.T.);
#11532 = B_SPLINE_CURVE_WITH_KNOTS('',5,(#11533,#11534,#11535,#11536,
    #11537,#11538,#11539,#11540,#11541,#11542),.UNSPECIFIED.,.F.,.F.,(6,
    4,6),(0.,0.32889809283,1.),.UNSPECIFIED.);
#11533 = CARTESIAN_POINT('',(-0.568386527907,-5.37398255814,0.));
#11534 = CARTESIAN_POINT('',(-0.548053861194,-5.37398255814,0.));
#11535 = CARTESIAN_POINT('',(-0.528224234125,-5.375563526263,0.));
#11536 = CARTESIAN_POINT('',(-0.508918565383,-5.37874061603,0.));
#11537 = CARTESIAN_POINT('',(-0.490154737192,-5.383518857404,0.));
#11538 = CARTESIAN_POINT('',(-0.434796733371,-5.402899630751,0.));
#11539 = CARTESIAN_POINT('',(-0.399961309648,-5.422551803535,0.));
#11540 = CARTESIAN_POINT('',(-0.367572125852,-5.44880508571,0.));
#11541 = CARTESIAN_POINT('',(-0.337679223225,-5.481432910654,0.));
#11542 = CARTESIAN_POINT('',(-0.31027424593,-5.520085392442,0.));
#11543 = ORIENTED_EDGE('',*,*,#11490,.F.);
#11544 = SURFACE_OF_LINEAR_EXTRUSION('',#11545,#11549);
#11545 = B_SPLINE_CURVE_WITH_KNOTS('',2,(#11546,#11547,#11548),
  .UNSPECIFIED.,.F.,.F.,(3,3),(0.,1.),.PIECEWISE_BEZIER_KNOTS.);
#11546 = CARTESIAN_POINT('',(-0.31027424593,-5.520085392442,-0.2));
#11547 = CARTESIAN_POINT('',(-0.413862545349,-5.37398255814,-0.2));
#11548 = CARTESIAN_POINT('',(-0.568386527907,-5.37398255814,-0.2));
#11549 = VECTOR('',#11550,1.);
#11550 = DIRECTION('',(-0.,-0.,-1.));
#11551 = ADVANCED_FACE('',(#11552),#11575,.F.);
#11552 = FACE_BOUND('',#11553,.F.);
#11553 = EDGE_LOOP('',(#11554,#11555,#11563,#11574));
#11554 = ORIENTED_EDGE('',*,*,#10185,.F.);
#11555 = ORIENTED_EDGE('',*,*,#11556,.T.);
#11556 = EDGE_CURVE('',#10186,#11557,#11559,.T.);
#11557 = VERTEX_POINT('',#11558);
#11558 = CARTESIAN_POINT('',(-0.206604187791,-6.110465116279,0.));
#11559 = LINE('',#11560,#11561);
#11560 = CARTESIAN_POINT('',(-0.206604187791,-6.110465116279,-0.2));
#11561 = VECTOR('',#11562,1.);
#11562 = DIRECTION('',(0.,0.,1.));
#11563 = ORIENTED_EDGE('',*,*,#11564,.F.);
#11564 = EDGE_CURVE('',#11524,#11557,#11565,.T.);
#11565 = B_SPLINE_CURVE_WITH_KNOTS('',7,(#11566,#11567,#11568,#11569,
    #11570,#11571,#11572,#11573),.UNSPECIFIED.,.F.,.F.,(8,8),(0.,1.),
  .PIECEWISE_BEZIER_KNOTS.);
#11566 = CARTESIAN_POINT('',(-0.31027424593,-5.520085392442,0.));
#11567 = CARTESIAN_POINT('',(-0.277419936728,-5.56636125698,0.));
#11568 = CARTESIAN_POINT('',(-0.251397895927,-5.629047511322,0.));
#11569 = CARTESIAN_POINT('',(-0.232058060643,-5.706187984481,0.));
#11570 = CARTESIAN_POINT('',(-0.21866320294,-5.795055132431,0.));
#11571 = CARTESIAN_POINT('',(-0.210425318296,-5.893224319597,0.));
#11572 = CARTESIAN_POINT('',(-0.206604187791,-5.998769804722,0.));
#11573 = CARTESIAN_POINT('',(-0.206604187791,-6.110465116279,0.));
#11574 = ORIENTED_EDGE('',*,*,#11523,.F.);
#11575 = SURFACE_OF_LINEAR_EXTRUSION('',#11576,#11580);
#11576 = B_SPLINE_CURVE_WITH_KNOTS('',2,(#11577,#11578,#11579),
  .UNSPECIFIED.,.F.,.F.,(3,3),(0.,1.),.PIECEWISE_BEZIER_KNOTS.);
#11577 = CARTESIAN_POINT('',(-0.206604187791,-6.110465116279,-0.2));
#11578 = CARTESIAN_POINT('',(-0.206604187791,-5.666106468023,-0.2));
#11579 = CARTESIAN_POINT('',(-0.31027424593,-5.520085392442,-0.2));
#11580 = VECTOR('',#11581,1.);
#11581 = DIRECTION('',(-0.,-0.,-1.));
#11582 = ADVANCED_FACE('',(#11583),#11606,.F.);
#11583 = FACE_BOUND('',#11584,.F.);
#11584 = EDGE_LOOP('',(#11585,#11586,#11594,#11605));
#11585 = ORIENTED_EDGE('',*,*,#10193,.F.);
#11586 = ORIENTED_EDGE('',*,*,#11587,.T.);
#11587 = EDGE_CURVE('',#10194,#11588,#11590,.T.);
#11588 = VERTEX_POINT('',#11589);
#11589 = CARTESIAN_POINT('',(-0.31027424593,-6.699700218023,0.));
#11590 = LINE('',#11591,#11592);
#11591 = CARTESIAN_POINT('',(-0.31027424593,-6.699700218023,-0.2));
#11592 = VECTOR('',#11593,1.);
#11593 = DIRECTION('',(0.,0.,1.));
#11594 = ORIENTED_EDGE('',*,*,#11595,.F.);
#11595 = EDGE_CURVE('',#11557,#11588,#11596,.T.);
#11596 = B_SPLINE_CURVE_WITH_KNOTS('',7,(#11597,#11598,#11599,#11600,
    #11601,#11602,#11603,#11604),.UNSPECIFIED.,.F.,.F.,(8,8),(0.,1.),
  .PIECEWISE_BEZIER_KNOTS.);
#11597 = CARTESIAN_POINT('',(-0.206604187791,-6.110465116279,0.));
#11598 = CARTESIAN_POINT('',(-0.206604187791,-6.22173894057,0.));
#11599 = CARTESIAN_POINT('',(-0.21043873584,-6.326890988372,0.));
#11600 = CARTESIAN_POINT('',(-0.218698928499,-6.424706721633,0.));
#11601 = CARTESIAN_POINT('',(-0.232115369239,-6.513299839746,0.));
#11602 = CARTESIAN_POINT('',(-0.251463866934,-6.59030536118,0.));
#11603 = CARTESIAN_POINT('',(-0.277466089901,-6.653075377988,0.));
#11604 = CARTESIAN_POINT('',(-0.31027424593,-6.699700218023,0.));
#11605 = ORIENTED_EDGE('',*,*,#11556,.F.);
#11606 = SURFACE_OF_LINEAR_EXTRUSION('',#11607,#11611);
#11607 = B_SPLINE_CURVE_WITH_KNOTS('',2,(#11608,#11609,#11610),
  .UNSPECIFIED.,.F.,.F.,(3,3),(0.,1.),.PIECEWISE_BEZIER_KNOTS.);
#11608 = CARTESIAN_POINT('',(-0.31027424593,-6.699700218023,-0.2));
#11609 = CARTESIAN_POINT('',(-0.206604187791,-6.552371002907,-0.2));
#11610 = CARTESIAN_POINT('',(-0.206604187791,-6.110465116279,-0.2));
#11611 = VECTOR('',#11612,1.);
#11612 = DIRECTION('',(-0.,-0.,-1.));
#11613 = ADVANCED_FACE('',(#11614),#11639,.F.);
#11614 = FACE_BOUND('',#11615,.F.);
#11615 = EDGE_LOOP('',(#11616,#11617,#11625,#11638));
#11616 = ORIENTED_EDGE('',*,*,#10201,.F.);
#11617 = ORIENTED_EDGE('',*,*,#11618,.T.);
#11618 = EDGE_CURVE('',#10202,#11619,#11621,.T.);
#11619 = VERTEX_POINT('',#11620);
#11620 = CARTESIAN_POINT('',(-0.565933766279,-6.846947674419,0.));
#11621 = LINE('',#11622,#11623);
#11622 = CARTESIAN_POINT('',(-0.565933766279,-6.846947674419,-0.2));
#11623 = VECTOR('',#11624,1.);
#11624 = DIRECTION('',(0.,0.,1.));
#11625 = ORIENTED_EDGE('',*,*,#11626,.F.);
#11626 = EDGE_CURVE('',#11588,#11619,#11627,.T.);
#11627 = B_SPLINE_CURVE_WITH_KNOTS('',5,(#11628,#11629,#11630,#11631,
    #11632,#11633,#11634,#11635,#11636,#11637),.UNSPECIFIED.,.F.,.F.,(6,
    4,6),(0.,0.694198380472,1.),.UNSPECIFIED.);
#11628 = CARTESIAN_POINT('',(-0.31027424593,-6.699700218023,0.));
#11629 = CARTESIAN_POINT('',(-0.33859384003,-6.739955615792,0.));
#11630 = CARTESIAN_POINT('',(-0.36946560429,-6.773741298371,0.));
#11631 = CARTESIAN_POINT('',(-0.402897896852,-6.800659078378,0.));
#11632 = CARTESIAN_POINT('',(-0.438835131354,-6.820450573805,0.));
#11633 = CARTESIAN_POINT('',(-0.494001454441,-6.838628627011,0.));
#11634 = CARTESIAN_POINT('',(-0.511329700198,-6.842795849571,0.));
#11635 = CARTESIAN_POINT('',(-0.529104290284,-6.845567580723,0.));
#11636 = CARTESIAN_POINT('',(-0.547311087169,-6.846947674419,0.));
#11637 = CARTESIAN_POINT('',(-0.565933766279,-6.846947674419,0.));
#11638 = ORIENTED_EDGE('',*,*,#11587,.F.);
#11639 = SURFACE_OF_LINEAR_EXTRUSION('',#11640,#11644);
#11640 = B_SPLINE_CURVE_WITH_KNOTS('',2,(#11641,#11642,#11643),
  .UNSPECIFIED.,.F.,.F.,(3,3),(0.,1.),.PIECEWISE_BEZIER_KNOTS.);
#11641 = CARTESIAN_POINT('',(-0.565933766279,-6.846947674419,-0.2));
#11642 = CARTESIAN_POINT('',(-0.413862545349,-6.846947674419,-0.2));
#11643 = CARTESIAN_POINT('',(-0.31027424593,-6.699700218023,-0.2));
#11644 = VECTOR('',#11645,1.);
#11645 = DIRECTION('',(-0.,-0.,-1.));
#11646 = ADVANCED_FACE('',(#11647),#11665,.F.);
#11647 = FACE_BOUND('',#11648,.F.);
#11648 = EDGE_LOOP('',(#11649,#11650,#11651,#11664));
#11649 = ORIENTED_EDGE('',*,*,#10209,.F.);
#11650 = ORIENTED_EDGE('',*,*,#11442,.T.);
#11651 = ORIENTED_EDGE('',*,*,#11652,.F.);
#11652 = EDGE_CURVE('',#11619,#11430,#11653,.T.);
#11653 = B_SPLINE_CURVE_WITH_KNOTS('',5,(#11654,#11655,#11656,#11657,
    #11658,#11659,#11660,#11661,#11662,#11663),.UNSPECIFIED.,.F.,.F.,(6,
    4,6),(0.,0.30781586118,1.),.UNSPECIFIED.);
#11654 = CARTESIAN_POINT('',(-0.565933766279,-6.846947674419,0.));
#11655 = CARTESIAN_POINT('',(-0.584677536403,-6.846947674419,0.));
#11656 = CARTESIAN_POINT('',(-0.603000709192,-6.845555009025,0.));
#11657 = CARTESIAN_POINT('',(-0.62088674687,-6.842757972635,0.));
#11658 = CARTESIAN_POINT('',(-0.638321336381,-6.838552663729,0.));
#11659 = CARTESIAN_POINT('',(-0.693455119753,-6.820328525304,0.));
#11660 = CARTESIAN_POINT('',(-0.729276459118,-6.800612036918,0.));
#11661 = CARTESIAN_POINT('',(-0.762613154775,-6.773839049265,0.));
#11662 = CARTESIAN_POINT('',(-0.793410128997,-6.7402624817,0.));
#11663 = CARTESIAN_POINT('',(-0.821675045349,-6.70027252907,0.));
#11664 = ORIENTED_EDGE('',*,*,#11618,.F.);
#11665 = SURFACE_OF_LINEAR_EXTRUSION('',#11666,#11670);
#11666 = B_SPLINE_CURVE_WITH_KNOTS('',2,(#11667,#11668,#11669),
  .UNSPECIFIED.,.F.,.F.,(3,3),(0.,1.),.PIECEWISE_BEZIER_KNOTS.);
#11667 = CARTESIAN_POINT('',(-0.821675045349,-6.70027252907,-0.2));
#11668 = CARTESIAN_POINT('',(-0.718004987209,-6.846947674419,-0.2));
#11669 = CARTESIAN_POINT('',(-0.565933766279,-6.846947674419,-0.2));
#11670 = VECTOR('',#11671,1.);
#11671 = DIRECTION('',(-0.,-0.,-1.));
#11672 = ADVANCED_FACE('',(#11673),#11698,.F.);
#11673 = FACE_BOUND('',#11674,.F.);
#11674 = EDGE_LOOP('',(#11675,#11676,#11684,#11692));
#11675 = ORIENTED_EDGE('',*,*,#10268,.F.);
#11676 = ORIENTED_EDGE('',*,*,#11677,.T.);
#11677 = EDGE_CURVE('',#10269,#11678,#11680,.T.);
#11678 = VERTEX_POINT('',#11679);
#11679 = CARTESIAN_POINT('',(0.562581858721,-6.792005813953,0.));
#11680 = LINE('',#11681,#11682);
#11681 = CARTESIAN_POINT('',(0.562581858721,-6.792005813953,-0.2));
#11682 = VECTOR('',#11683,1.);
#11683 = DIRECTION('',(0.,0.,1.));
#11684 = ORIENTED_EDGE('',*,*,#11685,.F.);
#11685 = EDGE_CURVE('',#11686,#11678,#11688,.T.);
#11686 = VERTEX_POINT('',#11687);
#11687 = CARTESIAN_POINT('',(1.010210855814,-6.792005813953,0.));
#11688 = LINE('',#11689,#11690);
#11689 = CARTESIAN_POINT('',(0.28129092936,-6.792005813953,0.));
#11690 = VECTOR('',#11691,1.);
#11691 = DIRECTION('',(-1.,0.,0.));
#11692 = ORIENTED_EDGE('',*,*,#11693,.F.);
#11693 = EDGE_CURVE('',#10271,#11686,#11694,.T.);
#11694 = LINE('',#11695,#11696);
#11695 = CARTESIAN_POINT('',(1.010210855814,-6.792005813953,-0.2));
#11696 = VECTOR('',#11697,1.);
#11697 = DIRECTION('',(0.,0.,1.));
#11698 = PLANE('',#11699);
#11699 = AXIS2_PLACEMENT_3D('',#11700,#11701,#11702);
#11700 = CARTESIAN_POINT('',(0.562581858721,-6.792005813953,-0.2));
#11701 = DIRECTION('',(0.,1.,0.));
#11702 = DIRECTION('',(1.,0.,0.));
#11703 = ADVANCED_FACE('',(#11704),#11722,.F.);
#11704 = FACE_BOUND('',#11705,.F.);
#11705 = EDGE_LOOP('',(#11706,#11707,#11715,#11721));
#11706 = ORIENTED_EDGE('',*,*,#10278,.F.);
#11707 = ORIENTED_EDGE('',*,*,#11708,.T.);
#11708 = EDGE_CURVE('',#10279,#11709,#11711,.T.);
#11709 = VERTEX_POINT('',#11710);
#11710 = CARTESIAN_POINT('',(0.562581858721,-6.166715116279,0.));
#11711 = LINE('',#11712,#11713);
#11712 = CARTESIAN_POINT('',(0.562581858721,-6.166715116279,-0.2));
#11713 = VECTOR('',#11714,1.);
#11714 = DIRECTION('',(0.,0.,1.));
#11715 = ORIENTED_EDGE('',*,*,#11716,.F.);
#11716 = EDGE_CURVE('',#11678,#11709,#11717,.T.);
#11717 = LINE('',#11718,#11719);
#11718 = CARTESIAN_POINT('',(0.562581858721,-3.08335755814,0.));
#11719 = VECTOR('',#11720,1.);
#11720 = DIRECTION('',(0.,1.,0.));
#11721 = ORIENTED_EDGE('',*,*,#11677,.F.);
#11722 = PLANE('',#11723);
#11723 = AXIS2_PLACEMENT_3D('',#11724,#11725,#11726);
#11724 = CARTESIAN_POINT('',(0.562581858721,-6.166715116279,-0.2));
#11725 = DIRECTION('',(1.,0.,0.));
#11726 = DIRECTION('',(0.,-1.,0.));
#11727 = ADVANCED_FACE('',(#11728),#11746,.F.);
#11728 = FACE_BOUND('',#11729,.F.);
#11729 = EDGE_LOOP('',(#11730,#11731,#11739,#11745));
#11730 = ORIENTED_EDGE('',*,*,#10286,.F.);
#11731 = ORIENTED_EDGE('',*,*,#11732,.T.);
#11732 = EDGE_CURVE('',#10287,#11733,#11735,.T.);
#11733 = VERTEX_POINT('',#11734);
#11734 = CARTESIAN_POINT('',(0.978324954651,-6.166715116279,0.));
#11735 = LINE('',#11736,#11737);
#11736 = CARTESIAN_POINT('',(0.978324954651,-6.166715116279,-0.2));
#11737 = VECTOR('',#11738,1.);
#11738 = DIRECTION('',(0.,0.,1.));
#11739 = ORIENTED_EDGE('',*,*,#11740,.F.);
#11740 = EDGE_CURVE('',#11709,#11733,#11741,.T.);
#11741 = LINE('',#11742,#11743);
#11742 = CARTESIAN_POINT('',(0.489162477326,-6.166715116279,0.));
#11743 = VECTOR('',#11744,1.);
#11744 = DIRECTION('',(1.,0.,-0.));
#11745 = ORIENTED_EDGE('',*,*,#11708,.F.);
#11746 = PLANE('',#11747);
#11747 = AXIS2_PLACEMENT_3D('',#11748,#11749,#11750);
#11748 = CARTESIAN_POINT('',(0.978324954651,-6.166715116279,-0.2));
#11749 = DIRECTION('',(0.,-1.,0.));
#11750 = DIRECTION('',(-1.,0.,0.));
#11751 = ADVANCED_FACE('',(#11752),#11773,.F.);
#11752 = FACE_BOUND('',#11753,.F.);
#11753 = EDGE_LOOP('',(#11754,#11755,#11763,#11772));
#11754 = ORIENTED_EDGE('',*,*,#10294,.F.);
#11755 = ORIENTED_EDGE('',*,*,#11756,.T.);
#11756 = EDGE_CURVE('',#10295,#11757,#11759,.T.);
#11757 = VERTEX_POINT('',#11758);
#11758 = CARTESIAN_POINT('',(1.241342759884,-6.197129360465,0.));
#11759 = LINE('',#11760,#11761);
#11760 = CARTESIAN_POINT('',(1.241342759884,-6.197129360465,-0.2));
#11761 = VECTOR('',#11762,1.);
#11762 = DIRECTION('',(0.,0.,1.));
#11763 = ORIENTED_EDGE('',*,*,#11764,.F.);
#11764 = EDGE_CURVE('',#11733,#11757,#11765,.T.);
#11765 = B_SPLINE_CURVE_WITH_KNOTS('',5,(#11766,#11767,#11768,#11769,
    #11770,#11771),.UNSPECIFIED.,.F.,.F.,(6,6),(0.,1.),
  .PIECEWISE_BEZIER_KNOTS.);
#11766 = CARTESIAN_POINT('',(0.978324954651,-6.166715116279,0.));
#11767 = CARTESIAN_POINT('',(1.045590471454,-6.166715116279,0.));
#11768 = CARTESIAN_POINT('',(1.105960710083,-6.169632813191,0.));
#11769 = CARTESIAN_POINT('',(1.158969735828,-6.175609338654,0.));
#11770 = CARTESIAN_POINT('',(1.204195213097,-6.18475793038,0.));
#11771 = CARTESIAN_POINT('',(1.241342759884,-6.197129360465,0.));
#11772 = ORIENTED_EDGE('',*,*,#11732,.F.);
#11773 = SURFACE_OF_LINEAR_EXTRUSION('',#11774,#11778);
#11774 = B_SPLINE_CURVE_WITH_KNOTS('',2,(#11775,#11776,#11777),
  .UNSPECIFIED.,.F.,.F.,(3,3),(0.,1.),.PIECEWISE_BEZIER_KNOTS.);
#11775 = CARTESIAN_POINT('',(1.241342759884,-6.197129360465,-0.2));
#11776 = CARTESIAN_POINT('',(1.150018268605,-6.166715116279,-0.2));
#11777 = CARTESIAN_POINT('',(0.978324954651,-6.166715116279,-0.2));
#11778 = VECTOR('',#11779,1.);
#11779 = DIRECTION('',(-0.,-0.,-1.));
#11780 = ADVANCED_FACE('',(#11781),#11804,.F.);
#11781 = FACE_BOUND('',#11782,.F.);
#11782 = EDGE_LOOP('',(#11783,#11784,#11792,#11803));
#11783 = ORIENTED_EDGE('',*,*,#10302,.F.);
#11784 = ORIENTED_EDGE('',*,*,#11785,.T.);
#11785 = EDGE_CURVE('',#10303,#11786,#11788,.T.);
#11786 = VERTEX_POINT('',#11787);
#11787 = CARTESIAN_POINT('',(1.38425700407,-6.302598110465,0.));
#11788 = LINE('',#11789,#11790);
#11789 = CARTESIAN_POINT('',(1.38425700407,-6.302598110465,-0.2));
#11790 = VECTOR('',#11791,1.);
#11791 = DIRECTION('',(0.,0.,1.));
#11792 = ORIENTED_EDGE('',*,*,#11793,.F.);
#11793 = EDGE_CURVE('',#11757,#11786,#11794,.T.);
#11794 = B_SPLINE_CURVE_WITH_KNOTS('',4,(#11795,#11796,#11797,#11798,
    #11799,#11800,#11801,#11802),.UNSPECIFIED.,.F.,.F.,(5,3,5),(0.,
    0.640146972699,1.),.UNSPECIFIED.);
#11795 = CARTESIAN_POINT('',(1.241342759884,-6.197129360465,0.));
#11796 = CARTESIAN_POINT('',(1.270537653277,-6.206843582596,0.));
#11797 = CARTESIAN_POINT('',(1.297074045377,-6.219612024003,0.));
#11798 = CARTESIAN_POINT('',(1.320901740989,-6.235451580468,0.));
#11799 = CARTESIAN_POINT('',(1.353860880395,-6.264964590017,0.));
#11800 = CARTESIAN_POINT('',(1.364858974819,-6.276549729662,0.));
#11801 = CARTESIAN_POINT('',(1.374991157835,-6.289096448808,0.));
#11802 = CARTESIAN_POINT('',(1.38425700407,-6.302598110465,0.));
#11803 = ORIENTED_EDGE('',*,*,#11756,.F.);
#11804 = SURFACE_OF_LINEAR_EXTRUSION('',#11805,#11809);
#11805 = B_SPLINE_CURVE_WITH_KNOTS('',2,(#11806,#11807,#11808),
  .UNSPECIFIED.,.F.,.F.,(3,3),(0.,1.),.PIECEWISE_BEZIER_KNOTS.);
#11806 = CARTESIAN_POINT('',(1.38425700407,-6.302598110465,-0.2));
#11807 = CARTESIAN_POINT('',(1.332749009884,-6.227543604651,-0.2));
#11808 = CARTESIAN_POINT('',(1.241342759884,-6.197129360465,-0.2));
#11809 = VECTOR('',#11810,1.);
#11810 = DIRECTION('',(-0.,-0.,-1.));
#11811 = ADVANCED_FACE('',(#11812),#11832,.F.);
#11812 = FACE_BOUND('',#11813,.F.);
#11813 = EDGE_LOOP('',(#11814,#11815,#11823,#11831));
#11814 = ORIENTED_EDGE('',*,*,#10310,.F.);
#11815 = ORIENTED_EDGE('',*,*,#11816,.T.);
#11816 = EDGE_CURVE('',#10311,#11817,#11819,.T.);
#11817 = VERTEX_POINT('',#11818);
#11818 = CARTESIAN_POINT('',(1.435764998256,-6.479360465116,0.));
#11819 = LINE('',#11820,#11821);
#11820 = CARTESIAN_POINT('',(1.435764998256,-6.479360465116,-0.2));
#11821 = VECTOR('',#11822,1.);
#11822 = DIRECTION('',(0.,0.,1.));
#11823 = ORIENTED_EDGE('',*,*,#11824,.F.);
#11824 = EDGE_CURVE('',#11786,#11817,#11825,.T.);
#11825 = B_SPLINE_CURVE_WITH_KNOTS('',4,(#11826,#11827,#11828,#11829,
    #11830),.UNSPECIFIED.,.F.,.F.,(5,5),(0.,1.),
  .PIECEWISE_BEZIER_KNOTS.);
#11826 = CARTESIAN_POINT('',(1.38425700407,-6.302598110465,0.));
#11827 = CARTESIAN_POINT('',(1.410034293871,-6.340159304175,0.));
#11828 = CARTESIAN_POINT('',(1.427233072934,-6.382202885148,0.));
#11829 = CARTESIAN_POINT('',(1.435764998256,-6.428662160236,0.));
#11830 = CARTESIAN_POINT('',(1.435764998256,-6.479360465116,0.));
#11831 = ORIENTED_EDGE('',*,*,#11785,.F.);
#11832 = SURFACE_OF_LINEAR_EXTRUSION('',#11833,#11837);
#11833 = B_SPLINE_CURVE_WITH_KNOTS('',2,(#11834,#11835,#11836),
  .UNSPECIFIED.,.F.,.F.,(3,3),(0.,1.),.PIECEWISE_BEZIER_KNOTS.);
#11834 = CARTESIAN_POINT('',(1.435764998256,-6.479360465116,-0.2));
#11835 = CARTESIAN_POINT('',(1.435764998256,-6.377652616279,-0.2));
#11836 = CARTESIAN_POINT('',(1.38425700407,-6.302598110465,-0.2));
#11837 = VECTOR('',#11838,1.);
#11838 = DIRECTION('',(-0.,-0.,-1.));
#11839 = ADVANCED_FACE('',(#11840),#11860,.F.);
#11840 = FACE_BOUND('',#11841,.F.);
#11841 = EDGE_LOOP('',(#11842,#11843,#11851,#11859));
#11842 = ORIENTED_EDGE('',*,*,#10318,.F.);
#11843 = ORIENTED_EDGE('',*,*,#11844,.T.);
#11844 = EDGE_CURVE('',#10319,#11845,#11847,.T.);
#11845 = VERTEX_POINT('',#11846);
#11846 = CARTESIAN_POINT('',(1.400199954651,-6.63257630814,0.));
#11847 = LINE('',#11848,#11849);
#11848 = CARTESIAN_POINT('',(1.400199954651,-6.63257630814,-0.2));
#11849 = VECTOR('',#11850,1.);
#11850 = DIRECTION('',(0.,0.,1.));
#11851 = ORIENTED_EDGE('',*,*,#11852,.F.);
#11852 = EDGE_CURVE('',#11817,#11845,#11853,.T.);
#11853 = B_SPLINE_CURVE_WITH_KNOTS('',4,(#11854,#11855,#11856,#11857,
    #11858),.UNSPECIFIED.,.F.,.F.,(5,5),(0.,1.),
  .PIECEWISE_BEZIER_KNOTS.);
#11854 = CARTESIAN_POINT('',(1.435764998256,-6.479360465116,0.));
#11855 = CARTESIAN_POINT('',(1.435764998256,-6.522671871811,0.));
#11856 = CARTESIAN_POINT('',(1.429865529392,-6.562692134538,0.));
#11857 = CARTESIAN_POINT('',(1.418005152737,-6.599339938379,0.));
#11858 = CARTESIAN_POINT('',(1.400199954651,-6.63257630814,0.));
#11859 = ORIENTED_EDGE('',*,*,#11816,.F.);
#11860 = SURFACE_OF_LINEAR_EXTRUSION('',#11861,#11865);
#11861 = B_SPLINE_CURVE_WITH_KNOTS('',2,(#11862,#11863,#11864),
  .UNSPECIFIED.,.F.,.F.,(3,3),(0.,1.),.PIECEWISE_BEZIER_KNOTS.);
#11862 = CARTESIAN_POINT('',(1.400199954651,-6.63257630814,-0.2));
#11863 = CARTESIAN_POINT('',(1.435764998256,-6.566188226744,-0.2));
#11864 = CARTESIAN_POINT('',(1.435764998256,-6.479360465116,-0.2));
#11865 = VECTOR('',#11866,1.);
#11866 = DIRECTION('',(-0.,-0.,-1.));
#11867 = ADVANCED_FACE('',(#11868),#11888,.F.);
#11868 = FACE_BOUND('',#11869,.F.);
#11869 = EDGE_LOOP('',(#11870,#11871,#11879,#11887));
#11870 = ORIENTED_EDGE('',*,*,#10326,.F.);
#11871 = ORIENTED_EDGE('',*,*,#11872,.T.);
#11872 = EDGE_CURVE('',#10327,#11873,#11875,.T.);
#11873 = VERTEX_POINT('',#11874);
#11874 = CARTESIAN_POINT('',(1.309447774419,-6.73371184593,0.));
#11875 = LINE('',#11876,#11877);
#11876 = CARTESIAN_POINT('',(1.309447774419,-6.73371184593,-0.2));
#11877 = VECTOR('',#11878,1.);
#11878 = DIRECTION('',(0.,0.,1.));
#11879 = ORIENTED_EDGE('',*,*,#11880,.F.);
#11880 = EDGE_CURVE('',#11845,#11873,#11881,.T.);
#11881 = B_SPLINE_CURVE_WITH_KNOTS('',4,(#11882,#11883,#11884,#11885,
    #11886),.UNSPECIFIED.,.F.,.F.,(5,5),(0.,1.),
  .PIECEWISE_BEZIER_KNOTS.);
#11882 = CARTESIAN_POINT('',(1.400199954651,-6.63257630814,0.));
#11883 = CARTESIAN_POINT('',(1.382450186131,-6.665709209378,0.));
#11884 = CARTESIAN_POINT('',(1.361409706322,-6.693648667007,0.));
#11885 = CARTESIAN_POINT('',(1.337067284771,-6.716321783856,0.));
#11886 = CARTESIAN_POINT('',(1.309447774419,-6.73371184593,0.));
#11887 = ORIENTED_EDGE('',*,*,#11844,.F.);
#11888 = SURFACE_OF_LINEAR_EXTRUSION('',#11889,#11893);
#11889 = B_SPLINE_CURVE_WITH_KNOTS('',2,(#11890,#11891,#11892),
  .UNSPECIFIED.,.F.,.F.,(3,3),(0.,1.),.PIECEWISE_BEZIER_KNOTS.);
#11890 = CARTESIAN_POINT('',(1.309447774419,-6.73371184593,-0.2));
#11891 = CARTESIAN_POINT('',(1.364634911047,-6.698964389535,-0.2));
#11892 = CARTESIAN_POINT('',(1.400199954651,-6.63257630814,-0.2));
#11893 = VECTOR('',#11894,1.);
#11894 = DIRECTION('',(-0.,-0.,-1.));
#11895 = ADVANCED_FACE('',(#11896),#11916,.F.);
#11896 = FACE_BOUND('',#11897,.F.);
#11897 = EDGE_LOOP('',(#11898,#11899,#11907,#11915));
#11898 = ORIENTED_EDGE('',*,*,#10334,.F.);
#11899 = ORIENTED_EDGE('',*,*,#11900,.T.);
#11900 = EDGE_CURVE('',#10335,#11901,#11903,.T.);
#11901 = VERTEX_POINT('',#11902);
#11902 = CARTESIAN_POINT('',(1.172093123256,-6.783339389535,0.));
#11903 = LINE('',#11904,#11905);
#11904 = CARTESIAN_POINT('',(1.172093123256,-6.783339389535,-0.2));
#11905 = VECTOR('',#11906,1.);
#11906 = DIRECTION('',(0.,0.,1.));
#11907 = ORIENTED_EDGE('',*,*,#11908,.F.);
#11908 = EDGE_CURVE('',#11873,#11901,#11909,.T.);
#11909 = B_SPLINE_CURVE_WITH_KNOTS('',4,(#11910,#11911,#11912,#11913,
    #11914),.UNSPECIFIED.,.F.,.F.,(5,5),(0.,1.),
  .PIECEWISE_BEZIER_KNOTS.);
#11910 = CARTESIAN_POINT('',(1.309447774419,-6.73371184593,0.));
#11911 = CARTESIAN_POINT('',(1.281790673062,-6.751125576414,0.));
#11912 = CARTESIAN_POINT('',(1.249645046636,-6.765194507347,0.));
#11913 = CARTESIAN_POINT('',(1.213052968333,-6.77592178575,0.));
#11914 = CARTESIAN_POINT('',(1.172093123256,-6.783339389535,0.));
#11915 = ORIENTED_EDGE('',*,*,#11872,.F.);
#11916 = SURFACE_OF_LINEAR_EXTRUSION('',#11917,#11921);
#11917 = B_SPLINE_CURVE_WITH_KNOTS('',2,(#11918,#11919,#11920),
  .UNSPECIFIED.,.F.,.F.,(3,3),(0.,1.),.PIECEWISE_BEZIER_KNOTS.);
#11918 = CARTESIAN_POINT('',(1.172093123256,-6.783339389535,-0.2));
#11919 = CARTESIAN_POINT('',(1.254260637791,-6.768459302326,-0.2));
#11920 = CARTESIAN_POINT('',(1.309447774419,-6.73371184593,-0.2));
#11921 = VECTOR('',#11922,1.);
#11922 = DIRECTION('',(-0.,-0.,-1.));
#11923 = ADVANCED_FACE('',(#11924),#11938,.F.);
#11924 = FACE_BOUND('',#11925,.F.);
#11925 = EDGE_LOOP('',(#11926,#11927,#11928,#11937));
#11926 = ORIENTED_EDGE('',*,*,#10342,.F.);
#11927 = ORIENTED_EDGE('',*,*,#11693,.T.);
#11928 = ORIENTED_EDGE('',*,*,#11929,.F.);
#11929 = EDGE_CURVE('',#11901,#11686,#11930,.T.);
#11930 = B_SPLINE_CURVE_WITH_KNOTS('',5,(#11931,#11932,#11933,#11934,
    #11935,#11936),.UNSPECIFIED.,.F.,.F.,(6,6),(0.,1.),
  .PIECEWISE_BEZIER_KNOTS.);
#11931 = CARTESIAN_POINT('',(1.172093123256,-6.783339389535,0.));
#11932 = CARTESIAN_POINT('',(1.153278844323,-6.786838185266,0.));
#11933 = CARTESIAN_POINT('',(1.127527178165,-6.789443245457,0.));
#11934 = CARTESIAN_POINT('',(1.094955354315,-6.791160010725,0.));
#11935 = CARTESIAN_POINT('',(1.05576496251,-6.792005813953,0.));
#11936 = CARTESIAN_POINT('',(1.010210855814,-6.792005813953,0.));
#11937 = ORIENTED_EDGE('',*,*,#11900,.F.);
#11938 = SURFACE_OF_LINEAR_EXTRUSION('',#11939,#11943);
#11939 = B_SPLINE_CURVE_WITH_KNOTS('',2,(#11940,#11941,#11942),
  .UNSPECIFIED.,.F.,.F.,(3,3),(0.,1.),.PIECEWISE_BEZIER_KNOTS.);
#11940 = CARTESIAN_POINT('',(1.010210855814,-6.792005813953,-0.2));
#11941 = CARTESIAN_POINT('',(1.125490652326,-6.792005813953,-0.2));
#11942 = CARTESIAN_POINT('',(1.172093123256,-6.783339389535,-0.2));
#11943 = VECTOR('',#11944,1.);
#11944 = DIRECTION('',(-0.,-0.,-1.));
#11945 = ADVANCED_FACE('',(#11946),#11971,.F.);
#11946 = FACE_BOUND('',#11947,.F.);
#11947 = EDGE_LOOP('',(#11948,#11949,#11957,#11965));
#11948 = ORIENTED_EDGE('',*,*,#10350,.F.);
#11949 = ORIENTED_EDGE('',*,*,#11950,.T.);
#11950 = EDGE_CURVE('',#10351,#11951,#11953,.T.);
#11951 = VERTEX_POINT('',#11952);
#11952 = CARTESIAN_POINT('',(0.562581858721,-5.958720930233,0.));
#11953 = LINE('',#11954,#11955);
#11954 = CARTESIAN_POINT('',(0.562581858721,-5.958720930233,-0.2));
#11955 = VECTOR('',#11956,1.);
#11956 = DIRECTION('',(0.,0.,1.));
#11957 = ORIENTED_EDGE('',*,*,#11958,.F.);
#11958 = EDGE_CURVE('',#11959,#11951,#11961,.T.);
#11959 = VERTEX_POINT('',#11960);
#11960 = CARTESIAN_POINT('',(0.951344576744,-5.958720930233,0.));
#11961 = LINE('',#11962,#11963);
#11962 = CARTESIAN_POINT('',(0.28129092936,-5.958720930233,0.));
#11963 = VECTOR('',#11964,1.);
#11964 = DIRECTION('',(-1.,0.,0.));
#11965 = ORIENTED_EDGE('',*,*,#11966,.F.);
#11966 = EDGE_CURVE('',#10353,#11959,#11967,.T.);
#11967 = LINE('',#11968,#11969);
#11968 = CARTESIAN_POINT('',(0.951344576744,-5.958720930233,-0.2));
#11969 = VECTOR('',#11970,1.);
#11970 = DIRECTION('',(0.,0.,1.));
#11971 = PLANE('',#11972);
#11972 = AXIS2_PLACEMENT_3D('',#11973,#11974,#11975);
#11973 = CARTESIAN_POINT('',(0.562581858721,-5.958720930233,-0.2));
#11974 = DIRECTION('',(0.,1.,0.));
#11975 = DIRECTION('',(1.,0.,0.));
#11976 = ADVANCED_FACE('',(#11977),#11995,.F.);
#11977 = FACE_BOUND('',#11978,.F.);
#11978 = EDGE_LOOP('',(#11979,#11980,#11988,#11994));
#11979 = ORIENTED_EDGE('',*,*,#10360,.F.);
#11980 = ORIENTED_EDGE('',*,*,#11981,.T.);
#11981 = EDGE_CURVE('',#10361,#11982,#11984,.T.);
#11982 = VERTEX_POINT('',#11983);
#11983 = CARTESIAN_POINT('',(0.562581858721,-5.407994186047,0.));
#11984 = LINE('',#11985,#11986);
#11985 = CARTESIAN_POINT('',(0.562581858721,-5.407994186047,-0.2));
#11986 = VECTOR('',#11987,1.);
#11987 = DIRECTION('',(0.,0.,1.));
#11988 = ORIENTED_EDGE('',*,*,#11989,.F.);
#11989 = EDGE_CURVE('',#11951,#11982,#11990,.T.);
#11990 = LINE('',#11991,#11992);
#11991 = CARTESIAN_POINT('',(0.562581858721,-2.703997093023,0.));
#11992 = VECTOR('',#11993,1.);
#11993 = DIRECTION('',(0.,1.,0.));
#11994 = ORIENTED_EDGE('',*,*,#11950,.F.);
#11995 = PLANE('',#11996);
#11996 = AXIS2_PLACEMENT_3D('',#11997,#11998,#11999);
#11997 = CARTESIAN_POINT('',(0.562581858721,-5.407994186047,-0.2));
#11998 = DIRECTION('',(1.,0.,0.));
#11999 = DIRECTION('',(0.,-1.,0.));
#12000 = ADVANCED_FACE('',(#12001),#12019,.F.);
#12001 = FACE_BOUND('',#12002,.F.);
#12002 = EDGE_LOOP('',(#12003,#12004,#12012,#12018));
#12003 = ORIENTED_EDGE('',*,*,#10368,.F.);
#12004 = ORIENTED_EDGE('',*,*,#12005,.T.);
#12005 = EDGE_CURVE('',#10369,#12006,#12008,.T.);
#12006 = VERTEX_POINT('',#12007);
#12007 = CARTESIAN_POINT('',(0.921911437209,-5.407994186047,0.));
#12008 = LINE('',#12009,#12010);
#12009 = CARTESIAN_POINT('',(0.921911437209,-5.407994186047,-0.2));
#12010 = VECTOR('',#12011,1.);
#12011 = DIRECTION('',(0.,0.,1.));
#12012 = ORIENTED_EDGE('',*,*,#12013,.F.);
#12013 = EDGE_CURVE('',#11982,#12006,#12014,.T.);
#12014 = LINE('',#12015,#12016);
#12015 = CARTESIAN_POINT('',(0.460955718605,-5.407994186047,0.));
#12016 = VECTOR('',#12017,1.);
#12017 = DIRECTION('',(1.,0.,-0.));
#12018 = ORIENTED_EDGE('',*,*,#11981,.F.);
#12019 = PLANE('',#12020);
#12020 = AXIS2_PLACEMENT_3D('',#12021,#12022,#12023);
#12021 = CARTESIAN_POINT('',(0.921911437209,-5.407994186047,-0.2));
#12022 = DIRECTION('',(0.,-1.,0.));
#12023 = DIRECTION('',(-1.,0.,0.));
#12024 = ADVANCED_FACE('',(#12025),#12046,.F.);
#12025 = FACE_BOUND('',#12026,.F.);
#12026 = EDGE_LOOP('',(#12027,#12028,#12036,#12045));
#12027 = ORIENTED_EDGE('',*,*,#10376,.F.);
#12028 = ORIENTED_EDGE('',*,*,#12029,.T.);
#12029 = EDGE_CURVE('',#10377,#12030,#12032,.T.);
#12030 = VERTEX_POINT('',#12031);
#12031 = CARTESIAN_POINT('',(1.195394358721,-5.433502906977,0.));
#12032 = LINE('',#12033,#12034);
#12033 = CARTESIAN_POINT('',(1.195394358721,-5.433502906977,-0.2));
#12034 = VECTOR('',#12035,1.);
#12035 = DIRECTION('',(0.,0.,1.));
#12036 = ORIENTED_EDGE('',*,*,#12037,.F.);
#12037 = EDGE_CURVE('',#12006,#12030,#12038,.T.);
#12038 = B_SPLINE_CURVE_WITH_KNOTS('',5,(#12039,#12040,#12041,#12042,
    #12043,#12044),.UNSPECIFIED.,.F.,.F.,(6,6),(0.,1.),
  .PIECEWISE_BEZIER_KNOTS.);
#12039 = CARTESIAN_POINT('',(0.921911437209,-5.407994186047,0.));
#12040 = CARTESIAN_POINT('',(0.997005084843,-5.407994186047,0.));
#12041 = CARTESIAN_POINT('',(1.062795033716,-5.41038877933,0.));
#12042 = CARTESIAN_POINT('',(1.118334045783,-5.415356145414,0.));
#12043 = CARTESIAN_POINT('',(1.162716831599,-5.423046098298,0.));
#12044 = CARTESIAN_POINT('',(1.195394358721,-5.433502906977,0.));
#12045 = ORIENTED_EDGE('',*,*,#12005,.F.);
#12046 = SURFACE_OF_LINEAR_EXTRUSION('',#12047,#12051);
#12047 = B_SPLINE_CURVE_WITH_KNOTS('',2,(#12048,#12049,#12050),
  .UNSPECIFIED.,.F.,.F.,(3,3),(0.,1.),.PIECEWISE_BEZIER_KNOTS.);
#12048 = CARTESIAN_POINT('',(1.195394358721,-5.433502906977,-0.2));
#12049 = CARTESIAN_POINT('',(1.115679605814,-5.407994186047,-0.2));
#12050 = CARTESIAN_POINT('',(0.921911437209,-5.407994186047,-0.2));
#12051 = VECTOR('',#12052,1.);
#12052 = DIRECTION('',(-0.,-0.,-1.));
#12053 = ADVANCED_FACE('',(#12054),#12077,.F.);
#12054 = FACE_BOUND('',#12055,.F.);
#12055 = EDGE_LOOP('',(#12056,#12057,#12065,#12076));
#12056 = ORIENTED_EDGE('',*,*,#10384,.F.);
#12057 = ORIENTED_EDGE('',*,*,#12058,.T.);
#12058 = EDGE_CURVE('',#10385,#12059,#12061,.T.);
#12059 = VERTEX_POINT('',#12060);
#12060 = CARTESIAN_POINT('',(1.318032440116,-5.527934229651,0.));
#12061 = LINE('',#12062,#12063);
#12062 = CARTESIAN_POINT('',(1.318032440116,-5.527934229651,-0.2));
#12063 = VECTOR('',#12064,1.);
#12064 = DIRECTION('',(0.,0.,1.));
#12065 = ORIENTED_EDGE('',*,*,#12066,.F.);
#12066 = EDGE_CURVE('',#12030,#12059,#12067,.T.);
#12067 = B_SPLINE_CURVE_WITH_KNOTS('',4,(#12068,#12069,#12070,#12071,
    #12072,#12073,#12074,#12075),.UNSPECIFIED.,.F.,.F.,(5,3,5),(0.,
    0.560064099838,1.),.UNSPECIFIED.);
#12068 = CARTESIAN_POINT('',(1.195394358721,-5.433502906977,0.));
#12069 = CARTESIAN_POINT('',(1.217684852929,-5.440613003078,0.));
#12070 = CARTESIAN_POINT('',(1.238087018439,-5.450004105847,0.));
#12071 = CARTESIAN_POINT('',(1.256574812332,-5.461685181761,0.));
#12072 = CARTESIAN_POINT('',(1.286146925509,-5.486614105052,0.));
#12073 = CARTESIAN_POINT('',(1.297968683505,-5.498988502357,0.));
#12074 = CARTESIAN_POINT('',(1.308597009679,-5.512765651957,0.));
#12075 = CARTESIAN_POINT('',(1.318032440116,-5.527934229651,0.));
#12076 = ORIENTED_EDGE('',*,*,#12029,.F.);
#12077 = SURFACE_OF_LINEAR_EXTRUSION('',#12078,#12082);
#12078 = B_SPLINE_CURVE_WITH_KNOTS('',2,(#12079,#12080,#12081),
  .UNSPECIFIED.,.F.,.F.,(3,3),(0.,1.),.PIECEWISE_BEZIER_KNOTS.);
#12079 = CARTESIAN_POINT('',(1.318032440116,-5.527934229651,-0.2));
#12080 = CARTESIAN_POINT('',(1.275109111628,-5.458929869186,-0.2));
#12081 = CARTESIAN_POINT('',(1.195394358721,-5.433502906977,-0.2));
#12082 = VECTOR('',#12083,1.);
#12083 = DIRECTION('',(-0.,-0.,-1.));
#12084 = ADVANCED_FACE('',(#12085),#12108,.F.);
#12085 = FACE_BOUND('',#12086,.F.);
#12086 = EDGE_LOOP('',(#12087,#12088,#12096,#12107));
#12087 = ORIENTED_EDGE('',*,*,#10392,.F.);
#12088 = ORIENTED_EDGE('',*,*,#12089,.T.);
#12089 = EDGE_CURVE('',#10393,#12090,#12092,.T.);
#12090 = VERTEX_POINT('',#12091);
#12091 = CARTESIAN_POINT('',(1.360955768605,-5.687690770349,0.));
#12092 = LINE('',#12093,#12094);
#12093 = CARTESIAN_POINT('',(1.360955768605,-5.687690770349,-0.2));
#12094 = VECTOR('',#12095,1.);
#12095 = DIRECTION('',(0.,0.,1.));
#12096 = ORIENTED_EDGE('',*,*,#12097,.F.);
#12097 = EDGE_CURVE('',#12059,#12090,#12098,.T.);
#12098 = B_SPLINE_CURVE_WITH_KNOTS('',4,(#12099,#12100,#12101,#12102,
    #12103,#12104,#12105,#12106),.UNSPECIFIED.,.F.,.F.,(5,3,5),(0.,
    0.149864673789,1.),.UNSPECIFIED.);
#12099 = CARTESIAN_POINT('',(1.318032440116,-5.527934229651,0.));
#12100 = CARTESIAN_POINT('',(1.321251477144,-5.533109214891,0.));
#12101 = CARTESIAN_POINT('',(1.324309787283,-5.538366088246,0.));
#12102 = CARTESIAN_POINT('',(1.327207213447,-5.54370469916,0.));
#12103 = CARTESIAN_POINT('',(1.345466688849,-5.579871758672,0.));
#12104 = CARTESIAN_POINT('',(1.355809579706,-5.613243100059,0.));
#12105 = CARTESIAN_POINT('',(1.360955768605,-5.649204858371,0.));
#12106 = CARTESIAN_POINT('',(1.360955768605,-5.687690770349,0.));
#12107 = ORIENTED_EDGE('',*,*,#12058,.F.);
#12108 = SURFACE_OF_LINEAR_EXTRUSION('',#12109,#12113);
#12109 = B_SPLINE_CURVE_WITH_KNOTS('',2,(#12110,#12111,#12112),
  .UNSPECIFIED.,.F.,.F.,(3,3),(0.,1.),.PIECEWISE_BEZIER_KNOTS.);
#12110 = CARTESIAN_POINT('',(1.360955768605,-5.687690770349,-0.2));
#12111 = CARTESIAN_POINT('',(1.360955768605,-5.596938590116,-0.2));
#12112 = CARTESIAN_POINT('',(1.318032440116,-5.527934229651,-0.2));
#12113 = VECTOR('',#12114,1.);
#12114 = DIRECTION('',(-0.,-0.,-1.));
#12115 = ADVANCED_FACE('',(#12116),#12136,.F.);
#12116 = FACE_BOUND('',#12117,.F.);
#12117 = EDGE_LOOP('',(#12118,#12119,#12127,#12135));
#12118 = ORIENTED_EDGE('',*,*,#10400,.F.);
#12119 = ORIENTED_EDGE('',*,*,#12120,.T.);
#12120 = EDGE_CURVE('',#10401,#12121,#12123,.T.);
#12121 = VERTEX_POINT('',#12122);
#12122 = CARTESIAN_POINT('',(1.314925608721,-5.846875,0.));
#12123 = LINE('',#12124,#12125);
#12124 = CARTESIAN_POINT('',(1.314925608721,-5.846875,-0.2));
#12125 = VECTOR('',#12126,1.);
#12126 = DIRECTION('',(0.,0.,1.));
#12127 = ORIENTED_EDGE('',*,*,#12128,.F.);
#12128 = EDGE_CURVE('',#12090,#12121,#12129,.T.);
#12129 = B_SPLINE_CURVE_WITH_KNOTS('',4,(#12130,#12131,#12132,#12133,
    #12134),.UNSPECIFIED.,.F.,.F.,(5,5),(0.,1.),
  .PIECEWISE_BEZIER_KNOTS.);
#12130 = CARTESIAN_POINT('',(1.360955768605,-5.687690770349,0.));
#12131 = CARTESIAN_POINT('',(1.360955768605,-5.735371768914,0.));
#12132 = CARTESIAN_POINT('',(1.353344794971,-5.777902195497,0.));
#12133 = CARTESIAN_POINT('',(1.337984794252,-5.815091824205,0.));
#12134 = CARTESIAN_POINT('',(1.314925608721,-5.846875,0.));
#12135 = ORIENTED_EDGE('',*,*,#12089,.F.);
#12136 = SURFACE_OF_LINEAR_EXTRUSION('',#12137,#12141);
#12137 = B_SPLINE_CURVE_WITH_KNOTS('',2,(#12138,#12139,#12140),
  .UNSPECIFIED.,.F.,.F.,(3,3),(0.,1.),.PIECEWISE_BEZIER_KNOTS.);
#12138 = CARTESIAN_POINT('',(1.314925608721,-5.846875,-0.2));
#12139 = CARTESIAN_POINT('',(1.360955768605,-5.783430232558,-0.2));
#12140 = CARTESIAN_POINT('',(1.360955768605,-5.687690770349,-0.2));
#12141 = VECTOR('',#12142,1.);
#12142 = DIRECTION('',(-0.,-0.,-1.));
#12143 = ADVANCED_FACE('',(#12144),#12167,.F.);
#12144 = FACE_BOUND('',#12145,.F.);
#12145 = EDGE_LOOP('',(#12146,#12147,#12155,#12166));
#12146 = ORIENTED_EDGE('',*,*,#10408,.F.);
#12147 = ORIENTED_EDGE('',*,*,#12148,.T.);
#12148 = EDGE_CURVE('',#10409,#12149,#12151,.T.);
#12149 = VERTEX_POINT('',#12150);
#12150 = CARTESIAN_POINT('',(1.178225027326,-5.937627180233,0.));
#12151 = LINE('',#12152,#12153);
#12152 = CARTESIAN_POINT('',(1.178225027326,-5.937627180233,-0.2));
#12153 = VECTOR('',#12154,1.);
#12154 = DIRECTION('',(0.,0.,1.));
#12155 = ORIENTED_EDGE('',*,*,#12156,.F.);
#12156 = EDGE_CURVE('',#12121,#12149,#12157,.T.);
#12157 = B_SPLINE_CURVE_WITH_KNOTS('',4,(#12158,#12159,#12160,#12161,
    #12162,#12163,#12164,#12165),.UNSPECIFIED.,.F.,.F.,(5,3,5),(0.,
    6.788235616502E-02,1.),.UNSPECIFIED.);
#12158 = CARTESIAN_POINT('',(1.314925608721,-5.846875,0.));
#12159 = CARTESIAN_POINT('',(1.313363393342,-5.849029300567,0.));
#12160 = CARTESIAN_POINT('',(1.311766620003,-5.851155920456,0.));
#12161 = CARTESIAN_POINT('',(1.310135301184,-5.853254835834,0.));
#12162 = CARTESIAN_POINT('',(1.285595084993,-5.883766303701,0.));
#12163 = CARTESIAN_POINT('',(1.256209902293,-5.906978987216,0.));
#12164 = CARTESIAN_POINT('',(1.220358760995,-5.924911143494,0.));
#12165 = CARTESIAN_POINT('',(1.178225027326,-5.937627180233,0.));
#12166 = ORIENTED_EDGE('',*,*,#12120,.F.);
#12167 = SURFACE_OF_LINEAR_EXTRUSION('',#12168,#12172);
#12168 = B_SPLINE_CURVE_WITH_KNOTS('',2,(#12169,#12170,#12171),
  .UNSPECIFIED.,.F.,.F.,(3,3),(0.,1.),.PIECEWISE_BEZIER_KNOTS.);
#12169 = CARTESIAN_POINT('',(1.178225027326,-5.937627180233,-0.2));
#12170 = CARTESIAN_POINT('',(1.268977207558,-5.910238008721,-0.2));
#12171 = CARTESIAN_POINT('',(1.314925608721,-5.846875,-0.2));
#12172 = VECTOR('',#12173,1.);
#12173 = DIRECTION('',(-0.,-0.,-1.));
#12174 = ADVANCED_FACE('',(#12175),#12189,.F.);
#12175 = FACE_BOUND('',#12176,.F.);
#12176 = EDGE_LOOP('',(#12177,#12178,#12179,#12188));
#12177 = ORIENTED_EDGE('',*,*,#10416,.F.);
#12178 = ORIENTED_EDGE('',*,*,#11966,.T.);
#12179 = ORIENTED_EDGE('',*,*,#12180,.F.);
#12180 = EDGE_CURVE('',#12149,#11959,#12181,.T.);
#12181 = B_SPLINE_CURVE_WITH_KNOTS('',5,(#12182,#12183,#12184,#12185,
    #12186,#12187),.UNSPECIFIED.,.F.,.F.,(6,6),(0.,1.),
  .PIECEWISE_BEZIER_KNOTS.);
#12182 = CARTESIAN_POINT('',(1.178225027326,-5.937627180233,0.));
#12183 = CARTESIAN_POINT('',(1.150300807351,-5.946203904939,0.));
#12184 = CARTESIAN_POINT('',(1.113284066663,-5.952552504963,0.));
#12185 = CARTESIAN_POINT('',(1.067461858877,-5.956698804999,0.));
#12186 = CARTESIAN_POINT('',(1.013302861836,-5.958720930233,0.));
#12187 = CARTESIAN_POINT('',(0.951344576744,-5.958720930233,0.));
#12188 = ORIENTED_EDGE('',*,*,#12148,.F.);
#12189 = SURFACE_OF_LINEAR_EXTRUSION('',#12190,#12194);
#12190 = B_SPLINE_CURVE_WITH_KNOTS('',2,(#12191,#12192,#12193),
  .UNSPECIFIED.,.F.,.F.,(3,3),(0.,1.),.PIECEWISE_BEZIER_KNOTS.);
#12191 = CARTESIAN_POINT('',(0.951344576744,-5.958720930233,-0.2));
#12192 = CARTESIAN_POINT('',(1.109547701744,-5.958720930233,-0.2));
#12193 = CARTESIAN_POINT('',(1.178225027326,-5.937627180233,-0.2));
#12194 = VECTOR('',#12195,1.);
#12195 = DIRECTION('',(-0.,-0.,-1.));
#12196 = ADVANCED_FACE('',(#12197,#12316,#12327),#12338,.T.);
#12197 = FACE_BOUND('',#12198,.T.);
#12198 = EDGE_LOOP('',(#12199,#12200,#12201,#12202,#12210,#12218,#12227,
    #12236,#12245,#12254,#12262,#12271,#12280,#12289,#12298,#12306,
    #12312,#12313,#12314,#12315));
#12199 = ORIENTED_EDGE('',*,*,#10490,.T.);
#12200 = ORIENTED_EDGE('',*,*,#10536,.T.);
#12201 = ORIENTED_EDGE('',*,*,#10618,.T.);
#12202 = ORIENTED_EDGE('',*,*,#12203,.F.);
#12203 = EDGE_CURVE('',#12204,#10611,#12206,.T.);
#12204 = VERTEX_POINT('',#12205);
#12205 = CARTESIAN_POINT('',(-0.7,-2.5,-9.5));
#12206 = LINE('',#12207,#12208);
#12207 = CARTESIAN_POINT('',(-0.7,-2.5,-9.5));
#12208 = VECTOR('',#12209,1.);
#12209 = DIRECTION('',(0.,-1.,0.));
#12210 = ORIENTED_EDGE('',*,*,#12211,.F.);
#12211 = EDGE_CURVE('',#12212,#12204,#12214,.T.);
#12212 = VERTEX_POINT('',#12213);
#12213 = CARTESIAN_POINT('',(-1.438764169184,-2.5,-9.5));
#12214 = LINE('',#12215,#12216);
#12215 = CARTESIAN_POINT('',(-1.438764169184,-2.5,-9.5));
#12216 = VECTOR('',#12217,1.);
#12217 = DIRECTION('',(1.,0.,0.));
#12218 = ORIENTED_EDGE('',*,*,#12219,.F.);
#12219 = EDGE_CURVE('',#12220,#12212,#12222,.T.);
#12220 = VERTEX_POINT('',#12221);
#12221 = CARTESIAN_POINT('',(-1.686296747401,-2.043952020233,-9.5));
#12222 = CIRCLE('',#12223,0.288622962718);
#12223 = AXIS2_PLACEMENT_3D('',#12224,#12225,#12226);
#12224 = CARTESIAN_POINT('',(-1.451393722384,-2.211653491448,-9.5));
#12225 = DIRECTION('',(0.,0.,1.));
#12226 = DIRECTION('',(1.,0.,0.));
#12227 = ORIENTED_EDGE('',*,*,#12228,.T.);
#12228 = EDGE_CURVE('',#12220,#12229,#12231,.T.);
#12229 = VERTEX_POINT('',#12230);
#12230 = CARTESIAN_POINT('',(-0.8,-3.429011020336E-16,-9.5));
#12231 = CIRCLE('',#12232,2.8);
#12232 = AXIS2_PLACEMENT_3D('',#12233,#12234,#12235);
#12233 = CARTESIAN_POINT('',(-3.6,0.,-9.5));
#12234 = DIRECTION('',(0.,0.,1.));
#12235 = DIRECTION('',(1.,0.,0.));
#12236 = ORIENTED_EDGE('',*,*,#12237,.T.);
#12237 = EDGE_CURVE('',#12229,#12238,#12240,.T.);
#12238 = VERTEX_POINT('',#12239);
#12239 = CARTESIAN_POINT('',(-1.686296747401,2.043952020233,-9.5));
#12240 = CIRCLE('',#12241,2.8);
#12241 = AXIS2_PLACEMENT_3D('',#12242,#12243,#12244);
#12242 = CARTESIAN_POINT('',(-3.6,0.,-9.5));
#12243 = DIRECTION('',(0.,0.,1.));
#12244 = DIRECTION('',(1.,0.,0.));
#12245 = ORIENTED_EDGE('',*,*,#12246,.F.);
#12246 = EDGE_CURVE('',#12247,#12238,#12249,.T.);
#12247 = VERTEX_POINT('',#12248);
#12248 = CARTESIAN_POINT('',(-1.438764169184,2.5,-9.5));
#12249 = CIRCLE('',#12250,0.288622962718);
#12250 = AXIS2_PLACEMENT_3D('',#12251,#12252,#12253);
#12251 = CARTESIAN_POINT('',(-1.451393722384,2.211653491448,-9.5));
#12252 = DIRECTION('',(0.,0.,1.));
#12253 = DIRECTION('',(1.,0.,0.));
#12254 = ORIENTED_EDGE('',*,*,#12255,.F.);
#12255 = EDGE_CURVE('',#12256,#12247,#12258,.T.);
#12256 = VERTEX_POINT('',#12257);
#12257 = CARTESIAN_POINT('',(1.438764169184,2.5,-9.5));
#12258 = LINE('',#12259,#12260);
#12259 = CARTESIAN_POINT('',(1.438764169184,2.5,-9.5));
#12260 = VECTOR('',#12261,1.);
#12261 = DIRECTION('',(-1.,0.,0.));
#12262 = ORIENTED_EDGE('',*,*,#12263,.F.);
#12263 = EDGE_CURVE('',#12264,#12256,#12266,.T.);
#12264 = VERTEX_POINT('',#12265);
#12265 = CARTESIAN_POINT('',(1.686296747401,2.043952020233,-9.5));
#12266 = CIRCLE('',#12267,0.288622962718);
#12267 = AXIS2_PLACEMENT_3D('',#12268,#12269,#12270);
#12268 = CARTESIAN_POINT('',(1.451393722384,2.211653491448,-9.5));
#12269 = DIRECTION('',(0.,0.,1.));
#12270 = DIRECTION('',(1.,0.,0.));
#12271 = ORIENTED_EDGE('',*,*,#12272,.T.);
#12272 = EDGE_CURVE('',#12264,#12273,#12275,.T.);
#12273 = VERTEX_POINT('',#12274);
#12274 = CARTESIAN_POINT('',(0.8,3.429011037613E-16,-9.5));
#12275 = CIRCLE('',#12276,2.8);
#12276 = AXIS2_PLACEMENT_3D('',#12277,#12278,#12279);
#12277 = CARTESIAN_POINT('',(3.6,0.,-9.5));
#12278 = DIRECTION('',(0.,0.,1.));
#12279 = DIRECTION('',(1.,0.,0.));
#12280 = ORIENTED_EDGE('',*,*,#12281,.T.);
#12281 = EDGE_CURVE('',#12273,#12282,#12284,.T.);
#12282 = VERTEX_POINT('',#12283);
#12283 = CARTESIAN_POINT('',(1.686296747401,-2.043952020233,-9.5));
#12284 = CIRCLE('',#12285,2.8);
#12285 = AXIS2_PLACEMENT_3D('',#12286,#12287,#12288);
#12286 = CARTESIAN_POINT('',(3.6,0.,-9.5));
#12287 = DIRECTION('',(0.,0.,1.));
#12288 = DIRECTION('',(1.,0.,0.));
#12289 = ORIENTED_EDGE('',*,*,#12290,.F.);
#12290 = EDGE_CURVE('',#12291,#12282,#12293,.T.);
#12291 = VERTEX_POINT('',#12292);
#12292 = CARTESIAN_POINT('',(1.438764169184,-2.5,-9.5));
#12293 = CIRCLE('',#12294,0.288622962718);
#12294 = AXIS2_PLACEMENT_3D('',#12295,#12296,#12297);
#12295 = CARTESIAN_POINT('',(1.451393722384,-2.211653491448,-9.5));
#12296 = DIRECTION('',(0.,0.,1.));
#12297 = DIRECTION('',(1.,0.,0.));
#12298 = ORIENTED_EDGE('',*,*,#12299,.F.);
#12299 = EDGE_CURVE('',#12300,#12291,#12302,.T.);
#12300 = VERTEX_POINT('',#12301);
#12301 = CARTESIAN_POINT('',(0.7,-2.5,-9.5));
#12302 = LINE('',#12303,#12304);
#12303 = CARTESIAN_POINT('',(-1.438764169184,-2.5,-9.5));
#12304 = VECTOR('',#12305,1.);
#12305 = DIRECTION('',(1.,0.,0.));
#12306 = ORIENTED_EDGE('',*,*,#12307,.F.);
#12307 = EDGE_CURVE('',#10587,#12300,#12308,.T.);
#12308 = LINE('',#12309,#12310);
#12309 = CARTESIAN_POINT('',(0.7,-3.6,-9.5));
#12310 = VECTOR('',#12311,1.);
#12311 = DIRECTION('',(0.,1.,0.));
#12312 = ORIENTED_EDGE('',*,*,#10586,.T.);
#12313 = ORIENTED_EDGE('',*,*,#10635,.T.);
#12314 = ORIENTED_EDGE('',*,*,#10562,.T.);
#12315 = ORIENTED_EDGE('',*,*,#10514,.T.);
#12316 = FACE_BOUND('',#12317,.T.);
#12317 = EDGE_LOOP('',(#12318));
#12318 = ORIENTED_EDGE('',*,*,#12319,.F.);
#12319 = EDGE_CURVE('',#12320,#12320,#12322,.T.);
#12320 = VERTEX_POINT('',#12321);
#12321 = CARTESIAN_POINT('',(-1.46,0.,-9.5));
#12322 = CIRCLE('',#12323,2.14);
#12323 = AXIS2_PLACEMENT_3D('',#12324,#12325,#12326);
#12324 = CARTESIAN_POINT('',(-3.6,0.,-9.5));
#12325 = DIRECTION('',(0.,0.,1.));
#12326 = DIRECTION('',(1.,0.,0.));
#12327 = FACE_BOUND('',#12328,.T.);
#12328 = EDGE_LOOP('',(#12329));
#12329 = ORIENTED_EDGE('',*,*,#12330,.F.);
#12330 = EDGE_CURVE('',#12331,#12331,#12333,.T.);
#12331 = VERTEX_POINT('',#12332);
#12332 = CARTESIAN_POINT('',(5.74,0.,-9.5));
#12333 = CIRCLE('',#12334,2.14);
#12334 = AXIS2_PLACEMENT_3D('',#12335,#12336,#12337);
#12335 = CARTESIAN_POINT('',(3.6,0.,-9.5));
#12336 = DIRECTION('',(0.,0.,1.));
#12337 = DIRECTION('',(1.,0.,0.));
#12338 = PLANE('',#12339);
#12339 = AXIS2_PLACEMENT_3D('',#12340,#12341,#12342);
#12340 = CARTESIAN_POINT('',(-0.500048317936,0.,-9.5));
#12341 = DIRECTION('',(0.,0.,1.));
#12342 = DIRECTION('',(1.,0.,0.));
#12343 = ADVANCED_FACE('',(#12344),#12362,.F.);
#12344 = FACE_BOUND('',#12345,.F.);
#12345 = EDGE_LOOP('',(#12346,#12347,#12355,#12361));
#12346 = ORIENTED_EDGE('',*,*,#12203,.F.);
#12347 = ORIENTED_EDGE('',*,*,#12348,.T.);
#12348 = EDGE_CURVE('',#12204,#12349,#12351,.T.);
#12349 = VERTEX_POINT('',#12350);
#12350 = CARTESIAN_POINT('',(-0.7,-2.5,-2.9));
#12351 = LINE('',#12352,#12353);
#12352 = CARTESIAN_POINT('',(-0.7,-2.5,-9.5));
#12353 = VECTOR('',#12354,1.);
#12354 = DIRECTION('',(0.,0.,1.));
#12355 = ORIENTED_EDGE('',*,*,#12356,.T.);
#12356 = EDGE_CURVE('',#12349,#10603,#12357,.T.);
#12357 = LINE('',#12358,#12359);
#12358 = CARTESIAN_POINT('',(-0.7,-2.5,-2.9));
#12359 = VECTOR('',#12360,1.);
#12360 = DIRECTION('',(0.,-1.,0.));
#12361 = ORIENTED_EDGE('',*,*,#10610,.T.);
#12362 = PLANE('',#12363);
#12363 = AXIS2_PLACEMENT_3D('',#12364,#12365,#12366);
#12364 = CARTESIAN_POINT('',(-0.7,-2.5,-9.5));
#12365 = DIRECTION('',(1.,0.,0.));
#12366 = DIRECTION('',(0.,-1.,0.));
#12367 = ADVANCED_FACE('',(#12368),#12386,.T.);
#12368 = FACE_BOUND('',#12369,.T.);
#12369 = EDGE_LOOP('',(#12370,#12371,#12372,#12380));
#12370 = ORIENTED_EDGE('',*,*,#12356,.T.);
#12371 = ORIENTED_EDGE('',*,*,#10602,.T.);
#12372 = ORIENTED_EDGE('',*,*,#12373,.T.);
#12373 = EDGE_CURVE('',#10595,#12374,#12376,.T.);
#12374 = VERTEX_POINT('',#12375);
#12375 = CARTESIAN_POINT('',(0.7,-2.5,-2.9));
#12376 = LINE('',#12377,#12378);
#12377 = CARTESIAN_POINT('',(0.7,-3.6,-2.9));
#12378 = VECTOR('',#12379,1.);
#12379 = DIRECTION('',(0.,1.,0.));
#12380 = ORIENTED_EDGE('',*,*,#12381,.T.);
#12381 = EDGE_CURVE('',#12374,#12349,#12382,.T.);
#12382 = LINE('',#12383,#12384);
#12383 = CARTESIAN_POINT('',(0.7,-2.5,-2.9));
#12384 = VECTOR('',#12385,1.);
#12385 = DIRECTION('',(-1.,0.,0.));
#12386 = PLANE('',#12387);
#12387 = AXIS2_PLACEMENT_3D('',#12388,#12389,#12390);
#12388 = CARTESIAN_POINT('',(8.881784197001E-17,-3.05,-2.9));
#12389 = DIRECTION('',(0.,0.,1.));
#12390 = DIRECTION('',(1.,0.,0.));
#12391 = ADVANCED_FACE('',(#12392),#12403,.F.);
#12392 = FACE_BOUND('',#12393,.F.);
#12393 = EDGE_LOOP('',(#12394,#12395,#12396,#12397));
#12394 = ORIENTED_EDGE('',*,*,#12307,.F.);
#12395 = ORIENTED_EDGE('',*,*,#10594,.T.);
#12396 = ORIENTED_EDGE('',*,*,#12373,.T.);
#12397 = ORIENTED_EDGE('',*,*,#12398,.F.);
#12398 = EDGE_CURVE('',#12300,#12374,#12399,.T.);
#12399 = LINE('',#12400,#12401);
#12400 = CARTESIAN_POINT('',(0.7,-2.5,-9.5));
#12401 = VECTOR('',#12402,1.);
#12402 = DIRECTION('',(0.,0.,1.));
#12403 = PLANE('',#12404);
#12404 = AXIS2_PLACEMENT_3D('',#12405,#12406,#12407);
#12405 = CARTESIAN_POINT('',(0.7,-3.6,-9.5));
#12406 = DIRECTION('',(-1.,0.,0.));
#12407 = DIRECTION('',(0.,1.,0.));
#12408 = ADVANCED_FACE('',(#12409),#12434,.F.);
#12409 = FACE_BOUND('',#12410,.F.);
#12410 = EDGE_LOOP('',(#12411,#12412,#12420,#12428));
#12411 = ORIENTED_EDGE('',*,*,#10696,.F.);
#12412 = ORIENTED_EDGE('',*,*,#12413,.T.);
#12413 = EDGE_CURVE('',#10697,#12414,#12416,.T.);
#12414 = VERTEX_POINT('',#12415);
#12415 = CARTESIAN_POINT('',(-2.966006540698,6.137790697674,0.));
#12416 = LINE('',#12417,#12418);
#12417 = CARTESIAN_POINT('',(-2.966006540698,6.137790697674,-0.2));
#12418 = VECTOR('',#12419,1.);
#12419 = DIRECTION('',(0.,0.,1.));
#12420 = ORIENTED_EDGE('',*,*,#12421,.F.);
#12421 = EDGE_CURVE('',#12422,#12414,#12424,.T.);
#12422 = VERTEX_POINT('',#12423);
#12423 = CARTESIAN_POINT('',(-2.356495276163,6.137790697674,0.));
#12424 = LINE('',#12425,#12426);
#12425 = CARTESIAN_POINT('',(-1.483003270349,6.137790697674,0.));
#12426 = VECTOR('',#12427,1.);
#12427 = DIRECTION('',(-1.,0.,0.));
#12428 = ORIENTED_EDGE('',*,*,#12429,.F.);
#12429 = EDGE_CURVE('',#10699,#12422,#12430,.T.);
#12430 = LINE('',#12431,#12432);
#12431 = CARTESIAN_POINT('',(-2.356495276163,6.137790697674,-0.2));
#12432 = VECTOR('',#12433,1.);
#12433 = DIRECTION('',(0.,0.,1.));
#12434 = PLANE('',#12435);
#12435 = AXIS2_PLACEMENT_3D('',#12436,#12437,#12438);
#12436 = CARTESIAN_POINT('',(-2.966006540698,6.137790697674,-0.2));
#12437 = DIRECTION('',(0.,1.,0.));
#12438 = DIRECTION('',(1.,0.,0.));
#12439 = ADVANCED_FACE('',(#12440),#12458,.F.);
#12440 = FACE_BOUND('',#12441,.F.);
#12441 = EDGE_LOOP('',(#12442,#12443,#12451,#12457));
#12442 = ORIENTED_EDGE('',*,*,#10706,.F.);
#12443 = ORIENTED_EDGE('',*,*,#12444,.T.);
#12444 = EDGE_CURVE('',#10707,#12445,#12447,.T.);
#12445 = VERTEX_POINT('',#12446);
#12446 = CARTESIAN_POINT('',(-2.768559229651,6.666687863372,0.));
#12447 = LINE('',#12448,#12449);
#12448 = CARTESIAN_POINT('',(-2.768559229651,6.666687863372,-0.2));
#12449 = VECTOR('',#12450,1.);
#12450 = DIRECTION('',(0.,0.,1.));
#12451 = ORIENTED_EDGE('',*,*,#12452,.F.);
#12452 = EDGE_CURVE('',#12414,#12445,#12453,.T.);
#12453 = LINE('',#12454,#12455);
#12454 = CARTESIAN_POINT('',(-3.691420256192,4.19464315087,0.));
#12455 = VECTOR('',#12456,1.);
#12456 = DIRECTION('',(0.349742302319,0.936845943562,-0.));
#12457 = ORIENTED_EDGE('',*,*,#12413,.F.);
#12458 = PLANE('',#12459);
#12459 = AXIS2_PLACEMENT_3D('',#12460,#12461,#12462);
#12460 = CARTESIAN_POINT('',(-2.768559229651,6.666687863372,-0.2));
#12461 = DIRECTION('',(0.936845943562,-0.349742302319,0.));
#12462 = DIRECTION('',(-0.349742302319,-0.936845943562,0.));
#12463 = ADVANCED_FACE('',(#12464),#12484,.F.);
#12464 = FACE_BOUND('',#12465,.F.);
#12465 = EDGE_LOOP('',(#12466,#12467,#12475,#12483));
#12466 = ORIENTED_EDGE('',*,*,#10714,.F.);
#12467 = ORIENTED_EDGE('',*,*,#12468,.T.);
#12468 = EDGE_CURVE('',#10715,#12469,#12471,.T.);
#12469 = VERTEX_POINT('',#12470);
#12470 = CARTESIAN_POINT('',(-2.671675145349,7.011137354651,0.));
#12471 = LINE('',#12472,#12473);
#12472 = CARTESIAN_POINT('',(-2.671675145349,7.011137354651,-0.2));
#12473 = VECTOR('',#12474,1.);
#12474 = DIRECTION('',(0.,0.,1.));
#12475 = ORIENTED_EDGE('',*,*,#12476,.F.);
#12476 = EDGE_CURVE('',#12445,#12469,#12477,.T.);
#12477 = B_SPLINE_CURVE_WITH_KNOTS('',4,(#12478,#12479,#12480,#12481,
    #12482),.UNSPECIFIED.,.F.,.F.,(5,5),(0.,1.),
  .PIECEWISE_BEZIER_KNOTS.);
#12478 = CARTESIAN_POINT('',(-2.768559229651,6.666687863372,0.));
#12479 = CARTESIAN_POINT('',(-2.737346871757,6.752042442085,0.));
#12480 = CARTESIAN_POINT('',(-2.710767646947,6.837926949154,0.));
#12481 = CARTESIAN_POINT('',(-2.688869615458,6.924305280599,0.));
#12482 = CARTESIAN_POINT('',(-2.671675145349,7.011137354651,0.));
#12483 = ORIENTED_EDGE('',*,*,#12444,.F.);
#12484 = SURFACE_OF_LINEAR_EXTRUSION('',#12485,#12489);
#12485 = B_SPLINE_CURVE_WITH_KNOTS('',2,(#12486,#12487,#12488),
  .UNSPECIFIED.,.F.,.F.,(3,3),(0.,1.),.PIECEWISE_BEZIER_KNOTS.);
#12486 = CARTESIAN_POINT('',(-2.671675145349,7.011137354651,-0.2));
#12487 = CARTESIAN_POINT('',(-2.70601380814,6.837727107558,-0.2));
#12488 = CARTESIAN_POINT('',(-2.768559229651,6.666687863372,-0.2));
#12489 = VECTOR('',#12490,1.);
#12490 = DIRECTION('',(-0.,-0.,-1.));
#12491 = ADVANCED_FACE('',(#12492),#12513,.F.);
#12492 = FACE_BOUND('',#12493,.F.);
#12493 = EDGE_LOOP('',(#12494,#12495,#12503,#12512));
#12494 = ORIENTED_EDGE('',*,*,#10722,.F.);
#12495 = ORIENTED_EDGE('',*,*,#12496,.T.);
#12496 = EDGE_CURVE('',#10723,#12497,#12499,.T.);
#12497 = VERTEX_POINT('',#12498);
#12498 = CARTESIAN_POINT('',(-2.544131540698,6.637172965116,0.));
#12499 = LINE('',#12500,#12501);
#12500 = CARTESIAN_POINT('',(-2.544131540698,6.637172965116,-0.2));
#12501 = VECTOR('',#12502,1.);
#12502 = DIRECTION('',(0.,0.,1.));
#12503 = ORIENTED_EDGE('',*,*,#12504,.F.);
#12504 = EDGE_CURVE('',#12469,#12497,#12505,.T.);
#12505 = B_SPLINE_CURVE_WITH_KNOTS('',5,(#12506,#12507,#12508,#12509,
    #12510,#12511),.UNSPECIFIED.,.F.,.F.,(6,6),(0.,1.),
  .PIECEWISE_BEZIER_KNOTS.);
#12506 = CARTESIAN_POINT('',(-2.671675145349,7.011137354651,0.));
#12507 = CARTESIAN_POINT('',(-2.654500205318,6.95085668278,0.));
#12508 = CARTESIAN_POINT('',(-2.632865992436,6.882738856267,0.));
#12509 = CARTESIAN_POINT('',(-2.607047942737,6.807344481187,0.));
#12510 = CARTESIAN_POINT('',(-2.577367884967,6.725296757922,0.));
#12511 = CARTESIAN_POINT('',(-2.544131540698,6.637172965116,0.));
#12512 = ORIENTED_EDGE('',*,*,#12468,.F.);
#12513 = SURFACE_OF_LINEAR_EXTRUSION('',#12514,#12518);
#12514 = B_SPLINE_CURVE_WITH_KNOTS('',2,(#12515,#12516,#12517),
  .UNSPECIFIED.,.F.,.F.,(3,3),(0.,1.),.PIECEWISE_BEZIER_KNOTS.);
#12515 = CARTESIAN_POINT('',(-2.544131540698,6.637172965116,-0.2));
#12516 = CARTESIAN_POINT('',(-2.629978197674,6.864789244186,-0.2));
#12517 = CARTESIAN_POINT('',(-2.671675145349,7.011137354651,-0.2));
#12518 = VECTOR('',#12519,1.);
#12519 = DIRECTION('',(-0.,-0.,-1.));
#12520 = ADVANCED_FACE('',(#12521),#12532,.F.);
#12521 = FACE_BOUND('',#12522,.F.);
#12522 = EDGE_LOOP('',(#12523,#12524,#12525,#12531));
#12523 = ORIENTED_EDGE('',*,*,#10730,.F.);
#12524 = ORIENTED_EDGE('',*,*,#12429,.T.);
#12525 = ORIENTED_EDGE('',*,*,#12526,.F.);
#12526 = EDGE_CURVE('',#12497,#12422,#12527,.T.);
#12527 = LINE('',#12528,#12529);
#12528 = CARTESIAN_POINT('',(-1.20028706239,3.060614327425,0.));
#12529 = VECTOR('',#12530,1.);
#12530 = DIRECTION('',(0.351728004219,-0.936102243907,0.));
#12531 = ORIENTED_EDGE('',*,*,#12496,.F.);
#12532 = PLANE('',#12533);
#12533 = AXIS2_PLACEMENT_3D('',#12534,#12535,#12536);
#12534 = CARTESIAN_POINT('',(-2.356495276163,6.137790697674,-0.2));
#12535 = DIRECTION('',(-0.936102243907,-0.351728004219,0.));
#12536 = DIRECTION('',(-0.351728004219,0.936102243907,0.));
#12537 = ADVANCED_FACE('',(#12538),#12566,.F.);
#12538 = FACE_BOUND('',#12539,.F.);
#12539 = EDGE_LOOP('',(#12540,#12541,#12549,#12560));
#12540 = ORIENTED_EDGE('',*,*,#10809,.F.);
#12541 = ORIENTED_EDGE('',*,*,#12542,.T.);
#12542 = EDGE_CURVE('',#10810,#12543,#12545,.T.);
#12543 = VERTEX_POINT('',#12544);
#12544 = CARTESIAN_POINT('',(1.283402979651,6.055377906977,0.));
#12545 = LINE('',#12546,#12547);
#12546 = CARTESIAN_POINT('',(1.283402979651,6.055377906977,-0.2));
#12547 = VECTOR('',#12548,1.);
#12548 = DIRECTION('',(0.,0.,1.));
#12549 = ORIENTED_EDGE('',*,*,#12550,.F.);
#12550 = EDGE_CURVE('',#12551,#12543,#12553,.T.);
#12551 = VERTEX_POINT('',#12552);
#12552 = CARTESIAN_POINT('',(0.922847020349,5.971084665698,0.));
#12553 = B_SPLINE_CURVE_WITH_KNOTS('',5,(#12554,#12555,#12556,#12557,
    #12558,#12559),.UNSPECIFIED.,.F.,.F.,(6,6),(0.,1.),
  .PIECEWISE_BEZIER_KNOTS.);
#12554 = CARTESIAN_POINT('',(0.922847020349,5.971084665698,0.));
#12555 = CARTESIAN_POINT('',(1.015246630081,5.984441752139,0.));
#12556 = CARTESIAN_POINT('',(1.098587623629,5.999460823944,0.));
#12557 = CARTESIAN_POINT('',(1.171792234439,6.01624714597,0.));
#12558 = CARTESIAN_POINT('',(1.233693071908,6.034885251132,0.));
#12559 = CARTESIAN_POINT('',(1.283402979651,6.055377906977,0.));
#12560 = ORIENTED_EDGE('',*,*,#12561,.F.);
#12561 = EDGE_CURVE('',#10812,#12551,#12562,.T.);
#12562 = LINE('',#12563,#12564);
#12563 = CARTESIAN_POINT('',(0.922847020349,5.971084665698,-0.2));
#12564 = VECTOR('',#12565,1.);
#12565 = DIRECTION('',(0.,0.,1.));
#12566 = SURFACE_OF_LINEAR_EXTRUSION('',#12567,#12571);
#12567 = B_SPLINE_CURVE_WITH_KNOTS('',2,(#12568,#12569,#12570),
  .UNSPECIFIED.,.F.,.F.,(3,3),(0.,1.),.PIECEWISE_BEZIER_KNOTS.);
#12568 = CARTESIAN_POINT('',(1.283402979651,6.055377906977,-0.2));
#12569 = CARTESIAN_POINT('',(1.163217659884,6.005832122093,-0.2));
#12570 = CARTESIAN_POINT('',(0.922847020349,5.971084665698,-0.2));
#12571 = VECTOR('',#12572,1.);
#12572 = DIRECTION('',(-0.,-0.,-1.));
#12573 = ADVANCED_FACE('',(#12574),#12592,.F.);
#12574 = FACE_BOUND('',#12575,.F.);
#12575 = EDGE_LOOP('',(#12576,#12577,#12585,#12591));
#12576 = ORIENTED_EDGE('',*,*,#10819,.F.);
#12577 = ORIENTED_EDGE('',*,*,#12578,.T.);
#12578 = EDGE_CURVE('',#10820,#12579,#12581,.T.);
#12579 = VERTEX_POINT('',#12580);
#12580 = CARTESIAN_POINT('',(1.283402979651,5.974436773256,0.));
#12581 = LINE('',#12582,#12583);
#12582 = CARTESIAN_POINT('',(1.283402979651,5.974436773256,-0.2));
#12583 = VECTOR('',#12584,1.);
#12584 = DIRECTION('',(0.,0.,1.));
#12585 = ORIENTED_EDGE('',*,*,#12586,.F.);
#12586 = EDGE_CURVE('',#12543,#12579,#12587,.T.);
#12587 = LINE('',#12588,#12589);
#12588 = CARTESIAN_POINT('',(1.283402979651,2.987218386628,0.));
#12589 = VECTOR('',#12590,1.);
#12590 = DIRECTION('',(0.,-1.,0.));
#12591 = ORIENTED_EDGE('',*,*,#12542,.F.);
#12592 = PLANE('',#12593);
#12593 = AXIS2_PLACEMENT_3D('',#12594,#12595,#12596);
#12594 = CARTESIAN_POINT('',(1.283402979651,5.974436773256,-0.2));
#12595 = DIRECTION('',(-1.,0.,0.));
#12596 = DIRECTION('',(0.,1.,0.));
#12597 = ADVANCED_FACE('',(#12598),#12619,.F.);
#12598 = FACE_BOUND('',#12599,.F.);
#12599 = EDGE_LOOP('',(#12600,#12601,#12609,#12618));
#12600 = ORIENTED_EDGE('',*,*,#10827,.F.);
#12601 = ORIENTED_EDGE('',*,*,#12602,.T.);
#12602 = EDGE_CURVE('',#10828,#12603,#12605,.T.);
#12603 = VERTEX_POINT('',#12604);
#12604 = CARTESIAN_POINT('',(1.247837936047,5.753688226744,0.));
#12605 = LINE('',#12606,#12607);
#12606 = CARTESIAN_POINT('',(1.247837936047,5.753688226744,-0.2));
#12607 = VECTOR('',#12608,1.);
#12608 = DIRECTION('',(0.,0.,1.));
#12609 = ORIENTED_EDGE('',*,*,#12610,.F.);
#12610 = EDGE_CURVE('',#12579,#12603,#12611,.T.);
#12611 = B_SPLINE_CURVE_WITH_KNOTS('',5,(#12612,#12613,#12614,#12615,
    #12616,#12617),.UNSPECIFIED.,.F.,.F.,(6,6),(0.,1.),
  .PIECEWISE_BEZIER_KNOTS.);
#12612 = CARTESIAN_POINT('',(1.283402979651,5.974436773256,0.));
#12613 = CARTESIAN_POINT('',(1.283402979651,5.916960055364,0.));
#12614 = CARTESIAN_POINT('',(1.27995516013,5.865836507154,0.));
#12615 = CARTESIAN_POINT('',(1.272929453937,5.821410130551,0.));
#12616 = CARTESIAN_POINT('',(1.262233151014,5.783967816849,0.));
#12617 = CARTESIAN_POINT('',(1.247837936047,5.753688226744,0.));
#12618 = ORIENTED_EDGE('',*,*,#12578,.F.);
#12619 = SURFACE_OF_LINEAR_EXTRUSION('',#12620,#12624);
#12620 = B_SPLINE_CURVE_WITH_KNOTS('',2,(#12621,#12622,#12623),
  .UNSPECIFIED.,.F.,.F.,(3,3),(0.,1.),.PIECEWISE_BEZIER_KNOTS.);
#12621 = CARTESIAN_POINT('',(1.247837936047,5.753688226744,-0.2));
#12622 = CARTESIAN_POINT('',(1.283402979651,5.828497456395,-0.2));
#12623 = CARTESIAN_POINT('',(1.283402979651,5.974436773256,-0.2));
#12624 = VECTOR('',#12625,1.);
#12625 = DIRECTION('',(-0.,-0.,-1.));
#12626 = ADVANCED_FACE('',(#12627),#12650,.F.);
#12627 = FACE_BOUND('',#12628,.F.);
#12628 = EDGE_LOOP('',(#12629,#12630,#12638,#12649));
#12629 = ORIENTED_EDGE('',*,*,#10835,.F.);
#12630 = ORIENTED_EDGE('',*,*,#12631,.T.);
#12631 = EDGE_CURVE('',#10836,#12632,#12634,.T.);
#12632 = VERTEX_POINT('',#12633);
#12633 = CARTESIAN_POINT('',(1.101898619186,5.600962936047,0.));
#12634 = LINE('',#12635,#12636);
#12635 = CARTESIAN_POINT('',(1.101898619186,5.600962936047,-0.2));
#12636 = VECTOR('',#12637,1.);
#12637 = DIRECTION('',(0.,0.,1.));
#12638 = ORIENTED_EDGE('',*,*,#12639,.F.);
#12639 = EDGE_CURVE('',#12603,#12632,#12640,.T.);
#12640 = B_SPLINE_CURVE_WITH_KNOTS('',4,(#12641,#12642,#12643,#12644,
    #12645,#12646,#12647,#12648),.UNSPECIFIED.,.F.,.F.,(5,3,5),(0.,
    0.339796104576,1.),.UNSPECIFIED.);
#12641 = CARTESIAN_POINT('',(1.247837936047,5.753688226744,0.));
#12642 = CARTESIAN_POINT('',(1.239920733256,5.737228778837,0.));
#12643 = CARTESIAN_POINT('',(1.230983645139,5.721548219616,0.));
#12644 = CARTESIAN_POINT('',(1.221026247491,5.706654272177,0.));
#12645 = CARTESIAN_POINT('',(1.188730157926,5.665150953327,0.));
#12646 = CARTESIAN_POINT('',(1.163570008342,5.640737362403,0.));
#12647 = CARTESIAN_POINT('',(1.134598845545,5.619345038601,0.));
#12648 = CARTESIAN_POINT('',(1.101898619186,5.600962936047,0.));
#12649 = ORIENTED_EDGE('',*,*,#12602,.F.);
#12650 = SURFACE_OF_LINEAR_EXTRUSION('',#12651,#12655);
#12651 = B_SPLINE_CURVE_WITH_KNOTS('',2,(#12652,#12653,#12654),
  .UNSPECIFIED.,.F.,.F.,(3,3),(0.,1.),.PIECEWISE_BEZIER_KNOTS.);
#12652 = CARTESIAN_POINT('',(1.101898619186,5.600962936047,-0.2));
#12653 = CARTESIAN_POINT('',(1.201235465116,5.656804142442,-0.2));
#12654 = CARTESIAN_POINT('',(1.247837936047,5.753688226744,-0.2));
#12655 = VECTOR('',#12656,1.);
#12656 = DIRECTION('',(-0.,-0.,-1.));
#12657 = ADVANCED_FACE('',(#12658),#12681,.F.);
#12658 = FACE_BOUND('',#12659,.F.);
#12659 = EDGE_LOOP('',(#12660,#12661,#12669,#12680));
#12660 = ORIENTED_EDGE('',*,*,#10843,.F.);
#12661 = ORIENTED_EDGE('',*,*,#12662,.T.);
#12662 = EDGE_CURVE('',#10844,#12663,#12665,.T.);
#12663 = VERTEX_POINT('',#12664);
#12664 = CARTESIAN_POINT('',(0.875018168605,5.545203488372,0.));
#12665 = LINE('',#12666,#12667);
#12666 = CARTESIAN_POINT('',(0.875018168605,5.545203488372,-0.2));
#12667 = VECTOR('',#12668,1.);
#12668 = DIRECTION('',(0.,0.,1.));
#12669 = ORIENTED_EDGE('',*,*,#12670,.F.);
#12670 = EDGE_CURVE('',#12632,#12663,#12671,.T.);
#12671 = B_SPLINE_CURVE_WITH_KNOTS('',4,(#12672,#12673,#12674,#12675,
    #12676,#12677,#12678,#12679),.UNSPECIFIED.,.F.,.F.,(5,3,5),(0.,
    7.984693387769E-02,1.),.UNSPECIFIED.);
#12672 = CARTESIAN_POINT('',(1.101898619186,5.600962936047,0.));
#12673 = CARTESIAN_POINT('',(1.097925268053,5.598732627015,0.));
#12674 = CARTESIAN_POINT('',(1.093921707819,5.596561721592,0.));
#12675 = CARTESIAN_POINT('',(1.089887997178,5.594450263426,0.));
#12676 = CARTESIAN_POINT('',(1.038993161282,5.568751361257,0.));
#12677 = CARTESIAN_POINT('',(0.988166112316,5.553003622435,0.));
#12678 = CARTESIAN_POINT('',(0.93344425575,5.545203488372,0.));
#12679 = CARTESIAN_POINT('',(0.875018168605,5.545203488372,0.));
#12680 = ORIENTED_EDGE('',*,*,#12631,.F.);
#12681 = SURFACE_OF_LINEAR_EXTRUSION('',#12682,#12686);
#12682 = B_SPLINE_CURVE_WITH_KNOTS('',2,(#12683,#12684,#12685),
  .UNSPECIFIED.,.F.,.F.,(3,3),(0.,1.),.PIECEWISE_BEZIER_KNOTS.);
#12683 = CARTESIAN_POINT('',(0.875018168605,5.545203488372,-0.2));
#12684 = CARTESIAN_POINT('',(1.002561773256,5.545203488372,-0.2));
#12685 = CARTESIAN_POINT('',(1.101898619186,5.600962936047,-0.2));
#12686 = VECTOR('',#12687,1.);
#12687 = DIRECTION('',(-0.,-0.,-1.));
#12688 = ADVANCED_FACE('',(#12689),#12710,.F.);
#12689 = FACE_BOUND('',#12690,.F.);
#12690 = EDGE_LOOP('',(#12691,#12692,#12700,#12709));
#12691 = ORIENTED_EDGE('',*,*,#10851,.F.);
#12692 = ORIENTED_EDGE('',*,*,#12693,.T.);
#12693 = EDGE_CURVE('',#10852,#12694,#12696,.T.);
#12694 = VERTEX_POINT('',#12695);
#12695 = CARTESIAN_POINT('',(0.679369549419,5.60390625,0.));
#12696 = LINE('',#12697,#12698);
#12697 = CARTESIAN_POINT('',(0.679369549419,5.60390625,-0.2));
#12698 = VECTOR('',#12699,1.);
#12699 = DIRECTION('',(0.,0.,1.));
#12700 = ORIENTED_EDGE('',*,*,#12701,.F.);
#12701 = EDGE_CURVE('',#12663,#12694,#12702,.T.);
#12702 = B_SPLINE_CURVE_WITH_KNOTS('',5,(#12703,#12704,#12705,#12706,
    #12707,#12708),.UNSPECIFIED.,.F.,.F.,(6,6),(0.,1.),
  .PIECEWISE_BEZIER_KNOTS.);
#12703 = CARTESIAN_POINT('',(0.875018168605,5.545203488372,0.));
#12704 = CARTESIAN_POINT('',(0.824049594352,5.545203488372,0.));
#12705 = CARTESIAN_POINT('',(0.778762668771,5.550951446861,0.));
#12706 = CARTESIAN_POINT('',(0.739440297553,5.562618163859,0.));
#12707 = CARTESIAN_POINT('',(0.706281788743,5.580284015483,0.));
#12708 = CARTESIAN_POINT('',(0.679369549419,5.60390625,0.));
#12709 = ORIENTED_EDGE('',*,*,#12662,.F.);
#12710 = SURFACE_OF_LINEAR_EXTRUSION('',#12711,#12715);
#12711 = B_SPLINE_CURVE_WITH_KNOTS('',2,(#12712,#12713,#12714),
  .UNSPECIFIED.,.F.,.F.,(3,3),(0.,1.),.PIECEWISE_BEZIER_KNOTS.);
#12712 = CARTESIAN_POINT('',(0.679369549419,5.60390625,-0.2));
#12713 = CARTESIAN_POINT('',(0.74624818314,5.545203488372,-0.2));
#12714 = CARTESIAN_POINT('',(0.875018168605,5.545203488372,-0.2));
#12715 = VECTOR('',#12716,1.);
#12716 = DIRECTION('',(-0.,-0.,-1.));
#12717 = ADVANCED_FACE('',(#12718),#12741,.F.);
#12718 = FACE_BOUND('',#12719,.F.);
#12719 = EDGE_LOOP('',(#12720,#12721,#12729,#12740));
#12720 = ORIENTED_EDGE('',*,*,#10859,.F.);
#12721 = ORIENTED_EDGE('',*,*,#12722,.T.);
#12722 = EDGE_CURVE('',#10860,#12723,#12725,.T.);
#12723 = VERTEX_POINT('',#12724);
#12724 = CARTESIAN_POINT('',(0.612572674419,5.750826671512,0.));
#12725 = LINE('',#12726,#12727);
#12726 = CARTESIAN_POINT('',(0.612572674419,5.750826671512,-0.2));
#12727 = VECTOR('',#12728,1.);
#12728 = DIRECTION('',(0.,0.,1.));
#12729 = ORIENTED_EDGE('',*,*,#12730,.F.);
#12730 = EDGE_CURVE('',#12694,#12723,#12731,.T.);
#12731 = B_SPLINE_CURVE_WITH_KNOTS('',4,(#12732,#12733,#12734,#12735,
    #12736,#12737,#12738,#12739),.UNSPECIFIED.,.F.,.F.,(5,3,5),(0.,
    0.516022499266,1.),.UNSPECIFIED.);
#12732 = CARTESIAN_POINT('',(0.679369549419,5.60390625,0.));
#12733 = CARTESIAN_POINT('',(0.662167383984,5.619044997794,0.));
#12734 = CARTESIAN_POINT('',(0.647887204028,5.635509084698,0.));
#12735 = CARTESIAN_POINT('',(0.636568888253,5.653295612773,0.));
#12736 = CARTESIAN_POINT('',(0.620390048966,5.690292533458,0.));
#12737 = CARTESIAN_POINT('',(0.615172118418,5.709345958033,0.));
#12738 = CARTESIAN_POINT('',(0.612572674419,5.729532425283,0.));
#12739 = CARTESIAN_POINT('',(0.612572674419,5.750826671512,0.));
#12740 = ORIENTED_EDGE('',*,*,#12693,.F.);
#12741 = SURFACE_OF_LINEAR_EXTRUSION('',#12742,#12746);
#12742 = B_SPLINE_CURVE_WITH_KNOTS('',2,(#12743,#12744,#12745),
  .UNSPECIFIED.,.F.,.F.,(3,3),(0.,1.),.PIECEWISE_BEZIER_KNOTS.);
#12743 = CARTESIAN_POINT('',(0.612572674419,5.750826671512,-0.2));
#12744 = CARTESIAN_POINT('',(0.612572674419,5.662690770349,-0.2));
#12745 = CARTESIAN_POINT('',(0.679369549419,5.60390625,-0.2));
#12746 = VECTOR('',#12747,1.);
#12747 = DIRECTION('',(-0.,-0.,-1.));
#12748 = ADVANCED_FACE('',(#12749),#12772,.F.);
#12749 = FACE_BOUND('',#12750,.F.);
#12750 = EDGE_LOOP('',(#12751,#12752,#12760,#12771));
#12751 = ORIENTED_EDGE('',*,*,#10867,.F.);
#12752 = ORIENTED_EDGE('',*,*,#12753,.T.);
#12753 = EDGE_CURVE('',#10868,#12754,#12756,.T.);
#12754 = VERTEX_POINT('',#12755);
#12755 = CARTESIAN_POINT('',(0.643232194767,5.855396075581,0.));
#12756 = LINE('',#12757,#12758);
#12757 = CARTESIAN_POINT('',(0.643232194767,5.855396075581,-0.2));
#12758 = VECTOR('',#12759,1.);
#12759 = DIRECTION('',(0.,0.,1.));
#12760 = ORIENTED_EDGE('',*,*,#12761,.F.);
#12761 = EDGE_CURVE('',#12723,#12754,#12762,.T.);
#12762 = B_SPLINE_CURVE_WITH_KNOTS('',4,(#12763,#12764,#12765,#12766,
    #12767,#12768,#12769,#12770),.UNSPECIFIED.,.F.,.F.,(5,3,5),(0.,
    0.570023451979,1.),.UNSPECIFIED.);
#12763 = CARTESIAN_POINT('',(0.612572674419,5.750826671512,0.));
#12764 = CARTESIAN_POINT('',(0.612572674419,5.767200107761,0.));
#12765 = CARTESIAN_POINT('',(0.614231400551,5.783019116674,0.));
#12766 = CARTESIAN_POINT('',(0.617552199232,5.798278913335,0.));
#12767 = CARTESIAN_POINT('',(0.626291757808,5.824062553258,0.));
#12768 = CARTESIAN_POINT('',(0.630994628488,5.834828848747,0.));
#12769 = CARTESIAN_POINT('',(0.636642082332,5.845273662881,0.));
#12770 = CARTESIAN_POINT('',(0.643232194767,5.855396075581,0.));
#12771 = ORIENTED_EDGE('',*,*,#12722,.F.);
#12772 = SURFACE_OF_LINEAR_EXTRUSION('',#12773,#12777);
#12773 = B_SPLINE_CURVE_WITH_KNOTS('',2,(#12774,#12775,#12776),
  .UNSPECIFIED.,.F.,.F.,(3,3),(0.,1.),.PIECEWISE_BEZIER_KNOTS.);
#12774 = CARTESIAN_POINT('',(0.643232194767,5.855396075581,-0.2));
#12775 = CARTESIAN_POINT('',(0.612572674419,5.808303052326,-0.2));
#12776 = CARTESIAN_POINT('',(0.612572674419,5.750826671512,-0.2));
#12777 = VECTOR('',#12778,1.);
#12778 = DIRECTION('',(-0.,-0.,-1.));
#12779 = ADVANCED_FACE('',(#12780),#12803,.F.);
#12780 = FACE_BOUND('',#12781,.F.);
#12781 = EDGE_LOOP('',(#12782,#12783,#12791,#12802));
#12782 = ORIENTED_EDGE('',*,*,#10875,.F.);
#12783 = ORIENTED_EDGE('',*,*,#12784,.T.);
#12784 = EDGE_CURVE('',#10876,#12785,#12787,.T.);
#12785 = VERTEX_POINT('',#12786);
#12786 = CARTESIAN_POINT('',(0.730305232558,5.927016715116,0.));
#12787 = LINE('',#12788,#12789);
#12788 = CARTESIAN_POINT('',(0.730305232558,5.927016715116,-0.2));
#12789 = VECTOR('',#12790,1.);
#12790 = DIRECTION('',(0.,0.,1.));
#12791 = ORIENTED_EDGE('',*,*,#12792,.F.);
#12792 = EDGE_CURVE('',#12754,#12785,#12793,.T.);
#12793 = B_SPLINE_CURVE_WITH_KNOTS('',4,(#12794,#12795,#12796,#12797,
    #12798,#12799,#12800,#12801),.UNSPECIFIED.,.F.,.F.,(5,3,5),(0.,
    0.239926181841,1.),.UNSPECIFIED.);
#12794 = CARTESIAN_POINT('',(0.643232194767,5.855396075581,0.));
#12795 = CARTESIAN_POINT('',(0.646911008921,5.861056544293,0.));
#12796 = CARTESIAN_POINT('',(0.650837345861,5.866499359785,0.));
#12797 = CARTESIAN_POINT('',(0.655011140512,5.871724181321,0.));
#12798 = CARTESIAN_POINT('',(0.673437867521,5.892591447761,0.));
#12799 = CARTESIAN_POINT('',(0.689925023177,5.906262098637,0.));
#12800 = CARTESIAN_POINT('',(0.708887314049,5.917735617096,0.));
#12801 = CARTESIAN_POINT('',(0.730305232558,5.927016715116,0.));
#12802 = ORIENTED_EDGE('',*,*,#12753,.F.);
#12803 = SURFACE_OF_LINEAR_EXTRUSION('',#12804,#12808);
#12804 = B_SPLINE_CURVE_WITH_KNOTS('',2,(#12805,#12806,#12807),
  .UNSPECIFIED.,.F.,.F.,(3,3),(0.,1.),.PIECEWISE_BEZIER_KNOTS.);
#12805 = CARTESIAN_POINT('',(0.730305232558,5.927016715116,-0.2));
#12806 = CARTESIAN_POINT('',(0.673891715116,5.902570857558,-0.2));
#12807 = CARTESIAN_POINT('',(0.643232194767,5.855396075581,-0.2));
#12808 = VECTOR('',#12809,1.);
#12809 = DIRECTION('',(-0.,-0.,-1.));
#12810 = ADVANCED_FACE('',(#12811),#12825,.F.);
#12811 = FACE_BOUND('',#12812,.F.);
#12812 = EDGE_LOOP('',(#12813,#12814,#12815,#12824));
#12813 = ORIENTED_EDGE('',*,*,#10883,.F.);
#12814 = ORIENTED_EDGE('',*,*,#12561,.T.);
#12815 = ORIENTED_EDGE('',*,*,#12816,.F.);
#12816 = EDGE_CURVE('',#12785,#12551,#12817,.T.);
#12817 = B_SPLINE_CURVE_WITH_KNOTS('',5,(#12818,#12819,#12820,#12821,
    #12822,#12823),.UNSPECIFIED.,.F.,.F.,(6,6),(0.,1.),
  .PIECEWISE_BEZIER_KNOTS.);
#12818 = CARTESIAN_POINT('',(0.730305232558,5.927016715116,0.));
#12819 = CARTESIAN_POINT('',(0.753156965895,5.93695225135,0.));
#12820 = CARTESIAN_POINT('',(0.784084391847,5.946333104697,0.));
#12821 = CARTESIAN_POINT('',(0.822897153015,5.955147358716,0.));
#12822 = CARTESIAN_POINT('',(0.869278495498,5.963395249818,0.));
#12823 = CARTESIAN_POINT('',(0.922847020349,5.971084665698,0.));
#12824 = ORIENTED_EDGE('',*,*,#12784,.F.);
#12825 = SURFACE_OF_LINEAR_EXTRUSION('',#12826,#12830);
#12826 = B_SPLINE_CURVE_WITH_KNOTS('',2,(#12827,#12828,#12829),
  .UNSPECIFIED.,.F.,.F.,(3,3),(0.,1.),.PIECEWISE_BEZIER_KNOTS.);
#12827 = CARTESIAN_POINT('',(0.922847020349,5.971084665698,-0.2));
#12828 = CARTESIAN_POINT('',(0.78671875,5.951544331395,-0.2));
#12829 = CARTESIAN_POINT('',(0.730305232558,5.927016715116,-0.2));
#12830 = VECTOR('',#12831,1.);
#12831 = DIRECTION('',(-0.,-0.,-1.));
#12832 = ADVANCED_FACE('',(#12833,#12841),#12893,.F.);
#12833 = FACE_BOUND('',#12834,.F.);
#12834 = EDGE_LOOP('',(#12835,#12836,#12837,#12838,#12839,#12840));
#12835 = ORIENTED_EDGE('',*,*,#11000,.T.);
#12836 = ORIENTED_EDGE('',*,*,#11024,.T.);
#12837 = ORIENTED_EDGE('',*,*,#11048,.T.);
#12838 = ORIENTED_EDGE('',*,*,#11073,.T.);
#12839 = ORIENTED_EDGE('',*,*,#11097,.T.);
#12840 = ORIENTED_EDGE('',*,*,#11122,.T.);
#12841 = FACE_BOUND('',#12842,.T.);
#12842 = EDGE_LOOP('',(#12843,#12853,#12861,#12870,#12878,#12887));
#12843 = ORIENTED_EDGE('',*,*,#12844,.T.);
#12844 = EDGE_CURVE('',#12845,#12847,#12849,.T.);
#12845 = VERTEX_POINT('',#12846);
#12846 = CARTESIAN_POINT('',(-7.9,4.35,-10.1));
#12847 = VERTEX_POINT('',#12848);
#12848 = CARTESIAN_POINT('',(-7.9,-4.35,-10.1));
#12849 = LINE('',#12850,#12851);
#12850 = CARTESIAN_POINT('',(-7.9,4.35,-10.1));
#12851 = VECTOR('',#12852,1.);
#12852 = DIRECTION('',(2.041789470575E-16,-1.,0.));
#12853 = ORIENTED_EDGE('',*,*,#12854,.T.);
#12854 = EDGE_CURVE('',#12847,#12855,#12857,.T.);
#12855 = VERTEX_POINT('',#12856);
#12856 = CARTESIAN_POINT('',(6.899999999996,-4.35,-10.1));
#12857 = LINE('',#12858,#12859);
#12858 = CARTESIAN_POINT('',(-7.9,-4.35,-10.1));
#12859 = VECTOR('',#12860,1.);
#12860 = DIRECTION('',(1.,0.,0.));
#12861 = ORIENTED_EDGE('',*,*,#12862,.T.);
#12862 = EDGE_CURVE('',#12855,#12863,#12865,.T.);
#12863 = VERTEX_POINT('',#12864);
#12864 = CARTESIAN_POINT('',(7.899999999996,-3.35,-10.1));
#12865 = CIRCLE('',#12866,1.);
#12866 = AXIS2_PLACEMENT_3D('',#12867,#12868,#12869);
#12867 = CARTESIAN_POINT('',(6.899999999996,-3.35,-10.1));
#12868 = DIRECTION('',(0.,0.,1.));
#12869 = DIRECTION('',(1.,0.,0.));
#12870 = ORIENTED_EDGE('',*,*,#12871,.T.);
#12871 = EDGE_CURVE('',#12863,#12872,#12874,.T.);
#12872 = VERTEX_POINT('',#12873);
#12873 = CARTESIAN_POINT('',(7.9,3.35,-10.1));
#12874 = LINE('',#12875,#12876);
#12875 = CARTESIAN_POINT('',(7.899999999996,-3.35,-10.1));
#12876 = VECTOR('',#12877,1.);
#12877 = DIRECTION('',(6.278228351791E-13,1.,0.));
#12878 = ORIENTED_EDGE('',*,*,#12879,.T.);
#12879 = EDGE_CURVE('',#12872,#12880,#12882,.T.);
#12880 = VERTEX_POINT('',#12881);
#12881 = CARTESIAN_POINT('',(6.9,4.35,-10.1));
#12882 = CIRCLE('',#12883,1.);
#12883 = AXIS2_PLACEMENT_3D('',#12884,#12885,#12886);
#12884 = CARTESIAN_POINT('',(6.9,3.35,-10.1));
#12885 = DIRECTION('',(0.,0.,1.));
#12886 = DIRECTION('',(1.,0.,0.));
#12887 = ORIENTED_EDGE('',*,*,#12888,.T.);
#12888 = EDGE_CURVE('',#12880,#12845,#12889,.T.);
#12889 = LINE('',#12890,#12891);
#12890 = CARTESIAN_POINT('',(6.9,4.35,-10.1));
#12891 = VECTOR('',#12892,1.);
#12892 = DIRECTION('',(-1.,0.,0.));
#12893 = PLANE('',#12894);
#12894 = AXIS2_PLACEMENT_3D('',#12895,#12896,#12897);
#12895 = CARTESIAN_POINT('',(-0.274522377358,3.971897089961E-13,-10.1));
#12896 = DIRECTION('',(0.,0.,1.));
#12897 = DIRECTION('',(1.,0.,0.));
#12898 = ADVANCED_FACE('',(#12899),#12910,.T.);
#12899 = FACE_BOUND('',#12900,.T.);
#12900 = EDGE_LOOP('',(#12901,#12902,#12903,#12904,#12905,#12906,#12907,
    #12908,#12909));
#12901 = ORIENTED_EDGE('',*,*,#11146,.F.);
#12902 = ORIENTED_EDGE('',*,*,#11398,.F.);
#12903 = ORIENTED_EDGE('',*,*,#11374,.F.);
#12904 = ORIENTED_EDGE('',*,*,#11341,.F.);
#12905 = ORIENTED_EDGE('',*,*,#11312,.F.);
#12906 = ORIENTED_EDGE('',*,*,#11279,.F.);
#12907 = ORIENTED_EDGE('',*,*,#11248,.F.);
#12908 = ORIENTED_EDGE('',*,*,#11217,.F.);
#12909 = ORIENTED_EDGE('',*,*,#11184,.F.);
#12910 = PLANE('',#12911);
#12911 = AXIS2_PLACEMENT_3D('',#12912,#12913,#12914);
#12912 = CARTESIAN_POINT('',(-1.6E-16,0.,0.));
#12913 = DIRECTION('',(0.,0.,1.));
#12914 = DIRECTION('',(1.,0.,0.));
#12915 = ADVANCED_FACE('',(#12916),#12926,.T.);
#12916 = FACE_BOUND('',#12917,.T.);
#12917 = EDGE_LOOP('',(#12918,#12919,#12920,#12921,#12922,#12923,#12924,
    #12925));
#12918 = ORIENTED_EDGE('',*,*,#11429,.F.);
#12919 = ORIENTED_EDGE('',*,*,#11652,.F.);
#12920 = ORIENTED_EDGE('',*,*,#11626,.F.);
#12921 = ORIENTED_EDGE('',*,*,#11595,.F.);
#12922 = ORIENTED_EDGE('',*,*,#11564,.F.);
#12923 = ORIENTED_EDGE('',*,*,#11531,.F.);
#12924 = ORIENTED_EDGE('',*,*,#11498,.F.);
#12925 = ORIENTED_EDGE('',*,*,#11467,.F.);
#12926 = PLANE('',#12927);
#12927 = AXIS2_PLACEMENT_3D('',#12928,#12929,#12930);
#12928 = CARTESIAN_POINT('',(-1.6E-16,0.,0.));
#12929 = DIRECTION('',(0.,0.,1.));
#12930 = DIRECTION('',(1.,0.,0.));
#12931 = ADVANCED_FACE('',(#12932),#12944,.T.);
#12932 = FACE_BOUND('',#12933,.T.);
#12933 = EDGE_LOOP('',(#12934,#12935,#12936,#12937,#12938,#12939,#12940,
    #12941,#12942,#12943));
#12934 = ORIENTED_EDGE('',*,*,#11685,.F.);
#12935 = ORIENTED_EDGE('',*,*,#11929,.F.);
#12936 = ORIENTED_EDGE('',*,*,#11908,.F.);
#12937 = ORIENTED_EDGE('',*,*,#11880,.F.);
#12938 = ORIENTED_EDGE('',*,*,#11852,.F.);
#12939 = ORIENTED_EDGE('',*,*,#11824,.F.);
#12940 = ORIENTED_EDGE('',*,*,#11793,.F.);
#12941 = ORIENTED_EDGE('',*,*,#11764,.F.);
#12942 = ORIENTED_EDGE('',*,*,#11740,.F.);
#12943 = ORIENTED_EDGE('',*,*,#11716,.F.);
#12944 = PLANE('',#12945);
#12945 = AXIS2_PLACEMENT_3D('',#12946,#12947,#12948);
#12946 = CARTESIAN_POINT('',(-1.6E-16,0.,0.));
#12947 = DIRECTION('',(0.,0.,1.));
#12948 = DIRECTION('',(1.,0.,0.));
#12949 = ADVANCED_FACE('',(#12950),#12961,.T.);
#12950 = FACE_BOUND('',#12951,.T.);
#12951 = EDGE_LOOP('',(#12952,#12953,#12954,#12955,#12956,#12957,#12958,
    #12959,#12960));
#12952 = ORIENTED_EDGE('',*,*,#11958,.F.);
#12953 = ORIENTED_EDGE('',*,*,#12180,.F.);
#12954 = ORIENTED_EDGE('',*,*,#12156,.F.);
#12955 = ORIENTED_EDGE('',*,*,#12128,.F.);
#12956 = ORIENTED_EDGE('',*,*,#12097,.F.);
#12957 = ORIENTED_EDGE('',*,*,#12066,.F.);
#12958 = ORIENTED_EDGE('',*,*,#12037,.F.);
#12959 = ORIENTED_EDGE('',*,*,#12013,.F.);
#12960 = ORIENTED_EDGE('',*,*,#11989,.F.);
#12961 = PLANE('',#12962);
#12962 = AXIS2_PLACEMENT_3D('',#12963,#12964,#12965);
#12963 = CARTESIAN_POINT('',(-1.6E-16,0.,0.));
#12964 = DIRECTION('',(0.,0.,1.));
#12965 = DIRECTION('',(1.,0.,0.));
#12966 = ADVANCED_FACE('',(#12967),#12996,.T.);
#12967 = FACE_BOUND('',#12968,.T.);
#12968 = EDGE_LOOP('',(#12969,#12977,#12985,#12991,#12992,#12993,#12994,
    #12995));
#12969 = ORIENTED_EDGE('',*,*,#12970,.T.);
#12970 = EDGE_CURVE('',#12291,#12971,#12973,.T.);
#12971 = VERTEX_POINT('',#12972);
#12972 = CARTESIAN_POINT('',(1.438764169184,-2.5,-11.5));
#12973 = LINE('',#12974,#12975);
#12974 = CARTESIAN_POINT('',(1.438764169184,-2.5,-9.5));
#12975 = VECTOR('',#12976,1.);
#12976 = DIRECTION('',(-0.,-0.,-1.));
#12977 = ORIENTED_EDGE('',*,*,#12978,.T.);
#12978 = EDGE_CURVE('',#12971,#12979,#12981,.T.);
#12979 = VERTEX_POINT('',#12980);
#12980 = CARTESIAN_POINT('',(-1.438764169184,-2.5,-11.5));
#12981 = LINE('',#12982,#12983);
#12982 = CARTESIAN_POINT('',(1.438764169184,-2.5,-11.5));
#12983 = VECTOR('',#12984,1.);
#12984 = DIRECTION('',(-1.,0.,0.));
#12985 = ORIENTED_EDGE('',*,*,#12986,.F.);
#12986 = EDGE_CURVE('',#12212,#12979,#12987,.T.);
#12987 = LINE('',#12988,#12989);
#12988 = CARTESIAN_POINT('',(-1.438764169184,-2.5,-9.5));
#12989 = VECTOR('',#12990,1.);
#12990 = DIRECTION('',(-0.,-0.,-1.));
#12991 = ORIENTED_EDGE('',*,*,#12211,.T.);
#12992 = ORIENTED_EDGE('',*,*,#12348,.T.);
#12993 = ORIENTED_EDGE('',*,*,#12381,.F.);
#12994 = ORIENTED_EDGE('',*,*,#12398,.F.);
#12995 = ORIENTED_EDGE('',*,*,#12299,.T.);
#12996 = PLANE('',#12997);
#12997 = AXIS2_PLACEMENT_3D('',#12998,#12999,#13000);
#12998 = CARTESIAN_POINT('',(8.222062652433E-17,-2.5,-7.624816508648));
#12999 = DIRECTION('',(0.,1.,0.));
#13000 = DIRECTION('',(0.,0.,1.));
#13001 = ADVANCED_FACE('',(#13002),#13021,.F.);
#13002 = FACE_BOUND('',#13003,.F.);
#13003 = EDGE_LOOP('',(#13004,#13005,#13014,#13020));
#13004 = ORIENTED_EDGE('',*,*,#12970,.T.);
#13005 = ORIENTED_EDGE('',*,*,#13006,.T.);
#13006 = EDGE_CURVE('',#12971,#13007,#13009,.T.);
#13007 = VERTEX_POINT('',#13008);
#13008 = CARTESIAN_POINT('',(1.686296747401,-2.043952020233,-11.5));
#13009 = CIRCLE('',#13010,0.288622962718);
#13010 = AXIS2_PLACEMENT_3D('',#13011,#13012,#13013);
#13011 = CARTESIAN_POINT('',(1.451393722384,-2.211653491448,-11.5));
#13012 = DIRECTION('',(0.,0.,1.));
#13013 = DIRECTION('',(1.,0.,0.));
#13014 = ORIENTED_EDGE('',*,*,#13015,.F.);
#13015 = EDGE_CURVE('',#12282,#13007,#13016,.T.);
#13016 = LINE('',#13017,#13018);
#13017 = CARTESIAN_POINT('',(1.686296747401,-2.043952020233,-9.5));
#13018 = VECTOR('',#13019,1.);
#13019 = DIRECTION('',(-0.,-0.,-1.));
#13020 = ORIENTED_EDGE('',*,*,#12290,.F.);
#13021 = CYLINDRICAL_SURFACE('',#13022,0.288622962718);
#13022 = AXIS2_PLACEMENT_3D('',#13023,#13024,#13025);
#13023 = CARTESIAN_POINT('',(1.451393722384,-2.211653491448,-9.5));
#13024 = DIRECTION('',(0.,0.,1.));
#13025 = DIRECTION('',(1.,0.,0.));
#13026 = ADVANCED_FACE('',(#13027),#13056,.T.);
#13027 = FACE_BOUND('',#13028,.T.);
#13028 = EDGE_LOOP('',(#13029,#13030,#13031,#13032,#13040,#13049));
#13029 = ORIENTED_EDGE('',*,*,#13015,.F.);
#13030 = ORIENTED_EDGE('',*,*,#12281,.F.);
#13031 = ORIENTED_EDGE('',*,*,#12272,.F.);
#13032 = ORIENTED_EDGE('',*,*,#13033,.T.);
#13033 = EDGE_CURVE('',#12264,#13034,#13036,.T.);
#13034 = VERTEX_POINT('',#13035);
#13035 = CARTESIAN_POINT('',(1.686296747401,2.043952020233,-11.5));
#13036 = LINE('',#13037,#13038);
#13037 = CARTESIAN_POINT('',(1.686296747401,2.043952020233,-9.5));
#13038 = VECTOR('',#13039,1.);
#13039 = DIRECTION('',(-0.,-0.,-1.));
#13040 = ORIENTED_EDGE('',*,*,#13041,.T.);
#13041 = EDGE_CURVE('',#13034,#13042,#13044,.T.);
#13042 = VERTEX_POINT('',#13043);
#13043 = CARTESIAN_POINT('',(0.8,3.429011037613E-16,-11.5));
#13044 = CIRCLE('',#13045,2.8);
#13045 = AXIS2_PLACEMENT_3D('',#13046,#13047,#13048);
#13046 = CARTESIAN_POINT('',(3.6,0.,-11.5));
#13047 = DIRECTION('',(0.,0.,1.));
#13048 = DIRECTION('',(1.,0.,0.));
#13049 = ORIENTED_EDGE('',*,*,#13050,.T.);
#13050 = EDGE_CURVE('',#13042,#13007,#13051,.T.);
#13051 = CIRCLE('',#13052,2.8);
#13052 = AXIS2_PLACEMENT_3D('',#13053,#13054,#13055);
#13053 = CARTESIAN_POINT('',(3.6,0.,-11.5));
#13054 = DIRECTION('',(0.,0.,1.));
#13055 = DIRECTION('',(1.,0.,0.));
#13056 = CYLINDRICAL_SURFACE('',#13057,2.8);
#13057 = AXIS2_PLACEMENT_3D('',#13058,#13059,#13060);
#13058 = CARTESIAN_POINT('',(3.6,0.,-9.5));
#13059 = DIRECTION('',(0.,0.,1.));
#13060 = DIRECTION('',(1.,0.,0.));
#13061 = ADVANCED_FACE('',(#13062),#13081,.F.);
#13062 = FACE_BOUND('',#13063,.F.);
#13063 = EDGE_LOOP('',(#13064,#13065,#13074,#13080));
#13064 = ORIENTED_EDGE('',*,*,#13033,.T.);
#13065 = ORIENTED_EDGE('',*,*,#13066,.T.);
#13066 = EDGE_CURVE('',#13034,#13067,#13069,.T.);
#13067 = VERTEX_POINT('',#13068);
#13068 = CARTESIAN_POINT('',(1.438764169184,2.5,-11.5));
#13069 = CIRCLE('',#13070,0.288622962718);
#13070 = AXIS2_PLACEMENT_3D('',#13071,#13072,#13073);
#13071 = CARTESIAN_POINT('',(1.451393722384,2.211653491448,-11.5));
#13072 = DIRECTION('',(0.,0.,1.));
#13073 = DIRECTION('',(1.,0.,0.));
#13074 = ORIENTED_EDGE('',*,*,#13075,.F.);
#13075 = EDGE_CURVE('',#12256,#13067,#13076,.T.);
#13076 = LINE('',#13077,#13078);
#13077 = CARTESIAN_POINT('',(1.438764169184,2.5,-9.5));
#13078 = VECTOR('',#13079,1.);
#13079 = DIRECTION('',(-0.,-0.,-1.));
#13080 = ORIENTED_EDGE('',*,*,#12263,.F.);
#13081 = CYLINDRICAL_SURFACE('',#13082,0.288622962718);
#13082 = AXIS2_PLACEMENT_3D('',#13083,#13084,#13085);
#13083 = CARTESIAN_POINT('',(1.451393722384,2.211653491448,-9.5));
#13084 = DIRECTION('',(0.,0.,1.));
#13085 = DIRECTION('',(1.,0.,0.));
#13086 = ADVANCED_FACE('',(#13087),#13105,.F.);
#13087 = FACE_BOUND('',#13088,.F.);
#13088 = EDGE_LOOP('',(#13089,#13097,#13098,#13099));
#13089 = ORIENTED_EDGE('',*,*,#13090,.F.);
#13090 = EDGE_CURVE('',#12247,#13091,#13093,.T.);
#13091 = VERTEX_POINT('',#13092);
#13092 = CARTESIAN_POINT('',(-1.438764169184,2.5,-11.5));
#13093 = LINE('',#13094,#13095);
#13094 = CARTESIAN_POINT('',(-1.438764169184,2.5,-9.5));
#13095 = VECTOR('',#13096,1.);
#13096 = DIRECTION('',(-0.,-0.,-1.));
#13097 = ORIENTED_EDGE('',*,*,#12255,.F.);
#13098 = ORIENTED_EDGE('',*,*,#13075,.T.);
#13099 = ORIENTED_EDGE('',*,*,#13100,.F.);
#13100 = EDGE_CURVE('',#13091,#13067,#13101,.T.);
#13101 = LINE('',#13102,#13103);
#13102 = CARTESIAN_POINT('',(-1.438764169184,2.5,-11.5));
#13103 = VECTOR('',#13104,1.);
#13104 = DIRECTION('',(1.,0.,0.));
#13105 = PLANE('',#13106);
#13106 = AXIS2_PLACEMENT_3D('',#13107,#13108,#13109);
#13107 = CARTESIAN_POINT('',(6.828600149128E-17,2.5,-10.5));
#13108 = DIRECTION('',(0.,1.,0.));
#13109 = DIRECTION('',(0.,0.,1.));
#13110 = ADVANCED_FACE('',(#13111),#13130,.F.);
#13111 = FACE_BOUND('',#13112,.F.);
#13112 = EDGE_LOOP('',(#13113,#13114,#13123,#13129));
#13113 = ORIENTED_EDGE('',*,*,#13090,.T.);
#13114 = ORIENTED_EDGE('',*,*,#13115,.T.);
#13115 = EDGE_CURVE('',#13091,#13116,#13118,.T.);
#13116 = VERTEX_POINT('',#13117);
#13117 = CARTESIAN_POINT('',(-1.686296747401,2.043952020233,-11.5));
#13118 = CIRCLE('',#13119,0.288622962718);
#13119 = AXIS2_PLACEMENT_3D('',#13120,#13121,#13122);
#13120 = CARTESIAN_POINT('',(-1.451393722384,2.211653491448,-11.5));
#13121 = DIRECTION('',(0.,0.,1.));
#13122 = DIRECTION('',(1.,0.,0.));
#13123 = ORIENTED_EDGE('',*,*,#13124,.F.);
#13124 = EDGE_CURVE('',#12238,#13116,#13125,.T.);
#13125 = LINE('',#13126,#13127);
#13126 = CARTESIAN_POINT('',(-1.686296747401,2.043952020233,-9.5));
#13127 = VECTOR('',#13128,1.);
#13128 = DIRECTION('',(-0.,-0.,-1.));
#13129 = ORIENTED_EDGE('',*,*,#12246,.F.);
#13130 = CYLINDRICAL_SURFACE('',#13131,0.288622962718);
#13131 = AXIS2_PLACEMENT_3D('',#13132,#13133,#13134);
#13132 = CARTESIAN_POINT('',(-1.451393722384,2.211653491448,-9.5));
#13133 = DIRECTION('',(0.,0.,1.));
#13134 = DIRECTION('',(1.,0.,0.));
#13135 = ADVANCED_FACE('',(#13136),#13165,.T.);
#13136 = FACE_BOUND('',#13137,.T.);
#13137 = EDGE_LOOP('',(#13138,#13139,#13140,#13141,#13149,#13158));
#13138 = ORIENTED_EDGE('',*,*,#13124,.F.);
#13139 = ORIENTED_EDGE('',*,*,#12237,.F.);
#13140 = ORIENTED_EDGE('',*,*,#12228,.F.);
#13141 = ORIENTED_EDGE('',*,*,#13142,.T.);
#13142 = EDGE_CURVE('',#12220,#13143,#13145,.T.);
#13143 = VERTEX_POINT('',#13144);
#13144 = CARTESIAN_POINT('',(-1.686296747401,-2.043952020233,-11.5));
#13145 = LINE('',#13146,#13147);
#13146 = CARTESIAN_POINT('',(-1.686296747401,-2.043952020233,-9.5));
#13147 = VECTOR('',#13148,1.);
#13148 = DIRECTION('',(-0.,-0.,-1.));
#13149 = ORIENTED_EDGE('',*,*,#13150,.T.);
#13150 = EDGE_CURVE('',#13143,#13151,#13153,.T.);
#13151 = VERTEX_POINT('',#13152);
#13152 = CARTESIAN_POINT('',(-0.8,-3.429011020336E-16,-11.5));
#13153 = CIRCLE('',#13154,2.8);
#13154 = AXIS2_PLACEMENT_3D('',#13155,#13156,#13157);
#13155 = CARTESIAN_POINT('',(-3.6,0.,-11.5));
#13156 = DIRECTION('',(0.,0.,1.));
#13157 = DIRECTION('',(1.,0.,0.));
#13158 = ORIENTED_EDGE('',*,*,#13159,.T.);
#13159 = EDGE_CURVE('',#13151,#13116,#13160,.T.);
#13160 = CIRCLE('',#13161,2.8);
#13161 = AXIS2_PLACEMENT_3D('',#13162,#13163,#13164);
#13162 = CARTESIAN_POINT('',(-3.6,0.,-11.5));
#13163 = DIRECTION('',(0.,0.,1.));
#13164 = DIRECTION('',(1.,0.,0.));
#13165 = CYLINDRICAL_SURFACE('',#13166,2.8);
#13166 = AXIS2_PLACEMENT_3D('',#13167,#13168,#13169);
#13167 = CARTESIAN_POINT('',(-3.6,0.,-9.5));
#13168 = DIRECTION('',(0.,0.,1.));
#13169 = DIRECTION('',(1.,0.,0.));
#13170 = ADVANCED_FACE('',(#13171),#13183,.F.);
#13171 = FACE_BOUND('',#13172,.F.);
#13172 = EDGE_LOOP('',(#13173,#13174,#13181,#13182));
#13173 = ORIENTED_EDGE('',*,*,#13142,.T.);
#13174 = ORIENTED_EDGE('',*,*,#13175,.T.);
#13175 = EDGE_CURVE('',#13143,#12979,#13176,.T.);
#13176 = CIRCLE('',#13177,0.288622962718);
#13177 = AXIS2_PLACEMENT_3D('',#13178,#13179,#13180);
#13178 = CARTESIAN_POINT('',(-1.451393722384,-2.211653491448,-11.5));
#13179 = DIRECTION('',(0.,0.,1.));
#13180 = DIRECTION('',(1.,0.,0.));
#13181 = ORIENTED_EDGE('',*,*,#12986,.F.);
#13182 = ORIENTED_EDGE('',*,*,#12219,.F.);
#13183 = CYLINDRICAL_SURFACE('',#13184,0.288622962718);
#13184 = AXIS2_PLACEMENT_3D('',#13185,#13186,#13187);
#13185 = CARTESIAN_POINT('',(-1.451393722384,-2.211653491448,-9.5));
#13186 = DIRECTION('',(0.,0.,1.));
#13187 = DIRECTION('',(1.,0.,0.));
#13188 = ADVANCED_FACE('',(#13189),#13208,.F.);
#13189 = FACE_BOUND('',#13190,.F.);
#13190 = EDGE_LOOP('',(#13191,#13192,#13200,#13207));
#13191 = ORIENTED_EDGE('',*,*,#12319,.F.);
#13192 = ORIENTED_EDGE('',*,*,#13193,.T.);
#13193 = EDGE_CURVE('',#12320,#13194,#13196,.T.);
#13194 = VERTEX_POINT('',#13195);
#13195 = CARTESIAN_POINT('',(-1.46,0.,-12.5));
#13196 = LINE('',#13197,#13198);
#13197 = CARTESIAN_POINT('',(-1.46,0.,0.));
#13198 = VECTOR('',#13199,1.);
#13199 = DIRECTION('',(-0.,-0.,-1.));
#13200 = ORIENTED_EDGE('',*,*,#13201,.T.);
#13201 = EDGE_CURVE('',#13194,#13194,#13202,.T.);
#13202 = CIRCLE('',#13203,2.14);
#13203 = AXIS2_PLACEMENT_3D('',#13204,#13205,#13206);
#13204 = CARTESIAN_POINT('',(-3.6,0.,-12.5));
#13205 = DIRECTION('',(0.,0.,1.));
#13206 = DIRECTION('',(1.,0.,0.));
#13207 = ORIENTED_EDGE('',*,*,#13193,.F.);
#13208 = CYLINDRICAL_SURFACE('',#13209,2.14);
#13209 = AXIS2_PLACEMENT_3D('',#13210,#13211,#13212);
#13210 = CARTESIAN_POINT('',(-3.6,0.,0.));
#13211 = DIRECTION('',(0.,0.,1.));
#13212 = DIRECTION('',(1.,0.,0.));
#13213 = ADVANCED_FACE('',(#13214),#13233,.F.);
#13214 = FACE_BOUND('',#13215,.F.);
#13215 = EDGE_LOOP('',(#13216,#13217,#13225,#13232));
#13216 = ORIENTED_EDGE('',*,*,#12330,.F.);
#13217 = ORIENTED_EDGE('',*,*,#13218,.T.);
#13218 = EDGE_CURVE('',#12331,#13219,#13221,.T.);
#13219 = VERTEX_POINT('',#13220);
#13220 = CARTESIAN_POINT('',(5.74,0.,-12.5));
#13221 = LINE('',#13222,#13223);
#13222 = CARTESIAN_POINT('',(5.74,0.,0.));
#13223 = VECTOR('',#13224,1.);
#13224 = DIRECTION('',(-0.,-0.,-1.));
#13225 = ORIENTED_EDGE('',*,*,#13226,.T.);
#13226 = EDGE_CURVE('',#13219,#13219,#13227,.T.);
#13227 = CIRCLE('',#13228,2.14);
#13228 = AXIS2_PLACEMENT_3D('',#13229,#13230,#13231);
#13229 = CARTESIAN_POINT('',(3.6,0.,-12.5));
#13230 = DIRECTION('',(0.,0.,1.));
#13231 = DIRECTION('',(1.,0.,0.));
#13232 = ORIENTED_EDGE('',*,*,#13218,.F.);
#13233 = CYLINDRICAL_SURFACE('',#13234,2.14);
#13234 = AXIS2_PLACEMENT_3D('',#13235,#13236,#13237);
#13235 = CARTESIAN_POINT('',(3.6,0.,0.));
#13236 = DIRECTION('',(0.,0.,1.));
#13237 = DIRECTION('',(1.,0.,0.));
#13238 = ADVANCED_FACE('',(#13239),#13246,.T.);
#13239 = FACE_BOUND('',#13240,.T.);
#13240 = EDGE_LOOP('',(#13241,#13242,#13243,#13244,#13245));
#13241 = ORIENTED_EDGE('',*,*,#12421,.F.);
#13242 = ORIENTED_EDGE('',*,*,#12526,.F.);
#13243 = ORIENTED_EDGE('',*,*,#12504,.F.);
#13244 = ORIENTED_EDGE('',*,*,#12476,.F.);
#13245 = ORIENTED_EDGE('',*,*,#12452,.F.);
#13246 = PLANE('',#13247);
#13247 = AXIS2_PLACEMENT_3D('',#13248,#13249,#13250);
#13248 = CARTESIAN_POINT('',(-1.6E-16,0.,0.));
#13249 = DIRECTION('',(0.,0.,1.));
#13250 = DIRECTION('',(1.,0.,0.));
#13251 = ADVANCED_FACE('',(#13252),#13264,.T.);
#13252 = FACE_BOUND('',#13253,.T.);
#13253 = EDGE_LOOP('',(#13254,#13255,#13256,#13257,#13258,#13259,#13260,
    #13261,#13262,#13263));
#13254 = ORIENTED_EDGE('',*,*,#12550,.F.);
#13255 = ORIENTED_EDGE('',*,*,#12816,.F.);
#13256 = ORIENTED_EDGE('',*,*,#12792,.F.);
#13257 = ORIENTED_EDGE('',*,*,#12761,.F.);
#13258 = ORIENTED_EDGE('',*,*,#12730,.F.);
#13259 = ORIENTED_EDGE('',*,*,#12701,.F.);
#13260 = ORIENTED_EDGE('',*,*,#12670,.F.);
#13261 = ORIENTED_EDGE('',*,*,#12639,.F.);
#13262 = ORIENTED_EDGE('',*,*,#12610,.F.);
#13263 = ORIENTED_EDGE('',*,*,#12586,.F.);
#13264 = PLANE('',#13265);
#13265 = AXIS2_PLACEMENT_3D('',#13266,#13267,#13268);
#13266 = CARTESIAN_POINT('',(-1.6E-16,0.,0.));
#13267 = DIRECTION('',(0.,0.,1.));
#13268 = DIRECTION('',(1.,0.,0.));
#13269 = ADVANCED_FACE('',(#13270),#13295,.T.);
#13270 = FACE_BOUND('',#13271,.T.);
#13271 = EDGE_LOOP('',(#13272,#13280,#13288,#13294));
#13272 = ORIENTED_EDGE('',*,*,#13273,.T.);
#13273 = EDGE_CURVE('',#12845,#13274,#13276,.T.);
#13274 = VERTEX_POINT('',#13275);
#13275 = CARTESIAN_POINT('',(-7.9,4.35,-11.9));
#13276 = LINE('',#13277,#13278);
#13277 = CARTESIAN_POINT('',(-7.9,4.35,-10.1));
#13278 = VECTOR('',#13279,1.);
#13279 = DIRECTION('',(-0.,-0.,-1.));
#13280 = ORIENTED_EDGE('',*,*,#13281,.T.);
#13281 = EDGE_CURVE('',#13274,#13282,#13284,.T.);
#13282 = VERTEX_POINT('',#13283);
#13283 = CARTESIAN_POINT('',(-7.9,-4.35,-11.9));
#13284 = LINE('',#13285,#13286);
#13285 = CARTESIAN_POINT('',(-7.9,4.35,-11.9));
#13286 = VECTOR('',#13287,1.);
#13287 = DIRECTION('',(2.041789470575E-16,-1.,0.));
#13288 = ORIENTED_EDGE('',*,*,#13289,.F.);
#13289 = EDGE_CURVE('',#12847,#13282,#13290,.T.);
#13290 = LINE('',#13291,#13292);
#13291 = CARTESIAN_POINT('',(-7.9,-4.35,-10.1));
#13292 = VECTOR('',#13293,1.);
#13293 = DIRECTION('',(-0.,-0.,-1.));
#13294 = ORIENTED_EDGE('',*,*,#12844,.F.);
#13295 = PLANE('',#13296);
#13296 = AXIS2_PLACEMENT_3D('',#13297,#13298,#13299);
#13297 = CARTESIAN_POINT('',(-7.9,4.35,-10.1));
#13298 = DIRECTION('',(-1.,-2.041789470575E-16,0.));
#13299 = DIRECTION('',(2.041789470575E-16,-1.,0.));
#13300 = ADVANCED_FACE('',(#13301),#13319,.T.);
#13301 = FACE_BOUND('',#13302,.T.);
#13302 = EDGE_LOOP('',(#13303,#13304,#13312,#13318));
#13303 = ORIENTED_EDGE('',*,*,#13289,.T.);
#13304 = ORIENTED_EDGE('',*,*,#13305,.T.);
#13305 = EDGE_CURVE('',#13282,#13306,#13308,.T.);
#13306 = VERTEX_POINT('',#13307);
#13307 = CARTESIAN_POINT('',(6.899999999996,-4.35,-11.9));
#13308 = LINE('',#13309,#13310);
#13309 = CARTESIAN_POINT('',(-7.9,-4.35,-11.9));
#13310 = VECTOR('',#13311,1.);
#13311 = DIRECTION('',(1.,0.,0.));
#13312 = ORIENTED_EDGE('',*,*,#13313,.F.);
#13313 = EDGE_CURVE('',#12855,#13306,#13314,.T.);
#13314 = LINE('',#13315,#13316);
#13315 = CARTESIAN_POINT('',(6.899999999996,-4.35,-10.1));
#13316 = VECTOR('',#13317,1.);
#13317 = DIRECTION('',(-0.,-0.,-1.));
#13318 = ORIENTED_EDGE('',*,*,#12854,.F.);
#13319 = PLANE('',#13320);
#13320 = AXIS2_PLACEMENT_3D('',#13321,#13322,#13323);
#13321 = CARTESIAN_POINT('',(-7.9,-4.35,-10.1));
#13322 = DIRECTION('',(0.,-1.,0.));
#13323 = DIRECTION('',(1.,0.,0.));
#13324 = ADVANCED_FACE('',(#13325),#13344,.T.);
#13325 = FACE_BOUND('',#13326,.T.);
#13326 = EDGE_LOOP('',(#13327,#13328,#13337,#13343));
#13327 = ORIENTED_EDGE('',*,*,#13313,.T.);
#13328 = ORIENTED_EDGE('',*,*,#13329,.T.);
#13329 = EDGE_CURVE('',#13306,#13330,#13332,.T.);
#13330 = VERTEX_POINT('',#13331);
#13331 = CARTESIAN_POINT('',(7.899999999996,-3.35,-11.9));
#13332 = CIRCLE('',#13333,1.);
#13333 = AXIS2_PLACEMENT_3D('',#13334,#13335,#13336);
#13334 = CARTESIAN_POINT('',(6.899999999996,-3.35,-11.9));
#13335 = DIRECTION('',(0.,0.,1.));
#13336 = DIRECTION('',(1.,0.,0.));
#13337 = ORIENTED_EDGE('',*,*,#13338,.F.);
#13338 = EDGE_CURVE('',#12863,#13330,#13339,.T.);
#13339 = LINE('',#13340,#13341);
#13340 = CARTESIAN_POINT('',(7.899999999996,-3.35,-10.1));
#13341 = VECTOR('',#13342,1.);
#13342 = DIRECTION('',(-0.,-0.,-1.));
#13343 = ORIENTED_EDGE('',*,*,#12862,.F.);
#13344 = CYLINDRICAL_SURFACE('',#13345,1.);
#13345 = AXIS2_PLACEMENT_3D('',#13346,#13347,#13348);
#13346 = CARTESIAN_POINT('',(6.899999999996,-3.35,-10.1));
#13347 = DIRECTION('',(0.,0.,1.));
#13348 = DIRECTION('',(1.,0.,0.));
#13349 = ADVANCED_FACE('',(#13350),#13368,.T.);
#13350 = FACE_BOUND('',#13351,.T.);
#13351 = EDGE_LOOP('',(#13352,#13353,#13361,#13367));
#13352 = ORIENTED_EDGE('',*,*,#13338,.T.);
#13353 = ORIENTED_EDGE('',*,*,#13354,.T.);
#13354 = EDGE_CURVE('',#13330,#13355,#13357,.T.);
#13355 = VERTEX_POINT('',#13356);
#13356 = CARTESIAN_POINT('',(7.9,3.35,-11.9));
#13357 = LINE('',#13358,#13359);
#13358 = CARTESIAN_POINT('',(7.899999999996,-3.35,-11.9));
#13359 = VECTOR('',#13360,1.);
#13360 = DIRECTION('',(6.278228351791E-13,1.,0.));
#13361 = ORIENTED_EDGE('',*,*,#13362,.F.);
#13362 = EDGE_CURVE('',#12872,#13355,#13363,.T.);
#13363 = LINE('',#13364,#13365);
#13364 = CARTESIAN_POINT('',(7.9,3.35,-10.1));
#13365 = VECTOR('',#13366,1.);
#13366 = DIRECTION('',(-0.,-0.,-1.));
#13367 = ORIENTED_EDGE('',*,*,#12871,.F.);
#13368 = PLANE('',#13369);
#13369 = AXIS2_PLACEMENT_3D('',#13370,#13371,#13372);
#13370 = CARTESIAN_POINT('',(7.899999999996,-3.35,-10.1));
#13371 = DIRECTION('',(1.,-6.278228351791E-13,0.));
#13372 = DIRECTION('',(6.278228351791E-13,1.,0.));
#13373 = ADVANCED_FACE('',(#13374),#13393,.T.);
#13374 = FACE_BOUND('',#13375,.T.);
#13375 = EDGE_LOOP('',(#13376,#13377,#13386,#13392));
#13376 = ORIENTED_EDGE('',*,*,#13362,.T.);
#13377 = ORIENTED_EDGE('',*,*,#13378,.T.);
#13378 = EDGE_CURVE('',#13355,#13379,#13381,.T.);
#13379 = VERTEX_POINT('',#13380);
#13380 = CARTESIAN_POINT('',(6.9,4.35,-11.9));
#13381 = CIRCLE('',#13382,1.);
#13382 = AXIS2_PLACEMENT_3D('',#13383,#13384,#13385);
#13383 = CARTESIAN_POINT('',(6.9,3.35,-11.9));
#13384 = DIRECTION('',(0.,0.,1.));
#13385 = DIRECTION('',(1.,0.,0.));
#13386 = ORIENTED_EDGE('',*,*,#13387,.F.);
#13387 = EDGE_CURVE('',#12880,#13379,#13388,.T.);
#13388 = LINE('',#13389,#13390);
#13389 = CARTESIAN_POINT('',(6.9,4.35,-10.1));
#13390 = VECTOR('',#13391,1.);
#13391 = DIRECTION('',(-0.,-0.,-1.));
#13392 = ORIENTED_EDGE('',*,*,#12879,.F.);
#13393 = CYLINDRICAL_SURFACE('',#13394,1.);
#13394 = AXIS2_PLACEMENT_3D('',#13395,#13396,#13397);
#13395 = CARTESIAN_POINT('',(6.9,3.35,-10.1));
#13396 = DIRECTION('',(0.,0.,1.));
#13397 = DIRECTION('',(1.,0.,0.));
#13398 = ADVANCED_FACE('',(#13399),#13410,.T.);
#13399 = FACE_BOUND('',#13400,.T.);
#13400 = EDGE_LOOP('',(#13401,#13402,#13408,#13409));
#13401 = ORIENTED_EDGE('',*,*,#13387,.T.);
#13402 = ORIENTED_EDGE('',*,*,#13403,.T.);
#13403 = EDGE_CURVE('',#13379,#13274,#13404,.T.);
#13404 = LINE('',#13405,#13406);
#13405 = CARTESIAN_POINT('',(6.9,4.35,-11.9));
#13406 = VECTOR('',#13407,1.);
#13407 = DIRECTION('',(-1.,0.,0.));
#13408 = ORIENTED_EDGE('',*,*,#13273,.F.);
#13409 = ORIENTED_EDGE('',*,*,#12888,.F.);
#13410 = PLANE('',#13411);
#13411 = AXIS2_PLACEMENT_3D('',#13412,#13413,#13414);
#13412 = CARTESIAN_POINT('',(6.9,4.35,-10.1));
#13413 = DIRECTION('',(0.,1.,0.));
#13414 = DIRECTION('',(-1.,0.,0.));
#13415 = ADVANCED_FACE('',(#13416),#13428,.T.);
#13416 = FACE_BOUND('',#13417,.F.);
#13417 = EDGE_LOOP('',(#13418,#13419,#13420,#13421,#13422,#13423,#13424,
    #13425,#13426,#13427));
#13418 = ORIENTED_EDGE('',*,*,#13150,.T.);
#13419 = ORIENTED_EDGE('',*,*,#13159,.T.);
#13420 = ORIENTED_EDGE('',*,*,#13115,.F.);
#13421 = ORIENTED_EDGE('',*,*,#13100,.T.);
#13422 = ORIENTED_EDGE('',*,*,#13066,.F.);
#13423 = ORIENTED_EDGE('',*,*,#13041,.T.);
#13424 = ORIENTED_EDGE('',*,*,#13050,.T.);
#13425 = ORIENTED_EDGE('',*,*,#13006,.F.);
#13426 = ORIENTED_EDGE('',*,*,#12978,.T.);
#13427 = ORIENTED_EDGE('',*,*,#13175,.F.);
#13428 = PLANE('',#13429);
#13429 = AXIS2_PLACEMENT_3D('',#13430,#13431,#13432);
#13430 = CARTESIAN_POINT('',(-2.040362559271E-16,6.376132997721E-17,
    -11.5));
#13431 = DIRECTION('',(0.,0.,1.));
#13432 = DIRECTION('',(1.,0.,0.));
#13433 = ADVANCED_FACE('',(#13434,#13468),#13471,.F.);
#13434 = FACE_BOUND('',#13435,.F.);
#13435 = EDGE_LOOP('',(#13436,#13446,#13454,#13462));
#13436 = ORIENTED_EDGE('',*,*,#13437,.F.);
#13437 = EDGE_CURVE('',#13438,#13440,#13442,.T.);
#13438 = VERTEX_POINT('',#13439);
#13439 = CARTESIAN_POINT('',(-6.50309103377,-2.951098846804,-12.5));
#13440 = VERTEX_POINT('',#13441);
#13441 = CARTESIAN_POINT('',(-6.50309103377,2.951098846804,-12.5));
#13442 = LINE('',#13443,#13444);
#13443 = CARTESIAN_POINT('',(-6.50309103377,-2.951098846804,-12.5));
#13444 = VECTOR('',#13445,1.);
#13445 = DIRECTION('',(0.,1.,0.));
#13446 = ORIENTED_EDGE('',*,*,#13447,.F.);
#13447 = EDGE_CURVE('',#13448,#13438,#13450,.T.);
#13448 = VERTEX_POINT('',#13449);
#13449 = CARTESIAN_POINT('',(-0.600893340161,-2.951098846804,-12.5));
#13450 = LINE('',#13451,#13452);
#13451 = CARTESIAN_POINT('',(-0.600893340161,-2.951098846804,-12.5));
#13452 = VECTOR('',#13453,1.);
#13453 = DIRECTION('',(-1.,0.,0.));
#13454 = ORIENTED_EDGE('',*,*,#13455,.F.);
#13455 = EDGE_CURVE('',#13456,#13448,#13458,.T.);
#13456 = VERTEX_POINT('',#13457);
#13457 = CARTESIAN_POINT('',(-0.600893340161,2.951098846804,-12.5));
#13458 = LINE('',#13459,#13460);
#13459 = CARTESIAN_POINT('',(-0.600893340161,2.951098846804,-12.5));
#13460 = VECTOR('',#13461,1.);
#13461 = DIRECTION('',(0.,-1.,0.));
#13462 = ORIENTED_EDGE('',*,*,#13463,.F.);
#13463 = EDGE_CURVE('',#13440,#13456,#13464,.T.);
#13464 = LINE('',#13465,#13466);
#13465 = CARTESIAN_POINT('',(-6.50309103377,2.951098846804,-12.5));
#13466 = VECTOR('',#13467,1.);
#13467 = DIRECTION('',(1.,0.,0.));
#13468 = FACE_BOUND('',#13469,.F.);
#13469 = EDGE_LOOP('',(#13470));
#13470 = ORIENTED_EDGE('',*,*,#13201,.F.);
#13471 = PLANE('',#13472);
#13472 = AXIS2_PLACEMENT_3D('',#13473,#13474,#13475);
#13473 = CARTESIAN_POINT('',(-0.446843089419,1.881227804553E-14,-12.5));
#13474 = DIRECTION('',(0.,0.,1.));
#13475 = DIRECTION('',(1.,0.,0.));
#13476 = ADVANCED_FACE('',(#13477,#13512),#13515,.F.);
#13477 = FACE_BOUND('',#13478,.F.);
#13478 = EDGE_LOOP('',(#13479,#13489,#13498,#13506));
#13479 = ORIENTED_EDGE('',*,*,#13480,.F.);
#13480 = EDGE_CURVE('',#13481,#13483,#13485,.T.);
#13481 = VERTEX_POINT('',#13482);
#13482 = CARTESIAN_POINT('',(3.642314647124,-2.951098846804,-12.5));
#13483 = VERTEX_POINT('',#13484);
#13484 = CARTESIAN_POINT('',(0.658095,-2.951098846804,-12.5));
#13485 = LINE('',#13486,#13487);
#13486 = CARTESIAN_POINT('',(3.642314647124,-2.951098846804,-12.5));
#13487 = VECTOR('',#13488,1.);
#13488 = DIRECTION('',(-1.,0.,0.));
#13489 = ORIENTED_EDGE('',*,*,#13490,.F.);
#13490 = EDGE_CURVE('',#13491,#13481,#13493,.T.);
#13491 = VERTEX_POINT('',#13492);
#13492 = CARTESIAN_POINT('',(3.642314647126,2.951098846804,-12.5));
#13493 = CIRCLE('',#13494,2.951098846804);
#13494 = AXIS2_PLACEMENT_3D('',#13495,#13496,#13497);
#13495 = CARTESIAN_POINT('',(3.642314647126,0.,-12.5));
#13496 = DIRECTION('',(0.,0.,-1.));
#13497 = DIRECTION('',(1.,0.,0.));
#13498 = ORIENTED_EDGE('',*,*,#13499,.F.);
#13499 = EDGE_CURVE('',#13500,#13491,#13502,.T.);
#13500 = VERTEX_POINT('',#13501);
#13501 = CARTESIAN_POINT('',(0.658095,2.951098846804,-12.5));
#13502 = LINE('',#13503,#13504);
#13503 = CARTESIAN_POINT('',(0.658095,2.951098846804,-12.5));
#13504 = VECTOR('',#13505,1.);
#13505 = DIRECTION('',(1.,0.,0.));
#13506 = ORIENTED_EDGE('',*,*,#13507,.F.);
#13507 = EDGE_CURVE('',#13483,#13500,#13508,.T.);
#13508 = LINE('',#13509,#13510);
#13509 = CARTESIAN_POINT('',(0.658095,-2.951098846804,-12.5));
#13510 = VECTOR('',#13511,1.);
#13511 = DIRECTION('',(0.,1.,0.));
#13512 = FACE_BOUND('',#13513,.F.);
#13513 = EDGE_LOOP('',(#13514));
#13514 = ORIENTED_EDGE('',*,*,#13226,.F.);
#13515 = PLANE('',#13516);
#13516 = AXIS2_PLACEMENT_3D('',#13517,#13518,#13519);
#13517 = CARTESIAN_POINT('',(-0.446843089419,1.881227804553E-14,-12.5));
#13518 = DIRECTION('',(0.,0.,1.));
#13519 = DIRECTION('',(1.,0.,0.));
#13520 = ADVANCED_FACE('',(#13521,#13573),#13581,.T.);
#13521 = FACE_BOUND('',#13522,.T.);
#13522 = EDGE_LOOP('',(#13523,#13533,#13541,#13550,#13558,#13567));
#13523 = ORIENTED_EDGE('',*,*,#13524,.T.);
#13524 = EDGE_CURVE('',#13525,#13527,#13529,.T.);
#13525 = VERTEX_POINT('',#13526);
#13526 = CARTESIAN_POINT('',(-9.4,5.85,-11.9));
#13527 = VERTEX_POINT('',#13528);
#13528 = CARTESIAN_POINT('',(-9.4,-5.85,-11.9));
#13529 = LINE('',#13530,#13531);
#13530 = CARTESIAN_POINT('',(-9.4,5.85,-11.9));
#13531 = VECTOR('',#13532,1.);
#13532 = DIRECTION('',(0.,-1.,0.));
#13533 = ORIENTED_EDGE('',*,*,#13534,.T.);
#13534 = EDGE_CURVE('',#13527,#13535,#13537,.T.);
#13535 = VERTEX_POINT('',#13536);
#13536 = CARTESIAN_POINT('',(6.899999999996,-5.85,-11.9));
#13537 = LINE('',#13538,#13539);
#13538 = CARTESIAN_POINT('',(-9.4,-5.85,-11.9));
#13539 = VECTOR('',#13540,1.);
#13540 = DIRECTION('',(1.,0.,0.));
#13541 = ORIENTED_EDGE('',*,*,#13542,.T.);
#13542 = EDGE_CURVE('',#13535,#13543,#13545,.T.);
#13543 = VERTEX_POINT('',#13544);
#13544 = CARTESIAN_POINT('',(9.399999999996,-3.350000000002,-11.9));
#13545 = CIRCLE('',#13546,2.5);
#13546 = AXIS2_PLACEMENT_3D('',#13547,#13548,#13549);
#13547 = CARTESIAN_POINT('',(6.899999999996,-3.35,-11.9));
#13548 = DIRECTION('',(0.,0.,1.));
#13549 = DIRECTION('',(1.,0.,0.));
#13550 = ORIENTED_EDGE('',*,*,#13551,.T.);
#13551 = EDGE_CURVE('',#13543,#13552,#13554,.T.);
#13552 = VERTEX_POINT('',#13553);
#13553 = CARTESIAN_POINT('',(9.399999999998,3.35,-11.9));
#13554 = LINE('',#13555,#13556);
#13555 = CARTESIAN_POINT('',(9.399999999996,-3.350000000002,-11.9));
#13556 = VECTOR('',#13557,1.);
#13557 = DIRECTION('',(0.,1.,0.));
#13558 = ORIENTED_EDGE('',*,*,#13559,.T.);
#13559 = EDGE_CURVE('',#13552,#13560,#13562,.T.);
#13560 = VERTEX_POINT('',#13561);
#13561 = CARTESIAN_POINT('',(6.9,5.85,-11.9));
#13562 = CIRCLE('',#13563,2.5);
#13563 = AXIS2_PLACEMENT_3D('',#13564,#13565,#13566);
#13564 = CARTESIAN_POINT('',(6.9,3.35,-11.9));
#13565 = DIRECTION('',(0.,0.,1.));
#13566 = DIRECTION('',(1.,0.,0.));
#13567 = ORIENTED_EDGE('',*,*,#13568,.T.);
#13568 = EDGE_CURVE('',#13560,#13525,#13569,.T.);
#13569 = LINE('',#13570,#13571);
#13570 = CARTESIAN_POINT('',(6.9,5.85,-11.9));
#13571 = VECTOR('',#13572,1.);
#13572 = DIRECTION('',(-1.,0.,0.));
#13573 = FACE_BOUND('',#13574,.F.);
#13574 = EDGE_LOOP('',(#13575,#13576,#13577,#13578,#13579,#13580));
#13575 = ORIENTED_EDGE('',*,*,#13281,.T.);
#13576 = ORIENTED_EDGE('',*,*,#13305,.T.);
#13577 = ORIENTED_EDGE('',*,*,#13329,.T.);
#13578 = ORIENTED_EDGE('',*,*,#13354,.T.);
#13579 = ORIENTED_EDGE('',*,*,#13378,.T.);
#13580 = ORIENTED_EDGE('',*,*,#13403,.T.);
#13581 = PLANE('',#13582);
#13582 = AXIS2_PLACEMENT_3D('',#13583,#13584,#13585);
#13583 = CARTESIAN_POINT('',(-0.274522377358,3.971897089961E-13,-11.9));
#13584 = DIRECTION('',(0.,0.,1.));
#13585 = DIRECTION('',(1.,0.,0.));
#13586 = ADVANCED_FACE('',(#13587),#13612,.F.);
#13587 = FACE_BOUND('',#13588,.F.);
#13588 = EDGE_LOOP('',(#13589,#13597,#13598,#13606));
#13589 = ORIENTED_EDGE('',*,*,#13590,.T.);
#13590 = EDGE_CURVE('',#13591,#13438,#13593,.T.);
#13591 = VERTEX_POINT('',#13592);
#13592 = CARTESIAN_POINT('',(-6.50309103377,-2.951098846804,-15.5));
#13593 = LINE('',#13594,#13595);
#13594 = CARTESIAN_POINT('',(-6.50309103377,-2.951098846804,-15.5));
#13595 = VECTOR('',#13596,1.);
#13596 = DIRECTION('',(0.,0.,1.));
#13597 = ORIENTED_EDGE('',*,*,#13437,.T.);
#13598 = ORIENTED_EDGE('',*,*,#13599,.F.);
#13599 = EDGE_CURVE('',#13600,#13440,#13602,.T.);
#13600 = VERTEX_POINT('',#13601);
#13601 = CARTESIAN_POINT('',(-6.50309103377,2.951098846804,-15.5));
#13602 = LINE('',#13603,#13604);
#13603 = CARTESIAN_POINT('',(-6.50309103377,2.951098846804,-15.5));
#13604 = VECTOR('',#13605,1.);
#13605 = DIRECTION('',(0.,0.,1.));
#13606 = ORIENTED_EDGE('',*,*,#13607,.F.);
#13607 = EDGE_CURVE('',#13591,#13600,#13608,.T.);
#13608 = LINE('',#13609,#13610);
#13609 = CARTESIAN_POINT('',(-6.50309103377,-2.951098846804,-15.5));
#13610 = VECTOR('',#13611,1.);
#13611 = DIRECTION('',(0.,1.,0.));
#13612 = PLANE('',#13613);
#13613 = AXIS2_PLACEMENT_3D('',#13614,#13615,#13616);
#13614 = CARTESIAN_POINT('',(-6.50309103377,-2.951098846804,-15.5));
#13615 = DIRECTION('',(-1.,0.,0.));
#13616 = DIRECTION('',(0.,1.,0.));
#13617 = ADVANCED_FACE('',(#13618),#13636,.F.);
#13618 = FACE_BOUND('',#13619,.F.);
#13619 = EDGE_LOOP('',(#13620,#13628,#13629,#13630));
#13620 = ORIENTED_EDGE('',*,*,#13621,.T.);
#13621 = EDGE_CURVE('',#13622,#13448,#13624,.T.);
#13622 = VERTEX_POINT('',#13623);
#13623 = CARTESIAN_POINT('',(-0.600893340161,-2.951098846804,-15.5));
#13624 = LINE('',#13625,#13626);
#13625 = CARTESIAN_POINT('',(-0.600893340161,-2.951098846804,-15.5));
#13626 = VECTOR('',#13627,1.);
#13627 = DIRECTION('',(0.,0.,1.));
#13628 = ORIENTED_EDGE('',*,*,#13447,.T.);
#13629 = ORIENTED_EDGE('',*,*,#13590,.F.);
#13630 = ORIENTED_EDGE('',*,*,#13631,.F.);
#13631 = EDGE_CURVE('',#13622,#13591,#13632,.T.);
#13632 = LINE('',#13633,#13634);
#13633 = CARTESIAN_POINT('',(-0.600893340161,-2.951098846804,-15.5));
#13634 = VECTOR('',#13635,1.);
#13635 = DIRECTION('',(-1.,0.,0.));
#13636 = PLANE('',#13637);
#13637 = AXIS2_PLACEMENT_3D('',#13638,#13639,#13640);
#13638 = CARTESIAN_POINT('',(-0.600893340161,-2.951098846804,-15.5));
#13639 = DIRECTION('',(0.,-1.,0.));
#13640 = DIRECTION('',(-1.,0.,0.));
#13641 = ADVANCED_FACE('',(#13642),#13660,.F.);
#13642 = FACE_BOUND('',#13643,.F.);
#13643 = EDGE_LOOP('',(#13644,#13645,#13646,#13654));
#13644 = ORIENTED_EDGE('',*,*,#13599,.T.);
#13645 = ORIENTED_EDGE('',*,*,#13463,.T.);
#13646 = ORIENTED_EDGE('',*,*,#13647,.F.);
#13647 = EDGE_CURVE('',#13648,#13456,#13650,.T.);
#13648 = VERTEX_POINT('',#13649);
#13649 = CARTESIAN_POINT('',(-0.600893340161,2.951098846804,-15.5));
#13650 = LINE('',#13651,#13652);
#13651 = CARTESIAN_POINT('',(-0.600893340161,2.951098846804,-15.5));
#13652 = VECTOR('',#13653,1.);
#13653 = DIRECTION('',(0.,0.,1.));
#13654 = ORIENTED_EDGE('',*,*,#13655,.F.);
#13655 = EDGE_CURVE('',#13600,#13648,#13656,.T.);
#13656 = LINE('',#13657,#13658);
#13657 = CARTESIAN_POINT('',(-6.50309103377,2.951098846804,-15.5));
#13658 = VECTOR('',#13659,1.);
#13659 = DIRECTION('',(1.,0.,0.));
#13660 = PLANE('',#13661);
#13661 = AXIS2_PLACEMENT_3D('',#13662,#13663,#13664);
#13662 = CARTESIAN_POINT('',(-6.50309103377,2.951098846804,-15.5));
#13663 = DIRECTION('',(0.,1.,0.));
#13664 = DIRECTION('',(1.,0.,0.));
#13665 = ADVANCED_FACE('',(#13666),#13677,.F.);
#13666 = FACE_BOUND('',#13667,.F.);
#13667 = EDGE_LOOP('',(#13668,#13669,#13670,#13671));
#13668 = ORIENTED_EDGE('',*,*,#13647,.T.);
#13669 = ORIENTED_EDGE('',*,*,#13455,.T.);
#13670 = ORIENTED_EDGE('',*,*,#13621,.F.);
#13671 = ORIENTED_EDGE('',*,*,#13672,.F.);
#13672 = EDGE_CURVE('',#13648,#13622,#13673,.T.);
#13673 = LINE('',#13674,#13675);
#13674 = CARTESIAN_POINT('',(-0.600893340161,2.951098846804,-15.5));
#13675 = VECTOR('',#13676,1.);
#13676 = DIRECTION('',(0.,-1.,0.));
#13677 = PLANE('',#13678);
#13678 = AXIS2_PLACEMENT_3D('',#13679,#13680,#13681);
#13679 = CARTESIAN_POINT('',(-0.600893340161,2.951098846804,-15.5));
#13680 = DIRECTION('',(1.,0.,0.));
#13681 = DIRECTION('',(0.,-1.,0.));
#13682 = ADVANCED_FACE('',(#13683),#13708,.F.);
#13683 = FACE_BOUND('',#13684,.F.);
#13684 = EDGE_LOOP('',(#13685,#13693,#13694,#13702));
#13685 = ORIENTED_EDGE('',*,*,#13686,.T.);
#13686 = EDGE_CURVE('',#13687,#13481,#13689,.T.);
#13687 = VERTEX_POINT('',#13688);
#13688 = CARTESIAN_POINT('',(3.642314647124,-2.951098846804,-15.5));
#13689 = LINE('',#13690,#13691);
#13690 = CARTESIAN_POINT('',(3.642314647124,-2.951098846804,-15.5));
#13691 = VECTOR('',#13692,1.);
#13692 = DIRECTION('',(0.,0.,1.));
#13693 = ORIENTED_EDGE('',*,*,#13480,.T.);
#13694 = ORIENTED_EDGE('',*,*,#13695,.F.);
#13695 = EDGE_CURVE('',#13696,#13483,#13698,.T.);
#13696 = VERTEX_POINT('',#13697);
#13697 = CARTESIAN_POINT('',(0.658095,-2.951098846804,-15.5));
#13698 = LINE('',#13699,#13700);
#13699 = CARTESIAN_POINT('',(0.658095,-2.951098846804,-15.5));
#13700 = VECTOR('',#13701,1.);
#13701 = DIRECTION('',(0.,0.,1.));
#13702 = ORIENTED_EDGE('',*,*,#13703,.F.);
#13703 = EDGE_CURVE('',#13687,#13696,#13704,.T.);
#13704 = LINE('',#13705,#13706);
#13705 = CARTESIAN_POINT('',(3.642314647124,-2.951098846804,-15.5));
#13706 = VECTOR('',#13707,1.);
#13707 = DIRECTION('',(-1.,0.,0.));
#13708 = PLANE('',#13709);
#13709 = AXIS2_PLACEMENT_3D('',#13710,#13711,#13712);
#13710 = CARTESIAN_POINT('',(3.642314647124,-2.951098846804,-15.5));
#13711 = DIRECTION('',(0.,-1.,0.));
#13712 = DIRECTION('',(-1.,0.,0.));
#13713 = ADVANCED_FACE('',(#13714),#13733,.F.);
#13714 = FACE_BOUND('',#13715,.F.);
#13715 = EDGE_LOOP('',(#13716,#13724,#13725,#13726));
#13716 = ORIENTED_EDGE('',*,*,#13717,.T.);
#13717 = EDGE_CURVE('',#13718,#13491,#13720,.T.);
#13718 = VERTEX_POINT('',#13719);
#13719 = CARTESIAN_POINT('',(3.642314647126,2.951098846804,-15.5));
#13720 = LINE('',#13721,#13722);
#13721 = CARTESIAN_POINT('',(3.642314647126,2.951098846804,-15.5));
#13722 = VECTOR('',#13723,1.);
#13723 = DIRECTION('',(0.,0.,1.));
#13724 = ORIENTED_EDGE('',*,*,#13490,.T.);
#13725 = ORIENTED_EDGE('',*,*,#13686,.F.);
#13726 = ORIENTED_EDGE('',*,*,#13727,.F.);
#13727 = EDGE_CURVE('',#13718,#13687,#13728,.T.);
#13728 = CIRCLE('',#13729,2.951098846804);
#13729 = AXIS2_PLACEMENT_3D('',#13730,#13731,#13732);
#13730 = CARTESIAN_POINT('',(3.642314647126,0.,-15.5));
#13731 = DIRECTION('',(0.,0.,-1.));
#13732 = DIRECTION('',(1.,0.,0.));
#13733 = CYLINDRICAL_SURFACE('',#13734,2.951098846804);
#13734 = AXIS2_PLACEMENT_3D('',#13735,#13736,#13737);
#13735 = CARTESIAN_POINT('',(3.642314647126,0.,-15.5));
#13736 = DIRECTION('',(0.,0.,-1.));
#13737 = DIRECTION('',(1.,0.,0.));
#13738 = ADVANCED_FACE('',(#13739),#13757,.F.);
#13739 = FACE_BOUND('',#13740,.F.);
#13740 = EDGE_LOOP('',(#13741,#13742,#13743,#13751));
#13741 = ORIENTED_EDGE('',*,*,#13695,.T.);
#13742 = ORIENTED_EDGE('',*,*,#13507,.T.);
#13743 = ORIENTED_EDGE('',*,*,#13744,.F.);
#13744 = EDGE_CURVE('',#13745,#13500,#13747,.T.);
#13745 = VERTEX_POINT('',#13746);
#13746 = CARTESIAN_POINT('',(0.658095,2.951098846804,-15.5));
#13747 = LINE('',#13748,#13749);
#13748 = CARTESIAN_POINT('',(0.658095,2.951098846804,-15.5));
#13749 = VECTOR('',#13750,1.);
#13750 = DIRECTION('',(0.,0.,1.));
#13751 = ORIENTED_EDGE('',*,*,#13752,.F.);
#13752 = EDGE_CURVE('',#13696,#13745,#13753,.T.);
#13753 = LINE('',#13754,#13755);
#13754 = CARTESIAN_POINT('',(0.658095,-2.951098846804,-15.5));
#13755 = VECTOR('',#13756,1.);
#13756 = DIRECTION('',(0.,1.,0.));
#13757 = PLANE('',#13758);
#13758 = AXIS2_PLACEMENT_3D('',#13759,#13760,#13761);
#13759 = CARTESIAN_POINT('',(0.658095,-2.951098846804,-15.5));
#13760 = DIRECTION('',(-1.,0.,0.));
#13761 = DIRECTION('',(0.,1.,0.));
#13762 = ADVANCED_FACE('',(#13763),#13774,.F.);
#13763 = FACE_BOUND('',#13764,.F.);
#13764 = EDGE_LOOP('',(#13765,#13766,#13767,#13768));
#13765 = ORIENTED_EDGE('',*,*,#13744,.T.);
#13766 = ORIENTED_EDGE('',*,*,#13499,.T.);
#13767 = ORIENTED_EDGE('',*,*,#13717,.F.);
#13768 = ORIENTED_EDGE('',*,*,#13769,.F.);
#13769 = EDGE_CURVE('',#13745,#13718,#13770,.T.);
#13770 = LINE('',#13771,#13772);
#13771 = CARTESIAN_POINT('',(0.658095,2.951098846804,-15.5));
#13772 = VECTOR('',#13773,1.);
#13773 = DIRECTION('',(1.,0.,0.));
#13774 = PLANE('',#13775);
#13775 = AXIS2_PLACEMENT_3D('',#13776,#13777,#13778);
#13776 = CARTESIAN_POINT('',(0.658095,2.951098846804,-15.5));
#13777 = DIRECTION('',(0.,1.,0.));
#13778 = DIRECTION('',(1.,0.,0.));
#13779 = ADVANCED_FACE('',(#13780,#13805),#13903,.T.);
#13780 = FACE_BOUND('',#13781,.T.);
#13781 = EDGE_LOOP('',(#13782,#13783,#13791,#13799));
#13782 = ORIENTED_EDGE('',*,*,#13524,.F.);
#13783 = ORIENTED_EDGE('',*,*,#13784,.T.);
#13784 = EDGE_CURVE('',#13525,#13785,#13787,.T.);
#13785 = VERTEX_POINT('',#13786);
#13786 = CARTESIAN_POINT('',(-9.4,5.85,-15.5));
#13787 = LINE('',#13788,#13789);
#13788 = CARTESIAN_POINT('',(-9.4,5.85,-1.));
#13789 = VECTOR('',#13790,1.);
#13790 = DIRECTION('',(-0.,-0.,-1.));
#13791 = ORIENTED_EDGE('',*,*,#13792,.T.);
#13792 = EDGE_CURVE('',#13785,#13793,#13795,.T.);
#13793 = VERTEX_POINT('',#13794);
#13794 = CARTESIAN_POINT('',(-9.4,-5.85,-15.5));
#13795 = LINE('',#13796,#13797);
#13796 = CARTESIAN_POINT('',(-9.4,5.85,-15.5));
#13797 = VECTOR('',#13798,1.);
#13798 = DIRECTION('',(0.,-1.,0.));
#13799 = ORIENTED_EDGE('',*,*,#13800,.F.);
#13800 = EDGE_CURVE('',#13527,#13793,#13801,.T.);
#13801 = LINE('',#13802,#13803);
#13802 = CARTESIAN_POINT('',(-9.4,-5.85,-1.));
#13803 = VECTOR('',#13804,1.);
#13804 = DIRECTION('',(-0.,-0.,-1.));
#13805 = FACE_BOUND('',#13806,.T.);
#13806 = EDGE_LOOP('',(#13807,#13817,#13825,#13833,#13841,#13849,#13857,
    #13865,#13873,#13881,#13889,#13897));
#13807 = ORIENTED_EDGE('',*,*,#13808,.T.);
#13808 = EDGE_CURVE('',#13809,#13811,#13813,.T.);
#13809 = VERTEX_POINT('',#13810);
#13810 = CARTESIAN_POINT('',(-9.4,0.188393107554,-13.52317564213));
#13811 = VERTEX_POINT('',#13812);
#13812 = CARTESIAN_POINT('',(-9.4,0.188393107554,-12.8612613057));
#13813 = LINE('',#13814,#13815);
#13814 = CARTESIAN_POINT('',(-9.4,0.188393107554,-13.52317564213));
#13815 = VECTOR('',#13816,1.);
#13816 = DIRECTION('',(0.,0.,1.));
#13817 = ORIENTED_EDGE('',*,*,#13818,.T.);
#13818 = EDGE_CURVE('',#13811,#13819,#13821,.T.);
#13819 = VERTEX_POINT('',#13820);
#13820 = CARTESIAN_POINT('',(-9.4,-0.188393107554,-12.8612613057));
#13821 = LINE('',#13822,#13823);
#13822 = CARTESIAN_POINT('',(-9.4,0.188393107554,-12.8612613057));
#13823 = VECTOR('',#13824,1.);
#13824 = DIRECTION('',(0.,-1.,0.));
#13825 = ORIENTED_EDGE('',*,*,#13826,.T.);
#13826 = EDGE_CURVE('',#13819,#13827,#13829,.T.);
#13827 = VERTEX_POINT('',#13828);
#13828 = CARTESIAN_POINT('',(-9.4,-0.188393107554,-13.52317564213));
#13829 = LINE('',#13830,#13831);
#13830 = CARTESIAN_POINT('',(-9.4,-0.188393107554,-12.8612613057));
#13831 = VECTOR('',#13832,1.);
#13832 = DIRECTION('',(0.,0.,-1.));
#13833 = ORIENTED_EDGE('',*,*,#13834,.T.);
#13834 = EDGE_CURVE('',#13827,#13835,#13837,.T.);
#13835 = VERTEX_POINT('',#13836);
#13836 = CARTESIAN_POINT('',(-9.4,-0.850307443981,-13.52317564213));
#13837 = LINE('',#13838,#13839);
#13838 = CARTESIAN_POINT('',(-9.4,-0.188393107554,-13.52317564213));
#13839 = VECTOR('',#13840,1.);
#13840 = DIRECTION('',(0.,-1.,0.));
#13841 = ORIENTED_EDGE('',*,*,#13842,.T.);
#13842 = EDGE_CURVE('',#13835,#13843,#13845,.T.);
#13843 = VERTEX_POINT('',#13844);
#13844 = CARTESIAN_POINT('',(-9.4,-0.850307443981,-13.89996185724));
#13845 = LINE('',#13846,#13847);
#13846 = CARTESIAN_POINT('',(-9.4,-0.850307443981,-13.52317564213));
#13847 = VECTOR('',#13848,1.);
#13848 = DIRECTION('',(0.,0.,-1.));
#13849 = ORIENTED_EDGE('',*,*,#13850,.T.);
#13850 = EDGE_CURVE('',#13843,#13851,#13853,.T.);
#13851 = VERTEX_POINT('',#13852);
#13852 = CARTESIAN_POINT('',(-9.4,-0.188393107554,-13.89996185724));
#13853 = LINE('',#13854,#13855);
#13854 = CARTESIAN_POINT('',(-9.4,-0.850307443981,-13.89996185724));
#13855 = VECTOR('',#13856,1.);
#13856 = DIRECTION('',(0.,1.,0.));
#13857 = ORIENTED_EDGE('',*,*,#13858,.T.);
#13858 = EDGE_CURVE('',#13851,#13859,#13861,.T.);
#13859 = VERTEX_POINT('',#13860);
#13860 = CARTESIAN_POINT('',(-9.4,-0.188393107554,-14.56187619367));
#13861 = LINE('',#13862,#13863);
#13862 = CARTESIAN_POINT('',(-9.4,-0.188393107554,-13.89996185724));
#13863 = VECTOR('',#13864,1.);
#13864 = DIRECTION('',(0.,0.,-1.));
#13865 = ORIENTED_EDGE('',*,*,#13866,.T.);
#13866 = EDGE_CURVE('',#13859,#13867,#13869,.T.);
#13867 = VERTEX_POINT('',#13868);
#13868 = CARTESIAN_POINT('',(-9.4,0.188393107554,-14.56187619367));
#13869 = LINE('',#13870,#13871);
#13870 = CARTESIAN_POINT('',(-9.4,-0.188393107554,-14.56187619367));
#13871 = VECTOR('',#13872,1.);
#13872 = DIRECTION('',(0.,1.,0.));
#13873 = ORIENTED_EDGE('',*,*,#13874,.T.);
#13874 = EDGE_CURVE('',#13867,#13875,#13877,.T.);
#13875 = VERTEX_POINT('',#13876);
#13876 = CARTESIAN_POINT('',(-9.4,0.188393107554,-13.89996185724));
#13877 = LINE('',#13878,#13879);
#13878 = CARTESIAN_POINT('',(-9.4,0.188393107554,-14.56187619367));
#13879 = VECTOR('',#13880,1.);
#13880 = DIRECTION('',(0.,0.,1.));
#13881 = ORIENTED_EDGE('',*,*,#13882,.T.);
#13882 = EDGE_CURVE('',#13875,#13883,#13885,.T.);
#13883 = VERTEX_POINT('',#13884);
#13884 = CARTESIAN_POINT('',(-9.4,0.850307443989,-13.89996185724));
#13885 = LINE('',#13886,#13887);
#13886 = CARTESIAN_POINT('',(-9.4,0.188393107554,-13.89996185724));
#13887 = VECTOR('',#13888,1.);
#13888 = DIRECTION('',(0.,1.,0.));
#13889 = ORIENTED_EDGE('',*,*,#13890,.T.);
#13890 = EDGE_CURVE('',#13883,#13891,#13893,.T.);
#13891 = VERTEX_POINT('',#13892);
#13892 = CARTESIAN_POINT('',(-9.4,0.850307443989,-13.52317564213));
#13893 = LINE('',#13894,#13895);
#13894 = CARTESIAN_POINT('',(-9.4,0.850307443989,-13.89996185724));
#13895 = VECTOR('',#13896,1.);
#13896 = DIRECTION('',(0.,0.,1.));
#13897 = ORIENTED_EDGE('',*,*,#13898,.T.);
#13898 = EDGE_CURVE('',#13891,#13809,#13899,.T.);
#13899 = LINE('',#13900,#13901);
#13900 = CARTESIAN_POINT('',(-9.4,0.850307443989,-13.52317564213));
#13901 = VECTOR('',#13902,1.);
#13902 = DIRECTION('',(0.,-1.,0.));
#13903 = PLANE('',#13904);
#13904 = AXIS2_PLACEMENT_3D('',#13905,#13906,#13907);
#13905 = CARTESIAN_POINT('',(-9.4,5.85,-1.));
#13906 = DIRECTION('',(-1.,0.,0.));
#13907 = DIRECTION('',(0.,-1.,0.));
#13908 = ADVANCED_FACE('',(#13909),#13927,.T.);
#13909 = FACE_BOUND('',#13910,.T.);
#13910 = EDGE_LOOP('',(#13911,#13912,#13913,#13921));
#13911 = ORIENTED_EDGE('',*,*,#13534,.F.);
#13912 = ORIENTED_EDGE('',*,*,#13800,.T.);
#13913 = ORIENTED_EDGE('',*,*,#13914,.T.);
#13914 = EDGE_CURVE('',#13793,#13915,#13917,.T.);
#13915 = VERTEX_POINT('',#13916);
#13916 = CARTESIAN_POINT('',(6.899999999996,-5.85,-15.5));
#13917 = LINE('',#13918,#13919);
#13918 = CARTESIAN_POINT('',(-9.4,-5.85,-15.5));
#13919 = VECTOR('',#13920,1.);
#13920 = DIRECTION('',(1.,0.,0.));
#13921 = ORIENTED_EDGE('',*,*,#13922,.F.);
#13922 = EDGE_CURVE('',#13535,#13915,#13923,.T.);
#13923 = LINE('',#13924,#13925);
#13924 = CARTESIAN_POINT('',(6.899999999996,-5.85,-1.));
#13925 = VECTOR('',#13926,1.);
#13926 = DIRECTION('',(-0.,-0.,-1.));
#13927 = PLANE('',#13928);
#13928 = AXIS2_PLACEMENT_3D('',#13929,#13930,#13931);
#13929 = CARTESIAN_POINT('',(-9.4,-5.85,-1.));
#13930 = DIRECTION('',(0.,-1.,0.));
#13931 = DIRECTION('',(1.,0.,0.));
#13932 = ADVANCED_FACE('',(#13933),#13952,.T.);
#13933 = FACE_BOUND('',#13934,.T.);
#13934 = EDGE_LOOP('',(#13935,#13936,#13937,#13946));
#13935 = ORIENTED_EDGE('',*,*,#13542,.F.);
#13936 = ORIENTED_EDGE('',*,*,#13922,.T.);
#13937 = ORIENTED_EDGE('',*,*,#13938,.T.);
#13938 = EDGE_CURVE('',#13915,#13939,#13941,.T.);
#13939 = VERTEX_POINT('',#13940);
#13940 = CARTESIAN_POINT('',(9.399999999996,-3.350000000002,-15.5));
#13941 = CIRCLE('',#13942,2.5);
#13942 = AXIS2_PLACEMENT_3D('',#13943,#13944,#13945);
#13943 = CARTESIAN_POINT('',(6.899999999996,-3.35,-15.5));
#13944 = DIRECTION('',(0.,0.,1.));
#13945 = DIRECTION('',(1.,0.,0.));
#13946 = ORIENTED_EDGE('',*,*,#13947,.F.);
#13947 = EDGE_CURVE('',#13543,#13939,#13948,.T.);
#13948 = LINE('',#13949,#13950);
#13949 = CARTESIAN_POINT('',(9.399999999996,-3.350000000002,-1.));
#13950 = VECTOR('',#13951,1.);
#13951 = DIRECTION('',(-0.,-0.,-1.));
#13952 = CYLINDRICAL_SURFACE('',#13953,2.5);
#13953 = AXIS2_PLACEMENT_3D('',#13954,#13955,#13956);
#13954 = CARTESIAN_POINT('',(6.899999999996,-3.35,-1.));
#13955 = DIRECTION('',(0.,0.,1.));
#13956 = DIRECTION('',(1.,0.,0.));
#13957 = ADVANCED_FACE('',(#13958,#13976),#14010,.T.);
#13958 = FACE_BOUND('',#13959,.T.);
#13959 = EDGE_LOOP('',(#13960,#13961,#13962,#13970));
#13960 = ORIENTED_EDGE('',*,*,#13551,.F.);
#13961 = ORIENTED_EDGE('',*,*,#13947,.T.);
#13962 = ORIENTED_EDGE('',*,*,#13963,.T.);
#13963 = EDGE_CURVE('',#13939,#13964,#13966,.T.);
#13964 = VERTEX_POINT('',#13965);
#13965 = CARTESIAN_POINT('',(9.399999999998,3.35,-15.5));
#13966 = LINE('',#13967,#13968);
#13967 = CARTESIAN_POINT('',(9.399999999996,-3.350000000002,-15.5));
#13968 = VECTOR('',#13969,1.);
#13969 = DIRECTION('',(0.,1.,0.));
#13970 = ORIENTED_EDGE('',*,*,#13971,.F.);
#13971 = EDGE_CURVE('',#13552,#13964,#13972,.T.);
#13972 = LINE('',#13973,#13974);
#13973 = CARTESIAN_POINT('',(9.399999999998,3.35,-1.));
#13974 = VECTOR('',#13975,1.);
#13975 = DIRECTION('',(-0.,-0.,-1.));
#13976 = FACE_BOUND('',#13977,.T.);
#13977 = EDGE_LOOP('',(#13978,#13988,#13996,#14004));
#13978 = ORIENTED_EDGE('',*,*,#13979,.F.);
#13979 = EDGE_CURVE('',#13980,#13982,#13984,.T.);
#13980 = VERTEX_POINT('',#13981);
#13981 = CARTESIAN_POINT('',(9.399999999996,-0.874764,-13.561348));
#13982 = VERTEX_POINT('',#13983);
#13983 = CARTESIAN_POINT('',(9.399999999996,-0.874764,-13.908285));
#13984 = LINE('',#13985,#13986);
#13985 = CARTESIAN_POINT('',(9.399999999996,-0.874764,-13.561348));
#13986 = VECTOR('',#13987,1.);
#13987 = DIRECTION('',(0.,0.,-1.));
#13988 = ORIENTED_EDGE('',*,*,#13989,.F.);
#13989 = EDGE_CURVE('',#13990,#13980,#13992,.T.);
#13990 = VERTEX_POINT('',#13991);
#13991 = CARTESIAN_POINT('',(9.399999999996,0.874764,-13.561348));
#13992 = LINE('',#13993,#13994);
#13993 = CARTESIAN_POINT('',(9.399999999996,0.874764,-13.561348));
#13994 = VECTOR('',#13995,1.);
#13995 = DIRECTION('',(0.,-1.,0.));
#13996 = ORIENTED_EDGE('',*,*,#13997,.F.);
#13997 = EDGE_CURVE('',#13998,#13990,#14000,.T.);
#13998 = VERTEX_POINT('',#13999);
#13999 = CARTESIAN_POINT('',(9.399999999996,0.874764,-13.908285));
#14000 = LINE('',#14001,#14002);
#14001 = CARTESIAN_POINT('',(9.399999999996,0.874764,-13.908285));
#14002 = VECTOR('',#14003,1.);
#14003 = DIRECTION('',(0.,0.,1.));
#14004 = ORIENTED_EDGE('',*,*,#14005,.F.);
#14005 = EDGE_CURVE('',#13982,#13998,#14006,.T.);
#14006 = LINE('',#14007,#14008);
#14007 = CARTESIAN_POINT('',(9.399999999996,-0.874764,-13.908285));
#14008 = VECTOR('',#14009,1.);
#14009 = DIRECTION('',(0.,1.,0.));
#14010 = PLANE('',#14011);
#14011 = AXIS2_PLACEMENT_3D('',#14012,#14013,#14014);
#14012 = CARTESIAN_POINT('',(9.399999999996,-3.350000000002,-1.));
#14013 = DIRECTION('',(1.,0.,0.));
#14014 = DIRECTION('',(0.,1.,0.));
#14015 = ADVANCED_FACE('',(#14016),#14035,.T.);
#14016 = FACE_BOUND('',#14017,.T.);
#14017 = EDGE_LOOP('',(#14018,#14019,#14020,#14029));
#14018 = ORIENTED_EDGE('',*,*,#13559,.F.);
#14019 = ORIENTED_EDGE('',*,*,#13971,.T.);
#14020 = ORIENTED_EDGE('',*,*,#14021,.T.);
#14021 = EDGE_CURVE('',#13964,#14022,#14024,.T.);
#14022 = VERTEX_POINT('',#14023);
#14023 = CARTESIAN_POINT('',(6.9,5.85,-15.5));
#14024 = CIRCLE('',#14025,2.5);
#14025 = AXIS2_PLACEMENT_3D('',#14026,#14027,#14028);
#14026 = CARTESIAN_POINT('',(6.9,3.35,-15.5));
#14027 = DIRECTION('',(0.,0.,1.));
#14028 = DIRECTION('',(1.,0.,0.));
#14029 = ORIENTED_EDGE('',*,*,#14030,.F.);
#14030 = EDGE_CURVE('',#13560,#14022,#14031,.T.);
#14031 = LINE('',#14032,#14033);
#14032 = CARTESIAN_POINT('',(6.9,5.85,-1.));
#14033 = VECTOR('',#14034,1.);
#14034 = DIRECTION('',(-0.,-0.,-1.));
#14035 = CYLINDRICAL_SURFACE('',#14036,2.5);
#14036 = AXIS2_PLACEMENT_3D('',#14037,#14038,#14039);
#14037 = CARTESIAN_POINT('',(6.9,3.35,-1.));
#14038 = DIRECTION('',(0.,0.,1.));
#14039 = DIRECTION('',(1.,0.,0.));
#14040 = ADVANCED_FACE('',(#14041),#14052,.T.);
#14041 = FACE_BOUND('',#14042,.T.);
#14042 = EDGE_LOOP('',(#14043,#14044,#14045,#14051));
#14043 = ORIENTED_EDGE('',*,*,#13568,.F.);
#14044 = ORIENTED_EDGE('',*,*,#14030,.T.);
#14045 = ORIENTED_EDGE('',*,*,#14046,.T.);
#14046 = EDGE_CURVE('',#14022,#13785,#14047,.T.);
#14047 = LINE('',#14048,#14049);
#14048 = CARTESIAN_POINT('',(6.9,5.85,-15.5));
#14049 = VECTOR('',#14050,1.);
#14050 = DIRECTION('',(-1.,0.,0.));
#14051 = ORIENTED_EDGE('',*,*,#13784,.F.);
#14052 = PLANE('',#14053);
#14053 = AXIS2_PLACEMENT_3D('',#14054,#14055,#14056);
#14054 = CARTESIAN_POINT('',(6.9,5.85,-1.));
#14055 = DIRECTION('',(0.,1.,0.));
#14056 = DIRECTION('',(-1.,0.,0.));
#14057 = ADVANCED_FACE('',(#14058,#14066,#14072),#14078,.F.);
#14058 = FACE_BOUND('',#14059,.F.);
#14059 = EDGE_LOOP('',(#14060,#14061,#14062,#14063,#14064,#14065));
#14060 = ORIENTED_EDGE('',*,*,#13792,.T.);
#14061 = ORIENTED_EDGE('',*,*,#13914,.T.);
#14062 = ORIENTED_EDGE('',*,*,#13938,.T.);
#14063 = ORIENTED_EDGE('',*,*,#13963,.T.);
#14064 = ORIENTED_EDGE('',*,*,#14021,.T.);
#14065 = ORIENTED_EDGE('',*,*,#14046,.T.);
#14066 = FACE_BOUND('',#14067,.F.);
#14067 = EDGE_LOOP('',(#14068,#14069,#14070,#14071));
#14068 = ORIENTED_EDGE('',*,*,#13631,.T.);
#14069 = ORIENTED_EDGE('',*,*,#13607,.T.);
#14070 = ORIENTED_EDGE('',*,*,#13655,.T.);
#14071 = ORIENTED_EDGE('',*,*,#13672,.T.);
#14072 = FACE_BOUND('',#14073,.F.);
#14073 = EDGE_LOOP('',(#14074,#14075,#14076,#14077));
#14074 = ORIENTED_EDGE('',*,*,#13727,.T.);
#14075 = ORIENTED_EDGE('',*,*,#13703,.T.);
#14076 = ORIENTED_EDGE('',*,*,#13752,.T.);
#14077 = ORIENTED_EDGE('',*,*,#13769,.T.);
#14078 = PLANE('',#14079);
#14079 = AXIS2_PLACEMENT_3D('',#14080,#14081,#14082);
#14080 = CARTESIAN_POINT('',(-0.376083485787,4.108639203044E-13,-15.5));
#14081 = DIRECTION('',(0.,0.,1.));
#14082 = DIRECTION('',(1.,0.,0.));
#14083 = ADVANCED_FACE('',(#14084),#14109,.T.);
#14084 = FACE_BOUND('',#14085,.T.);
#14085 = EDGE_LOOP('',(#14086,#14094,#14102,#14108));
#14086 = ORIENTED_EDGE('',*,*,#14087,.T.);
#14087 = EDGE_CURVE('',#13809,#14088,#14090,.T.);
#14088 = VERTEX_POINT('',#14089);
#14089 = CARTESIAN_POINT('',(-9.6,0.188393107554,-13.52317564213));
#14090 = LINE('',#14091,#14092);
#14091 = CARTESIAN_POINT('',(-9.4,0.188393107554,-13.52317564213));
#14092 = VECTOR('',#14093,1.);
#14093 = DIRECTION('',(-1.,0.,0.));
#14094 = ORIENTED_EDGE('',*,*,#14095,.T.);
#14095 = EDGE_CURVE('',#14088,#14096,#14098,.T.);
#14096 = VERTEX_POINT('',#14097);
#14097 = CARTESIAN_POINT('',(-9.6,0.188393107554,-12.8612613057));
#14098 = LINE('',#14099,#14100);
#14099 = CARTESIAN_POINT('',(-9.6,0.188393107554,-13.52317564213));
#14100 = VECTOR('',#14101,1.);
#14101 = DIRECTION('',(0.,0.,1.));
#14102 = ORIENTED_EDGE('',*,*,#14103,.F.);
#14103 = EDGE_CURVE('',#13811,#14096,#14104,.T.);
#14104 = LINE('',#14105,#14106);
#14105 = CARTESIAN_POINT('',(-9.4,0.188393107554,-12.8612613057));
#14106 = VECTOR('',#14107,1.);
#14107 = DIRECTION('',(-1.,0.,0.));
#14108 = ORIENTED_EDGE('',*,*,#13808,.F.);
#14109 = PLANE('',#14110);
#14110 = AXIS2_PLACEMENT_3D('',#14111,#14112,#14113);
#14111 = CARTESIAN_POINT('',(-9.4,0.188393107554,-13.52317564213));
#14112 = DIRECTION('',(0.,1.,0.));
#14113 = DIRECTION('',(0.,0.,1.));
#14114 = ADVANCED_FACE('',(#14115),#14133,.T.);
#14115 = FACE_BOUND('',#14116,.T.);
#14116 = EDGE_LOOP('',(#14117,#14125,#14131,#14132));
#14117 = ORIENTED_EDGE('',*,*,#14118,.T.);
#14118 = EDGE_CURVE('',#13891,#14119,#14121,.T.);
#14119 = VERTEX_POINT('',#14120);
#14120 = CARTESIAN_POINT('',(-9.6,0.850307443989,-13.52317564213));
#14121 = LINE('',#14122,#14123);
#14122 = CARTESIAN_POINT('',(-9.4,0.850307443989,-13.52317564213));
#14123 = VECTOR('',#14124,1.);
#14124 = DIRECTION('',(-1.,0.,0.));
#14125 = ORIENTED_EDGE('',*,*,#14126,.T.);
#14126 = EDGE_CURVE('',#14119,#14088,#14127,.T.);
#14127 = LINE('',#14128,#14129);
#14128 = CARTESIAN_POINT('',(-9.6,0.850307443989,-13.52317564213));
#14129 = VECTOR('',#14130,1.);
#14130 = DIRECTION('',(0.,-1.,0.));
#14131 = ORIENTED_EDGE('',*,*,#14087,.F.);
#14132 = ORIENTED_EDGE('',*,*,#13898,.F.);
#14133 = PLANE('',#14134);
#14134 = AXIS2_PLACEMENT_3D('',#14135,#14136,#14137);
#14135 = CARTESIAN_POINT('',(-9.4,0.850307443989,-13.52317564213));
#14136 = DIRECTION('',(0.,0.,1.));
#14137 = DIRECTION('',(0.,-1.,0.));
#14138 = ADVANCED_FACE('',(#14139),#14157,.T.);
#14139 = FACE_BOUND('',#14140,.T.);
#14140 = EDGE_LOOP('',(#14141,#14149,#14155,#14156));
#14141 = ORIENTED_EDGE('',*,*,#14142,.T.);
#14142 = EDGE_CURVE('',#13883,#14143,#14145,.T.);
#14143 = VERTEX_POINT('',#14144);
#14144 = CARTESIAN_POINT('',(-9.6,0.850307443989,-13.89996185724));
#14145 = LINE('',#14146,#14147);
#14146 = CARTESIAN_POINT('',(-9.4,0.850307443989,-13.89996185724));
#14147 = VECTOR('',#14148,1.);
#14148 = DIRECTION('',(-1.,0.,0.));
#14149 = ORIENTED_EDGE('',*,*,#14150,.T.);
#14150 = EDGE_CURVE('',#14143,#14119,#14151,.T.);
#14151 = LINE('',#14152,#14153);
#14152 = CARTESIAN_POINT('',(-9.6,0.850307443989,-13.89996185724));
#14153 = VECTOR('',#14154,1.);
#14154 = DIRECTION('',(0.,0.,1.));
#14155 = ORIENTED_EDGE('',*,*,#14118,.F.);
#14156 = ORIENTED_EDGE('',*,*,#13890,.F.);
#14157 = PLANE('',#14158);
#14158 = AXIS2_PLACEMENT_3D('',#14159,#14160,#14161);
#14159 = CARTESIAN_POINT('',(-9.4,0.850307443989,-13.89996185724));
#14160 = DIRECTION('',(0.,1.,0.));
#14161 = DIRECTION('',(0.,0.,1.));
#14162 = ADVANCED_FACE('',(#14163),#14181,.T.);
#14163 = FACE_BOUND('',#14164,.T.);
#14164 = EDGE_LOOP('',(#14165,#14173,#14179,#14180));
#14165 = ORIENTED_EDGE('',*,*,#14166,.T.);
#14166 = EDGE_CURVE('',#13875,#14167,#14169,.T.);
#14167 = VERTEX_POINT('',#14168);
#14168 = CARTESIAN_POINT('',(-9.6,0.188393107554,-13.89996185724));
#14169 = LINE('',#14170,#14171);
#14170 = CARTESIAN_POINT('',(-9.4,0.188393107554,-13.89996185724));
#14171 = VECTOR('',#14172,1.);
#14172 = DIRECTION('',(-1.,0.,0.));
#14173 = ORIENTED_EDGE('',*,*,#14174,.T.);
#14174 = EDGE_CURVE('',#14167,#14143,#14175,.T.);
#14175 = LINE('',#14176,#14177);
#14176 = CARTESIAN_POINT('',(-9.6,0.188393107554,-13.89996185724));
#14177 = VECTOR('',#14178,1.);
#14178 = DIRECTION('',(0.,1.,0.));
#14179 = ORIENTED_EDGE('',*,*,#14142,.F.);
#14180 = ORIENTED_EDGE('',*,*,#13882,.F.);
#14181 = PLANE('',#14182);
#14182 = AXIS2_PLACEMENT_3D('',#14183,#14184,#14185);
#14183 = CARTESIAN_POINT('',(-9.4,0.188393107554,-13.89996185724));
#14184 = DIRECTION('',(0.,0.,-1.));
#14185 = DIRECTION('',(0.,1.,0.));
#14186 = ADVANCED_FACE('',(#14187),#14205,.T.);
#14187 = FACE_BOUND('',#14188,.T.);
#14188 = EDGE_LOOP('',(#14189,#14197,#14203,#14204));
#14189 = ORIENTED_EDGE('',*,*,#14190,.T.);
#14190 = EDGE_CURVE('',#13867,#14191,#14193,.T.);
#14191 = VERTEX_POINT('',#14192);
#14192 = CARTESIAN_POINT('',(-9.6,0.188393107554,-14.56187619367));
#14193 = LINE('',#14194,#14195);
#14194 = CARTESIAN_POINT('',(-9.4,0.188393107554,-14.56187619367));
#14195 = VECTOR('',#14196,1.);
#14196 = DIRECTION('',(-1.,0.,0.));
#14197 = ORIENTED_EDGE('',*,*,#14198,.T.);
#14198 = EDGE_CURVE('',#14191,#14167,#14199,.T.);
#14199 = LINE('',#14200,#14201);
#14200 = CARTESIAN_POINT('',(-9.6,0.188393107554,-14.56187619367));
#14201 = VECTOR('',#14202,1.);
#14202 = DIRECTION('',(0.,0.,1.));
#14203 = ORIENTED_EDGE('',*,*,#14166,.F.);
#14204 = ORIENTED_EDGE('',*,*,#13874,.F.);
#14205 = PLANE('',#14206);
#14206 = AXIS2_PLACEMENT_3D('',#14207,#14208,#14209);
#14207 = CARTESIAN_POINT('',(-9.4,0.188393107554,-14.56187619367));
#14208 = DIRECTION('',(0.,1.,0.));
#14209 = DIRECTION('',(0.,0.,1.));
#14210 = ADVANCED_FACE('',(#14211),#14229,.T.);
#14211 = FACE_BOUND('',#14212,.T.);
#14212 = EDGE_LOOP('',(#14213,#14221,#14227,#14228));
#14213 = ORIENTED_EDGE('',*,*,#14214,.T.);
#14214 = EDGE_CURVE('',#13859,#14215,#14217,.T.);
#14215 = VERTEX_POINT('',#14216);
#14216 = CARTESIAN_POINT('',(-9.6,-0.188393107554,-14.56187619367));
#14217 = LINE('',#14218,#14219);
#14218 = CARTESIAN_POINT('',(-9.4,-0.188393107554,-14.56187619367));
#14219 = VECTOR('',#14220,1.);
#14220 = DIRECTION('',(-1.,0.,0.));
#14221 = ORIENTED_EDGE('',*,*,#14222,.T.);
#14222 = EDGE_CURVE('',#14215,#14191,#14223,.T.);
#14223 = LINE('',#14224,#14225);
#14224 = CARTESIAN_POINT('',(-9.6,-0.188393107554,-14.56187619367));
#14225 = VECTOR('',#14226,1.);
#14226 = DIRECTION('',(0.,1.,0.));
#14227 = ORIENTED_EDGE('',*,*,#14190,.F.);
#14228 = ORIENTED_EDGE('',*,*,#13866,.F.);
#14229 = PLANE('',#14230);
#14230 = AXIS2_PLACEMENT_3D('',#14231,#14232,#14233);
#14231 = CARTESIAN_POINT('',(-9.4,-0.188393107554,-14.56187619367));
#14232 = DIRECTION('',(0.,0.,-1.));
#14233 = DIRECTION('',(0.,1.,0.));
#14234 = ADVANCED_FACE('',(#14235),#14253,.T.);
#14235 = FACE_BOUND('',#14236,.T.);
#14236 = EDGE_LOOP('',(#14237,#14245,#14251,#14252));
#14237 = ORIENTED_EDGE('',*,*,#14238,.T.);
#14238 = EDGE_CURVE('',#13851,#14239,#14241,.T.);
#14239 = VERTEX_POINT('',#14240);
#14240 = CARTESIAN_POINT('',(-9.6,-0.188393107554,-13.89996185724));
#14241 = LINE('',#14242,#14243);
#14242 = CARTESIAN_POINT('',(-9.4,-0.188393107554,-13.89996185724));
#14243 = VECTOR('',#14244,1.);
#14244 = DIRECTION('',(-1.,0.,0.));
#14245 = ORIENTED_EDGE('',*,*,#14246,.T.);
#14246 = EDGE_CURVE('',#14239,#14215,#14247,.T.);
#14247 = LINE('',#14248,#14249);
#14248 = CARTESIAN_POINT('',(-9.6,-0.188393107554,-13.89996185724));
#14249 = VECTOR('',#14250,1.);
#14250 = DIRECTION('',(0.,0.,-1.));
#14251 = ORIENTED_EDGE('',*,*,#14214,.F.);
#14252 = ORIENTED_EDGE('',*,*,#13858,.F.);
#14253 = PLANE('',#14254);
#14254 = AXIS2_PLACEMENT_3D('',#14255,#14256,#14257);
#14255 = CARTESIAN_POINT('',(-9.4,-0.188393107554,-13.89996185724));
#14256 = DIRECTION('',(-0.,-1.,-0.));
#14257 = DIRECTION('',(0.,0.,-1.));
#14258 = ADVANCED_FACE('',(#14259),#14277,.T.);
#14259 = FACE_BOUND('',#14260,.T.);
#14260 = EDGE_LOOP('',(#14261,#14269,#14275,#14276));
#14261 = ORIENTED_EDGE('',*,*,#14262,.T.);
#14262 = EDGE_CURVE('',#13843,#14263,#14265,.T.);
#14263 = VERTEX_POINT('',#14264);
#14264 = CARTESIAN_POINT('',(-9.6,-0.850307443981,-13.89996185724));
#14265 = LINE('',#14266,#14267);
#14266 = CARTESIAN_POINT('',(-9.4,-0.850307443981,-13.89996185724));
#14267 = VECTOR('',#14268,1.);
#14268 = DIRECTION('',(-1.,0.,0.));
#14269 = ORIENTED_EDGE('',*,*,#14270,.T.);
#14270 = EDGE_CURVE('',#14263,#14239,#14271,.T.);
#14271 = LINE('',#14272,#14273);
#14272 = CARTESIAN_POINT('',(-9.6,-0.850307443981,-13.89996185724));
#14273 = VECTOR('',#14274,1.);
#14274 = DIRECTION('',(0.,1.,0.));
#14275 = ORIENTED_EDGE('',*,*,#14238,.F.);
#14276 = ORIENTED_EDGE('',*,*,#13850,.F.);
#14277 = PLANE('',#14278);
#14278 = AXIS2_PLACEMENT_3D('',#14279,#14280,#14281);
#14279 = CARTESIAN_POINT('',(-9.4,-0.850307443981,-13.89996185724));
#14280 = DIRECTION('',(0.,0.,-1.));
#14281 = DIRECTION('',(0.,1.,0.));
#14282 = ADVANCED_FACE('',(#14283),#14301,.T.);
#14283 = FACE_BOUND('',#14284,.T.);
#14284 = EDGE_LOOP('',(#14285,#14293,#14299,#14300));
#14285 = ORIENTED_EDGE('',*,*,#14286,.T.);
#14286 = EDGE_CURVE('',#13835,#14287,#14289,.T.);
#14287 = VERTEX_POINT('',#14288);
#14288 = CARTESIAN_POINT('',(-9.6,-0.850307443981,-13.52317564213));
#14289 = LINE('',#14290,#14291);
#14290 = CARTESIAN_POINT('',(-9.4,-0.850307443981,-13.52317564213));
#14291 = VECTOR('',#14292,1.);
#14292 = DIRECTION('',(-1.,0.,0.));
#14293 = ORIENTED_EDGE('',*,*,#14294,.T.);
#14294 = EDGE_CURVE('',#14287,#14263,#14295,.T.);
#14295 = LINE('',#14296,#14297);
#14296 = CARTESIAN_POINT('',(-9.6,-0.850307443981,-13.52317564213));
#14297 = VECTOR('',#14298,1.);
#14298 = DIRECTION('',(0.,0.,-1.));
#14299 = ORIENTED_EDGE('',*,*,#14262,.F.);
#14300 = ORIENTED_EDGE('',*,*,#13842,.F.);
#14301 = PLANE('',#14302);
#14302 = AXIS2_PLACEMENT_3D('',#14303,#14304,#14305);
#14303 = CARTESIAN_POINT('',(-9.4,-0.850307443981,-13.52317564213));
#14304 = DIRECTION('',(-0.,-1.,-0.));
#14305 = DIRECTION('',(0.,0.,-1.));
#14306 = ADVANCED_FACE('',(#14307),#14325,.T.);
#14307 = FACE_BOUND('',#14308,.T.);
#14308 = EDGE_LOOP('',(#14309,#14317,#14323,#14324));
#14309 = ORIENTED_EDGE('',*,*,#14310,.T.);
#14310 = EDGE_CURVE('',#13827,#14311,#14313,.T.);
#14311 = VERTEX_POINT('',#14312);
#14312 = CARTESIAN_POINT('',(-9.6,-0.188393107554,-13.52317564213));
#14313 = LINE('',#14314,#14315);
#14314 = CARTESIAN_POINT('',(-9.4,-0.188393107554,-13.52317564213));
#14315 = VECTOR('',#14316,1.);
#14316 = DIRECTION('',(-1.,0.,0.));
#14317 = ORIENTED_EDGE('',*,*,#14318,.T.);
#14318 = EDGE_CURVE('',#14311,#14287,#14319,.T.);
#14319 = LINE('',#14320,#14321);
#14320 = CARTESIAN_POINT('',(-9.6,-0.188393107554,-13.52317564213));
#14321 = VECTOR('',#14322,1.);
#14322 = DIRECTION('',(0.,-1.,0.));
#14323 = ORIENTED_EDGE('',*,*,#14286,.F.);
#14324 = ORIENTED_EDGE('',*,*,#13834,.F.);
#14325 = PLANE('',#14326);
#14326 = AXIS2_PLACEMENT_3D('',#14327,#14328,#14329);
#14327 = CARTESIAN_POINT('',(-9.4,-0.188393107554,-13.52317564213));
#14328 = DIRECTION('',(0.,0.,1.));
#14329 = DIRECTION('',(0.,-1.,0.));
#14330 = ADVANCED_FACE('',(#14331),#14349,.T.);
#14331 = FACE_BOUND('',#14332,.T.);
#14332 = EDGE_LOOP('',(#14333,#14341,#14347,#14348));
#14333 = ORIENTED_EDGE('',*,*,#14334,.T.);
#14334 = EDGE_CURVE('',#13819,#14335,#14337,.T.);
#14335 = VERTEX_POINT('',#14336);
#14336 = CARTESIAN_POINT('',(-9.6,-0.188393107554,-12.8612613057));
#14337 = LINE('',#14338,#14339);
#14338 = CARTESIAN_POINT('',(-9.4,-0.188393107554,-12.8612613057));
#14339 = VECTOR('',#14340,1.);
#14340 = DIRECTION('',(-1.,0.,0.));
#14341 = ORIENTED_EDGE('',*,*,#14342,.T.);
#14342 = EDGE_CURVE('',#14335,#14311,#14343,.T.);
#14343 = LINE('',#14344,#14345);
#14344 = CARTESIAN_POINT('',(-9.6,-0.188393107554,-12.8612613057));
#14345 = VECTOR('',#14346,1.);
#14346 = DIRECTION('',(0.,0.,-1.));
#14347 = ORIENTED_EDGE('',*,*,#14310,.F.);
#14348 = ORIENTED_EDGE('',*,*,#13826,.F.);
#14349 = PLANE('',#14350);
#14350 = AXIS2_PLACEMENT_3D('',#14351,#14352,#14353);
#14351 = CARTESIAN_POINT('',(-9.4,-0.188393107554,-12.8612613057));
#14352 = DIRECTION('',(-0.,-1.,-0.));
#14353 = DIRECTION('',(0.,0.,-1.));
#14354 = ADVANCED_FACE('',(#14355),#14366,.T.);
#14355 = FACE_BOUND('',#14356,.T.);
#14356 = EDGE_LOOP('',(#14357,#14358,#14364,#14365));
#14357 = ORIENTED_EDGE('',*,*,#14103,.T.);
#14358 = ORIENTED_EDGE('',*,*,#14359,.T.);
#14359 = EDGE_CURVE('',#14096,#14335,#14360,.T.);
#14360 = LINE('',#14361,#14362);
#14361 = CARTESIAN_POINT('',(-9.6,0.188393107554,-12.8612613057));
#14362 = VECTOR('',#14363,1.);
#14363 = DIRECTION('',(0.,-1.,0.));
#14364 = ORIENTED_EDGE('',*,*,#14334,.F.);
#14365 = ORIENTED_EDGE('',*,*,#13818,.F.);
#14366 = PLANE('',#14367);
#14367 = AXIS2_PLACEMENT_3D('',#14368,#14369,#14370);
#14368 = CARTESIAN_POINT('',(-9.4,0.188393107554,-12.8612613057));
#14369 = DIRECTION('',(0.,0.,1.));
#14370 = DIRECTION('',(0.,-1.,0.));
#14371 = ADVANCED_FACE('',(#14372),#14397,.F.);
#14372 = FACE_BOUND('',#14373,.F.);
#14373 = EDGE_LOOP('',(#14374,#14382,#14390,#14396));
#14374 = ORIENTED_EDGE('',*,*,#14375,.T.);
#14375 = EDGE_CURVE('',#13980,#14376,#14378,.T.);
#14376 = VERTEX_POINT('',#14377);
#14377 = CARTESIAN_POINT('',(9.599999999996,-0.874764,-13.561348));
#14378 = LINE('',#14379,#14380);
#14379 = CARTESIAN_POINT('',(9.399999999996,-0.874764,-13.561348));
#14380 = VECTOR('',#14381,1.);
#14381 = DIRECTION('',(1.,0.,0.));
#14382 = ORIENTED_EDGE('',*,*,#14383,.T.);
#14383 = EDGE_CURVE('',#14376,#14384,#14386,.T.);
#14384 = VERTEX_POINT('',#14385);
#14385 = CARTESIAN_POINT('',(9.599999999996,-0.874764,-13.908285));
#14386 = LINE('',#14387,#14388);
#14387 = CARTESIAN_POINT('',(9.599999999996,-0.874764,-13.561348));
#14388 = VECTOR('',#14389,1.);
#14389 = DIRECTION('',(0.,0.,-1.));
#14390 = ORIENTED_EDGE('',*,*,#14391,.F.);
#14391 = EDGE_CURVE('',#13982,#14384,#14392,.T.);
#14392 = LINE('',#14393,#14394);
#14393 = CARTESIAN_POINT('',(9.399999999996,-0.874764,-13.908285));
#14394 = VECTOR('',#14395,1.);
#14395 = DIRECTION('',(1.,0.,0.));
#14396 = ORIENTED_EDGE('',*,*,#13979,.F.);
#14397 = PLANE('',#14398);
#14398 = AXIS2_PLACEMENT_3D('',#14399,#14400,#14401);
#14399 = CARTESIAN_POINT('',(9.399999999996,-0.874764,-13.561348));
#14400 = DIRECTION('',(0.,1.,0.));
#14401 = DIRECTION('',(0.,0.,-1.));
#14402 = ADVANCED_FACE('',(#14403),#14421,.F.);
#14403 = FACE_BOUND('',#14404,.F.);
#14404 = EDGE_LOOP('',(#14405,#14406,#14414,#14420));
#14405 = ORIENTED_EDGE('',*,*,#14391,.T.);
#14406 = ORIENTED_EDGE('',*,*,#14407,.T.);
#14407 = EDGE_CURVE('',#14384,#14408,#14410,.T.);
#14408 = VERTEX_POINT('',#14409);
#14409 = CARTESIAN_POINT('',(9.599999999996,0.874764,-13.908285));
#14410 = LINE('',#14411,#14412);
#14411 = CARTESIAN_POINT('',(9.599999999996,-0.874764,-13.908285));
#14412 = VECTOR('',#14413,1.);
#14413 = DIRECTION('',(0.,1.,0.));
#14414 = ORIENTED_EDGE('',*,*,#14415,.F.);
#14415 = EDGE_CURVE('',#13998,#14408,#14416,.T.);
#14416 = LINE('',#14417,#14418);
#14417 = CARTESIAN_POINT('',(9.399999999996,0.874764,-13.908285));
#14418 = VECTOR('',#14419,1.);
#14419 = DIRECTION('',(1.,0.,0.));
#14420 = ORIENTED_EDGE('',*,*,#14005,.F.);
#14421 = PLANE('',#14422);
#14422 = AXIS2_PLACEMENT_3D('',#14423,#14424,#14425);
#14423 = CARTESIAN_POINT('',(9.399999999996,-0.874764,-13.908285));
#14424 = DIRECTION('',(0.,0.,1.));
#14425 = DIRECTION('',(0.,1.,0.));
#14426 = ADVANCED_FACE('',(#14427),#14445,.F.);
#14427 = FACE_BOUND('',#14428,.F.);
#14428 = EDGE_LOOP('',(#14429,#14430,#14438,#14444));
#14429 = ORIENTED_EDGE('',*,*,#14415,.T.);
#14430 = ORIENTED_EDGE('',*,*,#14431,.T.);
#14431 = EDGE_CURVE('',#14408,#14432,#14434,.T.);
#14432 = VERTEX_POINT('',#14433);
#14433 = CARTESIAN_POINT('',(9.599999999996,0.874764,-13.561348));
#14434 = LINE('',#14435,#14436);
#14435 = CARTESIAN_POINT('',(9.599999999996,0.874764,-13.908285));
#14436 = VECTOR('',#14437,1.);
#14437 = DIRECTION('',(0.,0.,1.));
#14438 = ORIENTED_EDGE('',*,*,#14439,.F.);
#14439 = EDGE_CURVE('',#13990,#14432,#14440,.T.);
#14440 = LINE('',#14441,#14442);
#14441 = CARTESIAN_POINT('',(9.399999999996,0.874764,-13.561348));
#14442 = VECTOR('',#14443,1.);
#14443 = DIRECTION('',(1.,0.,0.));
#14444 = ORIENTED_EDGE('',*,*,#13997,.F.);
#14445 = PLANE('',#14446);
#14446 = AXIS2_PLACEMENT_3D('',#14447,#14448,#14449);
#14447 = CARTESIAN_POINT('',(9.399999999996,0.874764,-13.908285));
#14448 = DIRECTION('',(0.,-1.,0.));
#14449 = DIRECTION('',(0.,0.,1.));
#14450 = ADVANCED_FACE('',(#14451),#14462,.F.);
#14451 = FACE_BOUND('',#14452,.F.);
#14452 = EDGE_LOOP('',(#14453,#14454,#14460,#14461));
#14453 = ORIENTED_EDGE('',*,*,#14439,.T.);
#14454 = ORIENTED_EDGE('',*,*,#14455,.T.);
#14455 = EDGE_CURVE('',#14432,#14376,#14456,.T.);
#14456 = LINE('',#14457,#14458);
#14457 = CARTESIAN_POINT('',(9.599999999996,0.874764,-13.561348));
#14458 = VECTOR('',#14459,1.);
#14459 = DIRECTION('',(0.,-1.,0.));
#14460 = ORIENTED_EDGE('',*,*,#14375,.F.);
#14461 = ORIENTED_EDGE('',*,*,#13989,.F.);
#14462 = PLANE('',#14463);
#14463 = AXIS2_PLACEMENT_3D('',#14464,#14465,#14466);
#14464 = CARTESIAN_POINT('',(9.399999999996,0.874764,-13.561348));
#14465 = DIRECTION('',(0.,0.,-1.));
#14466 = DIRECTION('',(0.,-1.,0.));
#14467 = ADVANCED_FACE('',(#14468),#14482,.F.);
#14468 = FACE_BOUND('',#14469,.F.);
#14469 = EDGE_LOOP('',(#14470,#14471,#14472,#14473,#14474,#14475,#14476,
    #14477,#14478,#14479,#14480,#14481));
#14470 = ORIENTED_EDGE('',*,*,#14359,.T.);
#14471 = ORIENTED_EDGE('',*,*,#14342,.T.);
#14472 = ORIENTED_EDGE('',*,*,#14318,.T.);
#14473 = ORIENTED_EDGE('',*,*,#14294,.T.);
#14474 = ORIENTED_EDGE('',*,*,#14270,.T.);
#14475 = ORIENTED_EDGE('',*,*,#14246,.T.);
#14476 = ORIENTED_EDGE('',*,*,#14222,.T.);
#14477 = ORIENTED_EDGE('',*,*,#14198,.T.);
#14478 = ORIENTED_EDGE('',*,*,#14174,.T.);
#14479 = ORIENTED_EDGE('',*,*,#14150,.T.);
#14480 = ORIENTED_EDGE('',*,*,#14126,.T.);
#14481 = ORIENTED_EDGE('',*,*,#14095,.T.);
#14482 = PLANE('',#14483);
#14483 = AXIS2_PLACEMENT_3D('',#14484,#14485,#14486);
#14484 = CARTESIAN_POINT('',(-9.6,2.451283784758E-12,-13.71156874969));
#14485 = DIRECTION('',(1.,0.,0.));
#14486 = DIRECTION('',(0.,0.,1.));
#14487 = ADVANCED_FACE('',(#14488),#14494,.T.);
#14488 = FACE_BOUND('',#14489,.T.);
#14489 = EDGE_LOOP('',(#14490,#14491,#14492,#14493));
#14490 = ORIENTED_EDGE('',*,*,#14383,.T.);
#14491 = ORIENTED_EDGE('',*,*,#14407,.T.);
#14492 = ORIENTED_EDGE('',*,*,#14431,.T.);
#14493 = ORIENTED_EDGE('',*,*,#14455,.T.);
#14494 = PLANE('',#14495);
#14495 = AXIS2_PLACEMENT_3D('',#14496,#14497,#14498);
#14496 = CARTESIAN_POINT('',(9.599999999996,-2.647845360226E-17,
    -13.7348165));
#14497 = DIRECTION('',(1.,0.,0.));
#14498 = DIRECTION('',(0.,0.,1.));
#14499 = ( GEOMETRIC_REPRESENTATION_CONTEXT(3) 
GLOBAL_UNCERTAINTY_ASSIGNED_CONTEXT((#14503)) 
GLOBAL_UNIT_ASSIGNED_CONTEXT((#14500,#14501,#14502)) 
REPRESENTATION_CONTEXT('Context #1',
  '3D Context with UNIT and UNCERTAINTY') );
#14500 = ( LENGTH_UNIT() NAMED_UNIT(*) SI_UNIT(.MILLI.,.METRE.) );
#14501 = ( NAMED_UNIT(*) PLANE_ANGLE_UNIT() SI_UNIT($,.RADIAN.) );
#14502 = ( NAMED_UNIT(*) SI_UNIT($,.STERADIAN.) SOLID_ANGLE_UNIT() );
#14503 = UNCERTAINTY_MEASURE_WITH_UNIT(LENGTH_MEASURE(5.E-06),#14500,
  'distance_accuracy_value','confusion accuracy');
#14504 = CONTEXT_DEPENDENT_SHAPE_REPRESENTATION(#14505,#14507);
#14505 = ( REPRESENTATION_RELATIONSHIP('','',#40,#10) 
REPRESENTATION_RELATIONSHIP_WITH_TRANSFORMATION(#14506) 
SHAPE_REPRESENTATION_RELATIONSHIP() );
#14506 = ITEM_DEFINED_TRANSFORMATION('','',#11,#15);
#14507 = PRODUCT_DEFINITION_SHAPE('Placement','Placement of an item',
  #14508);
#14508 = NEXT_ASSEMBLY_USAGE_OCCURRENCE('1','Base_w_ref','',#5,#35,$);
#14509 = PRODUCT_RELATED_PRODUCT_CATEGORY('part',$,(#37));
#14510 = SHAPE_DEFINITION_REPRESENTATION(#14511,#14517);
#14511 = PRODUCT_DEFINITION_SHAPE('','',#14512);
#14512 = PRODUCT_DEFINITION('design','',#14513,#14516);
#14513 = PRODUCT_DEFINITION_FORMATION('','',#14514);
#14514 = PRODUCT('male001','male001','',(#14515));
#14515 = PRODUCT_CONTEXT('',#2,'mechanical');
#14516 = PRODUCT_DEFINITION_CONTEXT('part definition',#2,'design');
#14517 = ADVANCED_BREP_SHAPE_REPRESENTATION('',(#11,#14518),#15832);
#14518 = MANIFOLD_SOLID_BREP('',#14519);
#14519 = CLOSED_SHELL('',(#14520,#14553,#14573,#14593,#14754,#14779,
    #14821,#14864,#14904,#14936,#14961,#15004,#15044,#15076,#15101,
    #15144,#15184,#15216,#15241,#15284,#15324,#15349,#15369,#15434,
    #15446,#15458,#15470,#15482,#15541,#15550,#15583,#15614,#15648,
    #15672,#15698,#15723,#15749,#15784,#15802,#15814));
#14520 = ADVANCED_FACE('',(#14521),#14548,.T.);
#14521 = FACE_BOUND('',#14522,.T.);
#14522 = EDGE_LOOP('',(#14523,#14532,#14540,#14547));
#14523 = ORIENTED_EDGE('',*,*,#14524,.F.);
#14524 = EDGE_CURVE('',#14525,#14525,#14527,.T.);
#14525 = VERTEX_POINT('',#14526);
#14526 = CARTESIAN_POINT('',(2.14,0.,0.));
#14527 = CIRCLE('',#14528,2.14);
#14528 = AXIS2_PLACEMENT_3D('',#14529,#14530,#14531);
#14529 = CARTESIAN_POINT('',(0.,0.,0.));
#14530 = DIRECTION('',(0.,0.,1.));
#14531 = DIRECTION('',(1.,0.,0.));
#14532 = ORIENTED_EDGE('',*,*,#14533,.T.);
#14533 = EDGE_CURVE('',#14525,#14534,#14536,.T.);
#14534 = VERTEX_POINT('',#14535);
#14535 = CARTESIAN_POINT('',(2.14,0.,-1.));
#14536 = LINE('',#14537,#14538);
#14537 = CARTESIAN_POINT('',(2.14,0.,0.));
#14538 = VECTOR('',#14539,1.);
#14539 = DIRECTION('',(-0.,-0.,-1.));
#14540 = ORIENTED_EDGE('',*,*,#14541,.T.);
#14541 = EDGE_CURVE('',#14534,#14534,#14542,.T.);
#14542 = CIRCLE('',#14543,2.14);
#14543 = AXIS2_PLACEMENT_3D('',#14544,#14545,#14546);
#14544 = CARTESIAN_POINT('',(0.,0.,-1.));
#14545 = DIRECTION('',(0.,0.,1.));
#14546 = DIRECTION('',(1.,0.,-0.));
#14547 = ORIENTED_EDGE('',*,*,#14533,.F.);
#14548 = CYLINDRICAL_SURFACE('',#14549,2.14);
#14549 = AXIS2_PLACEMENT_3D('',#14550,#14551,#14552);
#14550 = CARTESIAN_POINT('',(0.,0.,0.));
#14551 = DIRECTION('',(0.,0.,1.));
#14552 = DIRECTION('',(1.,0.,0.));
#14553 = ADVANCED_FACE('',(#14554,#14557),#14568,.T.);
#14554 = FACE_BOUND('',#14555,.T.);
#14555 = EDGE_LOOP('',(#14556));
#14556 = ORIENTED_EDGE('',*,*,#14524,.T.);
#14557 = FACE_BOUND('',#14558,.T.);
#14558 = EDGE_LOOP('',(#14559));
#14559 = ORIENTED_EDGE('',*,*,#14560,.T.);
#14560 = EDGE_CURVE('',#14561,#14561,#14563,.T.);
#14561 = VERTEX_POINT('',#14562);
#14562 = CARTESIAN_POINT('',(1.75,0.,0.));
#14563 = CIRCLE('',#14564,1.75);
#14564 = AXIS2_PLACEMENT_3D('',#14565,#14566,#14567);
#14565 = CARTESIAN_POINT('',(0.,0.,0.));
#14566 = DIRECTION('',(0.,-2.2E-16,-1.));
#14567 = DIRECTION('',(1.,0.,0.));
#14568 = PLANE('',#14569);
#14569 = AXIS2_PLACEMENT_3D('',#14570,#14571,#14572);
#14570 = CARTESIAN_POINT('',(-1.6E-16,7.E-17,0.));
#14571 = DIRECTION('',(0.,0.,1.));
#14572 = DIRECTION('',(1.,0.,0.));
#14573 = ADVANCED_FACE('',(#14574,#14577),#14588,.F.);
#14574 = FACE_BOUND('',#14575,.F.);
#14575 = EDGE_LOOP('',(#14576));
#14576 = ORIENTED_EDGE('',*,*,#14541,.T.);
#14577 = FACE_BOUND('',#14578,.F.);
#14578 = EDGE_LOOP('',(#14579));
#14579 = ORIENTED_EDGE('',*,*,#14580,.F.);
#14580 = EDGE_CURVE('',#14581,#14581,#14583,.T.);
#14581 = VERTEX_POINT('',#14582);
#14582 = CARTESIAN_POINT('',(1.91698,0.,-1.));
#14583 = CIRCLE('',#14584,1.91698);
#14584 = AXIS2_PLACEMENT_3D('',#14585,#14586,#14587);
#14585 = CARTESIAN_POINT('',(0.,-2.2E-16,-1.));
#14586 = DIRECTION('',(-0.,2.2E-16,1.));
#14587 = DIRECTION('',(1.,0.,0.));
#14588 = PLANE('',#14589);
#14589 = AXIS2_PLACEMENT_3D('',#14590,#14591,#14592);
#14590 = CARTESIAN_POINT('',(0.,-2.2E-16,-1.));
#14591 = DIRECTION('',(0.,2.2E-16,1.));
#14592 = DIRECTION('',(1.,0.,-0.));
#14593 = ADVANCED_FACE('',(#14594),#14749,.T.);
#14594 = FACE_BOUND('',#14595,.F.);
#14595 = EDGE_LOOP('',(#14596,#14604,#14605,#14606,#14615,#14623,#14632,
    #14640,#14649,#14657,#14666,#14674,#14683,#14691,#14700,#14708,
    #14717,#14725,#14734,#14742));
#14596 = ORIENTED_EDGE('',*,*,#14597,.F.);
#14597 = EDGE_CURVE('',#14561,#14598,#14600,.T.);
#14598 = VERTEX_POINT('',#14599);
#14599 = CARTESIAN_POINT('',(1.75,0.,0.2));
#14600 = LINE('',#14601,#14602);
#14601 = CARTESIAN_POINT('',(1.75,0.,0.));
#14602 = VECTOR('',#14603,1.);
#14603 = DIRECTION('',(0.,0.,1.));
#14604 = ORIENTED_EDGE('',*,*,#14560,.T.);
#14605 = ORIENTED_EDGE('',*,*,#14597,.T.);
#14606 = ORIENTED_EDGE('',*,*,#14607,.T.);
#14607 = EDGE_CURVE('',#14598,#14608,#14610,.T.);
#14608 = VERTEX_POINT('',#14609);
#14609 = CARTESIAN_POINT('',(1.741483800069,0.172436,0.2));
#14610 = CIRCLE('',#14611,1.75);
#14611 = AXIS2_PLACEMENT_3D('',#14612,#14613,#14614);
#14612 = CARTESIAN_POINT('',(0.,4.E-17,0.2));
#14613 = DIRECTION('',(-0.,2.2E-16,1.));
#14614 = DIRECTION('',(1.,0.,0.));
#14615 = ORIENTED_EDGE('',*,*,#14616,.T.);
#14616 = EDGE_CURVE('',#14608,#14617,#14619,.T.);
#14617 = VERTEX_POINT('',#14618);
#14618 = CARTESIAN_POINT('',(1.741483800069,0.172436,6.63568));
#14619 = LINE('',#14620,#14621);
#14620 = CARTESIAN_POINT('',(1.741483800069,0.172436,0.));
#14621 = VECTOR('',#14622,1.);
#14622 = DIRECTION('',(0.,2.2E-16,1.));
#14623 = ORIENTED_EDGE('',*,*,#14624,.F.);
#14624 = EDGE_CURVE('',#14625,#14617,#14627,.T.);
#14625 = VERTEX_POINT('',#14626);
#14626 = CARTESIAN_POINT('',(0.172436,1.741483800069,6.63568));
#14627 = CIRCLE('',#14628,1.75);
#14628 = AXIS2_PLACEMENT_3D('',#14629,#14630,#14631);
#14629 = CARTESIAN_POINT('',(0.,1.47E-15,6.63568));
#14630 = DIRECTION('',(0.,-2.2E-16,-1.));
#14631 = DIRECTION('',(1.,0.,0.));
#14632 = ORIENTED_EDGE('',*,*,#14633,.F.);
#14633 = EDGE_CURVE('',#14634,#14625,#14636,.T.);
#14634 = VERTEX_POINT('',#14635);
#14635 = CARTESIAN_POINT('',(0.172436,1.741483800069,0.2));
#14636 = LINE('',#14637,#14638);
#14637 = CARTESIAN_POINT('',(0.172436,1.741483800069,-3.9E-16));
#14638 = VECTOR('',#14639,1.);
#14639 = DIRECTION('',(0.,2.2E-16,1.));
#14640 = ORIENTED_EDGE('',*,*,#14641,.T.);
#14641 = EDGE_CURVE('',#14634,#14642,#14644,.T.);
#14642 = VERTEX_POINT('',#14643);
#14643 = CARTESIAN_POINT('',(-0.172436,1.741483800069,0.2));
#14644 = CIRCLE('',#14645,1.75);
#14645 = AXIS2_PLACEMENT_3D('',#14646,#14647,#14648);
#14646 = CARTESIAN_POINT('',(0.,4.E-17,0.2));
#14647 = DIRECTION('',(-0.,2.2E-16,1.));
#14648 = DIRECTION('',(1.,0.,0.));
#14649 = ORIENTED_EDGE('',*,*,#14650,.T.);
#14650 = EDGE_CURVE('',#14642,#14651,#14653,.T.);
#14651 = VERTEX_POINT('',#14652);
#14652 = CARTESIAN_POINT('',(-0.172436,1.741483800069,6.63568));
#14653 = LINE('',#14654,#14655);
#14654 = CARTESIAN_POINT('',(-0.172436,1.741483800069,-3.9E-16));
#14655 = VECTOR('',#14656,1.);
#14656 = DIRECTION('',(0.,2.2E-16,1.));
#14657 = ORIENTED_EDGE('',*,*,#14658,.F.);
#14658 = EDGE_CURVE('',#14659,#14651,#14661,.T.);
#14659 = VERTEX_POINT('',#14660);
#14660 = CARTESIAN_POINT('',(-1.741483800069,0.172436,6.63568));
#14661 = CIRCLE('',#14662,1.75);
#14662 = AXIS2_PLACEMENT_3D('',#14663,#14664,#14665);
#14663 = CARTESIAN_POINT('',(0.,1.47E-15,6.63568));
#14664 = DIRECTION('',(0.,-2.2E-16,-1.));
#14665 = DIRECTION('',(1.,0.,0.));
#14666 = ORIENTED_EDGE('',*,*,#14667,.F.);
#14667 = EDGE_CURVE('',#14668,#14659,#14670,.T.);
#14668 = VERTEX_POINT('',#14669);
#14669 = CARTESIAN_POINT('',(-1.741483800069,0.172436,0.2));
#14670 = LINE('',#14671,#14672);
#14671 = CARTESIAN_POINT('',(-1.741483800069,0.172436,0.));
#14672 = VECTOR('',#14673,1.);
#14673 = DIRECTION('',(0.,2.2E-16,1.));
#14674 = ORIENTED_EDGE('',*,*,#14675,.T.);
#14675 = EDGE_CURVE('',#14668,#14676,#14678,.T.);
#14676 = VERTEX_POINT('',#14677);
#14677 = CARTESIAN_POINT('',(-1.741483800069,-0.172436,0.2));
#14678 = CIRCLE('',#14679,1.75);
#14679 = AXIS2_PLACEMENT_3D('',#14680,#14681,#14682);
#14680 = CARTESIAN_POINT('',(0.,4.E-17,0.2));
#14681 = DIRECTION('',(-0.,2.2E-16,1.));
#14682 = DIRECTION('',(1.,0.,0.));
#14683 = ORIENTED_EDGE('',*,*,#14684,.T.);
#14684 = EDGE_CURVE('',#14676,#14685,#14687,.T.);
#14685 = VERTEX_POINT('',#14686);
#14686 = CARTESIAN_POINT('',(-1.741483800069,-0.172436,6.63568));
#14687 = LINE('',#14688,#14689);
#14688 = CARTESIAN_POINT('',(-1.741483800069,-0.172436,0.));
#14689 = VECTOR('',#14690,1.);
#14690 = DIRECTION('',(0.,2.2E-16,1.));
#14691 = ORIENTED_EDGE('',*,*,#14692,.F.);
#14692 = EDGE_CURVE('',#14693,#14685,#14695,.T.);
#14693 = VERTEX_POINT('',#14694);
#14694 = CARTESIAN_POINT('',(-0.172436,-1.741483800069,6.63568));
#14695 = CIRCLE('',#14696,1.75);
#14696 = AXIS2_PLACEMENT_3D('',#14697,#14698,#14699);
#14697 = CARTESIAN_POINT('',(0.,1.47E-15,6.63568));
#14698 = DIRECTION('',(0.,-2.2E-16,-1.));
#14699 = DIRECTION('',(1.,0.,0.));
#14700 = ORIENTED_EDGE('',*,*,#14701,.F.);
#14701 = EDGE_CURVE('',#14702,#14693,#14704,.T.);
#14702 = VERTEX_POINT('',#14703);
#14703 = CARTESIAN_POINT('',(-0.172436,-1.741483800069,0.2));
#14704 = LINE('',#14705,#14706);
#14705 = CARTESIAN_POINT('',(-0.172436,-1.741483800069,3.9E-16));
#14706 = VECTOR('',#14707,1.);
#14707 = DIRECTION('',(0.,2.2E-16,1.));
#14708 = ORIENTED_EDGE('',*,*,#14709,.T.);
#14709 = EDGE_CURVE('',#14702,#14710,#14712,.T.);
#14710 = VERTEX_POINT('',#14711);
#14711 = CARTESIAN_POINT('',(0.172436,-1.741483800069,0.2));
#14712 = CIRCLE('',#14713,1.75);
#14713 = AXIS2_PLACEMENT_3D('',#14714,#14715,#14716);
#14714 = CARTESIAN_POINT('',(0.,4.E-17,0.2));
#14715 = DIRECTION('',(-0.,2.2E-16,1.));
#14716 = DIRECTION('',(1.,0.,0.));
#14717 = ORIENTED_EDGE('',*,*,#14718,.T.);
#14718 = EDGE_CURVE('',#14710,#14719,#14721,.T.);
#14719 = VERTEX_POINT('',#14720);
#14720 = CARTESIAN_POINT('',(0.172436,-1.741483800069,6.63568));
#14721 = LINE('',#14722,#14723);
#14722 = CARTESIAN_POINT('',(0.172436,-1.741483800069,3.9E-16));
#14723 = VECTOR('',#14724,1.);
#14724 = DIRECTION('',(0.,2.2E-16,1.));
#14725 = ORIENTED_EDGE('',*,*,#14726,.F.);
#14726 = EDGE_CURVE('',#14727,#14719,#14729,.T.);
#14727 = VERTEX_POINT('',#14728);
#14728 = CARTESIAN_POINT('',(1.741483800069,-0.172436,6.63568));
#14729 = CIRCLE('',#14730,1.75);
#14730 = AXIS2_PLACEMENT_3D('',#14731,#14732,#14733);
#14731 = CARTESIAN_POINT('',(0.,1.47E-15,6.63568));
#14732 = DIRECTION('',(0.,-2.2E-16,-1.));
#14733 = DIRECTION('',(1.,0.,0.));
#14734 = ORIENTED_EDGE('',*,*,#14735,.F.);
#14735 = EDGE_CURVE('',#14736,#14727,#14738,.T.);
#14736 = VERTEX_POINT('',#14737);
#14737 = CARTESIAN_POINT('',(1.741483800069,-0.172436,0.2));
#14738 = LINE('',#14739,#14740);
#14739 = CARTESIAN_POINT('',(1.741483800069,-0.172436,0.));
#14740 = VECTOR('',#14741,1.);
#14741 = DIRECTION('',(0.,2.2E-16,1.));
#14742 = ORIENTED_EDGE('',*,*,#14743,.T.);
#14743 = EDGE_CURVE('',#14736,#14598,#14744,.T.);
#14744 = CIRCLE('',#14745,1.75);
#14745 = AXIS2_PLACEMENT_3D('',#14746,#14747,#14748);
#14746 = CARTESIAN_POINT('',(0.,4.E-17,0.2));
#14747 = DIRECTION('',(-0.,2.2E-16,1.));
#14748 = DIRECTION('',(1.,0.,0.));
#14749 = CYLINDRICAL_SURFACE('',#14750,1.75);
#14750 = AXIS2_PLACEMENT_3D('',#14751,#14752,#14753);
#14751 = CARTESIAN_POINT('',(0.,0.,0.));
#14752 = DIRECTION('',(0.,2.2E-16,1.));
#14753 = DIRECTION('',(1.,0.,0.));
#14754 = ADVANCED_FACE('',(#14755),#14774,.T.);
#14755 = FACE_BOUND('',#14756,.F.);
#14756 = EDGE_LOOP('',(#14757,#14758,#14766,#14773));
#14757 = ORIENTED_EDGE('',*,*,#14580,.T.);
#14758 = ORIENTED_EDGE('',*,*,#14759,.T.);
#14759 = EDGE_CURVE('',#14581,#14760,#14762,.T.);
#14760 = VERTEX_POINT('',#14761);
#14761 = CARTESIAN_POINT('',(1.91698,0.,-2.));
#14762 = LINE('',#14763,#14764);
#14763 = CARTESIAN_POINT('',(1.91698,0.,-1.));
#14764 = VECTOR('',#14765,1.);
#14765 = DIRECTION('',(0.,0.,-1.));
#14766 = ORIENTED_EDGE('',*,*,#14767,.F.);
#14767 = EDGE_CURVE('',#14760,#14760,#14768,.T.);
#14768 = CIRCLE('',#14769,1.91698);
#14769 = AXIS2_PLACEMENT_3D('',#14770,#14771,#14772);
#14770 = CARTESIAN_POINT('',(0.,-4.4E-16,-2.));
#14771 = DIRECTION('',(-0.,2.2E-16,1.));
#14772 = DIRECTION('',(1.,0.,0.));
#14773 = ORIENTED_EDGE('',*,*,#14759,.F.);
#14774 = CYLINDRICAL_SURFACE('',#14775,1.91698);
#14775 = AXIS2_PLACEMENT_3D('',#14776,#14777,#14778);
#14776 = CARTESIAN_POINT('',(0.,-2.2E-16,-1.));
#14777 = DIRECTION('',(-0.,-2.2E-16,-1.));
#14778 = DIRECTION('',(1.,-0.,0.));
#14779 = ADVANCED_FACE('',(#14780),#14816,.T.);
#14780 = FACE_BOUND('',#14781,.T.);
#14781 = EDGE_LOOP('',(#14782,#14790,#14799,#14808,#14814,#14815));
#14782 = ORIENTED_EDGE('',*,*,#14783,.T.);
#14783 = EDGE_CURVE('',#14608,#14784,#14786,.T.);
#14784 = VERTEX_POINT('',#14785);
#14785 = CARTESIAN_POINT('',(0.781195126651,0.172436,0.2));
#14786 = LINE('',#14787,#14788);
#14787 = CARTESIAN_POINT('',(1.899618,0.172436,0.2));
#14788 = VECTOR('',#14789,1.);
#14789 = DIRECTION('',(-1.,0.,0.));
#14790 = ORIENTED_EDGE('',*,*,#14791,.T.);
#14791 = EDGE_CURVE('',#14784,#14792,#14794,.T.);
#14792 = VERTEX_POINT('',#14793);
#14793 = CARTESIAN_POINT('',(0.8,0.,0.2));
#14794 = CIRCLE('',#14795,0.8);
#14795 = AXIS2_PLACEMENT_3D('',#14796,#14797,#14798);
#14796 = CARTESIAN_POINT('',(0.,4.E-17,0.2));
#14797 = DIRECTION('',(0.,-2.2E-16,-1.));
#14798 = DIRECTION('',(1.,0.,0.));
#14799 = ORIENTED_EDGE('',*,*,#14800,.T.);
#14800 = EDGE_CURVE('',#14792,#14801,#14803,.T.);
#14801 = VERTEX_POINT('',#14802);
#14802 = CARTESIAN_POINT('',(0.781195126651,-0.172436,0.2));
#14803 = CIRCLE('',#14804,0.8);
#14804 = AXIS2_PLACEMENT_3D('',#14805,#14806,#14807);
#14805 = CARTESIAN_POINT('',(0.,4.E-17,0.2));
#14806 = DIRECTION('',(0.,-2.2E-16,-1.));
#14807 = DIRECTION('',(1.,0.,0.));
#14808 = ORIENTED_EDGE('',*,*,#14809,.T.);
#14809 = EDGE_CURVE('',#14801,#14736,#14810,.T.);
#14810 = LINE('',#14811,#14812);
#14811 = CARTESIAN_POINT('',(0.478545,-0.172436,0.2));
#14812 = VECTOR('',#14813,1.);
#14813 = DIRECTION('',(1.,0.,0.));
#14814 = ORIENTED_EDGE('',*,*,#14743,.T.);
#14815 = ORIENTED_EDGE('',*,*,#14607,.T.);
#14816 = PLANE('',#14817);
#14817 = AXIS2_PLACEMENT_3D('',#14818,#14819,#14820);
#14818 = CARTESIAN_POINT('',(1.1890815,-5.E-17,0.2));
#14819 = DIRECTION('',(0.,0.,1.));
#14820 = DIRECTION('',(0.,-1.,0.));
#14821 = ADVANCED_FACE('',(#14822),#14859,.T.);
#14822 = FACE_BOUND('',#14823,.T.);
#14823 = EDGE_LOOP('',(#14824,#14825,#14833,#14841,#14858));
#14824 = ORIENTED_EDGE('',*,*,#14809,.F.);
#14825 = ORIENTED_EDGE('',*,*,#14826,.F.);
#14826 = EDGE_CURVE('',#14827,#14801,#14829,.T.);
#14827 = VERTEX_POINT('',#14828);
#14828 = CARTESIAN_POINT('',(0.781195126651,-0.172436,7.5));
#14829 = LINE('',#14830,#14831);
#14830 = CARTESIAN_POINT('',(0.781195126651,-0.172436,7.5));
#14831 = VECTOR('',#14832,1.);
#14832 = DIRECTION('',(-0.,-2.2E-16,-1.));
#14833 = ORIENTED_EDGE('',*,*,#14834,.F.);
#14834 = EDGE_CURVE('',#14835,#14827,#14837,.T.);
#14835 = VERTEX_POINT('',#14836);
#14836 = CARTESIAN_POINT('',(1.407069096661,-0.172436,7.5));
#14837 = LINE('',#14838,#14839);
#14838 = CARTESIAN_POINT('',(0.2392725,-0.172436,7.5));
#14839 = VECTOR('',#14840,1.);
#14840 = DIRECTION('',(-1.,2.2E-16,0.));
#14841 = ORIENTED_EDGE('',*,*,#14842,.F.);
#14842 = EDGE_CURVE('',#14727,#14835,#14843,.T.);
#14843 = B_SPLINE_CURVE_WITH_KNOTS('',4,(#14844,#14845,#14846,#14847,
    #14848,#14849,#14850,#14851,#14852,#14853,#14854,#14855,#14856,
    #14857),.UNSPECIFIED.,.F.,.F.,(5,3,3,3,5),(0.,0.24941979063,
    0.499277776906,0.749300393927,1.),.UNSPECIFIED.);
#14844 = CARTESIAN_POINT('',(1.741483800069,-0.172436,6.63568));
#14845 = CARTESIAN_POINT('',(1.741483800069,-0.172436,6.694794237492));
#14846 = CARTESIAN_POINT('',(1.737853985543,-0.172436,6.753908721791));
#14847 = CARTESIAN_POINT('',(1.730594411469,-0.172436,6.812688491712));
#14848 = CARTESIAN_POINT('',(1.708919666829,-0.172436,6.929022165001));
#14849 = CARTESIAN_POINT('',(1.694491863051,-0.172436,6.986574220909));
#14850 = CARTESIAN_POINT('',(1.67654503928,-0.172436,7.043129454921));
#14851 = CARTESIAN_POINT('',(1.633842961886,-0.172436,7.153654748607));
#14852 = CARTESIAN_POINT('',(1.609083073871,-0.172436,7.207623543344));
#14853 = CARTESIAN_POINT('',(1.581043510667,-0.172436,7.259965738546));
#14854 = CARTESIAN_POINT('',(1.518678117958,-0.172436,7.360960164853));
#14855 = CARTESIAN_POINT('',(1.484335289207,-0.172436,7.409602441598));
#14856 = CARTESIAN_POINT('',(1.447054581201,-0.172436,7.456032562711));
#14857 = CARTESIAN_POINT('',(1.407069096661,-0.172436,7.5));
#14858 = ORIENTED_EDGE('',*,*,#14735,.F.);
#14859 = PLANE('',#14860);
#14860 = AXIS2_PLACEMENT_3D('',#14861,#14862,#14863);
#14861 = CARTESIAN_POINT('',(0.478545,-0.172436,0.2));
#14862 = DIRECTION('',(0.,1.,0.));
#14863 = DIRECTION('',(1.,0.,0.));
#14864 = ADVANCED_FACE('',(#14865),#14895,.F.);
#14865 = FACE_BOUND('',#14866,.F.);
#14866 = EDGE_LOOP('',(#14867,#14868,#14869,#14888));
#14867 = ORIENTED_EDGE('',*,*,#14842,.F.);
#14868 = ORIENTED_EDGE('',*,*,#14726,.T.);
#14869 = ORIENTED_EDGE('',*,*,#14870,.T.);
#14870 = EDGE_CURVE('',#14719,#14871,#14873,.T.);
#14871 = VERTEX_POINT('',#14872);
#14872 = CARTESIAN_POINT('',(0.172436,-1.407069096661,7.5));
#14873 = B_SPLINE_CURVE_WITH_KNOTS('',4,(#14874,#14875,#14876,#14877,
    #14878,#14879,#14880,#14881,#14882,#14883,#14884,#14885,#14886,
    #14887),.UNSPECIFIED.,.F.,.F.,(5,3,3,3,5),(0.,0.249419790633,
    0.499277776909,0.74930039393,1.),.UNSPECIFIED.);
#14874 = CARTESIAN_POINT('',(0.172436,-1.741483800069,6.63568));
#14875 = CARTESIAN_POINT('',(0.172436,-1.741483800069,6.694794237493));
#14876 = CARTESIAN_POINT('',(0.172436,-1.737853985543,6.753908721793));
#14877 = CARTESIAN_POINT('',(0.172436,-1.730594411468,6.812688491714));
#14878 = CARTESIAN_POINT('',(0.172436,-1.708919666828,6.929022165004));
#14879 = CARTESIAN_POINT('',(0.172436,-1.694491863051,6.986574220912));
#14880 = CARTESIAN_POINT('',(0.172436,-1.67654503928,7.043129454924));
#14881 = CARTESIAN_POINT('',(0.172436,-1.633842961884,7.15365474861));
#14882 = CARTESIAN_POINT('',(0.172436,-1.60908307387,7.207623543347));
#14883 = CARTESIAN_POINT('',(0.172436,-1.581043510665,7.259965738549));
#14884 = CARTESIAN_POINT('',(0.172436,-1.518678117957,7.360960164854));
#14885 = CARTESIAN_POINT('',(0.172436,-1.484335289206,7.409602441599));
#14886 = CARTESIAN_POINT('',(0.172436,-1.447054581201,7.456032562711));
#14887 = CARTESIAN_POINT('',(0.172436,-1.407069096661,7.5));
#14888 = ORIENTED_EDGE('',*,*,#14889,.F.);
#14889 = EDGE_CURVE('',#14835,#14871,#14890,.T.);
#14890 = CIRCLE('',#14891,1.417595717006);
#14891 = AXIS2_PLACEMENT_3D('',#14892,#14893,#14894);
#14892 = CARTESIAN_POINT('',(0.,1.67E-15,7.5));
#14893 = DIRECTION('',(0.,-2.2E-16,-1.));
#14894 = DIRECTION('',(1.,0.,0.));
#14895 = SURFACE_OF_REVOLUTION('',#14896,#14901);
#14896 = CIRCLE('',#14897,1.289907672112);
#14897 = AXIS2_PLACEMENT_3D('',#14898,#14899,#14900);
#14898 = CARTESIAN_POINT('',(0.460092327888,1.47E-15,6.63568));
#14899 = DIRECTION('',(0.,-1.,2.2E-16));
#14900 = DIRECTION('',(1.,0.,0.));
#14901 = AXIS1_PLACEMENT('',#14902,#14903);
#14902 = CARTESIAN_POINT('',(0.,0.,0.));
#14903 = DIRECTION('',(-0.,-2.2E-16,-1.));
#14904 = ADVANCED_FACE('',(#14905),#14931,.T.);
#14905 = FACE_BOUND('',#14906,.T.);
#14906 = EDGE_LOOP('',(#14907,#14915,#14916,#14917,#14925));
#14907 = ORIENTED_EDGE('',*,*,#14908,.F.);
#14908 = EDGE_CURVE('',#14710,#14909,#14911,.T.);
#14909 = VERTEX_POINT('',#14910);
#14910 = CARTESIAN_POINT('',(0.172436,-0.781195126651,0.2));
#14911 = LINE('',#14912,#14913);
#14912 = CARTESIAN_POINT('',(0.172436,-1.899618,0.2));
#14913 = VECTOR('',#14914,1.);
#14914 = DIRECTION('',(0.,1.,0.));
#14915 = ORIENTED_EDGE('',*,*,#14718,.T.);
#14916 = ORIENTED_EDGE('',*,*,#14870,.T.);
#14917 = ORIENTED_EDGE('',*,*,#14918,.F.);
#14918 = EDGE_CURVE('',#14919,#14871,#14921,.T.);
#14919 = VERTEX_POINT('',#14920);
#14920 = CARTESIAN_POINT('',(0.172436,-0.781195126651,7.5));
#14921 = LINE('',#14922,#14923);
#14922 = CARTESIAN_POINT('',(0.172436,-0.949809,7.5));
#14923 = VECTOR('',#14924,1.);
#14924 = DIRECTION('',(-1.2E-16,-1.,2.2E-16));
#14925 = ORIENTED_EDGE('',*,*,#14926,.T.);
#14926 = EDGE_CURVE('',#14919,#14909,#14927,.T.);
#14927 = LINE('',#14928,#14929);
#14928 = CARTESIAN_POINT('',(0.172436,-0.781195126651,7.5));
#14929 = VECTOR('',#14930,1.);
#14930 = DIRECTION('',(-0.,-2.2E-16,-1.));
#14931 = PLANE('',#14932);
#14932 = AXIS2_PLACEMENT_3D('',#14933,#14934,#14935);
#14933 = CARTESIAN_POINT('',(0.172436,-1.899618,0.2));
#14934 = DIRECTION('',(-1.,0.,0.));
#14935 = DIRECTION('',(0.,1.,0.));
#14936 = ADVANCED_FACE('',(#14937),#14956,.T.);
#14937 = FACE_BOUND('',#14938,.T.);
#14938 = EDGE_LOOP('',(#14939,#14940,#14949,#14955));
#14939 = ORIENTED_EDGE('',*,*,#14908,.T.);
#14940 = ORIENTED_EDGE('',*,*,#14941,.T.);
#14941 = EDGE_CURVE('',#14909,#14942,#14944,.T.);
#14942 = VERTEX_POINT('',#14943);
#14943 = CARTESIAN_POINT('',(-0.172436,-0.781195126651,0.2));
#14944 = CIRCLE('',#14945,0.8);
#14945 = AXIS2_PLACEMENT_3D('',#14946,#14947,#14948);
#14946 = CARTESIAN_POINT('',(0.,4.E-17,0.2));
#14947 = DIRECTION('',(0.,-2.2E-16,-1.));
#14948 = DIRECTION('',(1.,0.,0.));
#14949 = ORIENTED_EDGE('',*,*,#14950,.T.);
#14950 = EDGE_CURVE('',#14942,#14702,#14951,.T.);
#14951 = LINE('',#14952,#14953);
#14952 = CARTESIAN_POINT('',(-0.172436,-0.478545,0.2));
#14953 = VECTOR('',#14954,1.);
#14954 = DIRECTION('',(0.,-1.,0.));
#14955 = ORIENTED_EDGE('',*,*,#14709,.T.);
#14956 = PLANE('',#14957);
#14957 = AXIS2_PLACEMENT_3D('',#14958,#14959,#14960);
#14958 = CARTESIAN_POINT('',(-5.E-17,-1.1890815,0.2));
#14959 = DIRECTION('',(0.,0.,1.));
#14960 = DIRECTION('',(-1.,0.,0.));
#14961 = ADVANCED_FACE('',(#14962),#14999,.T.);
#14962 = FACE_BOUND('',#14963,.T.);
#14963 = EDGE_LOOP('',(#14964,#14965,#14973,#14981,#14998));
#14964 = ORIENTED_EDGE('',*,*,#14950,.F.);
#14965 = ORIENTED_EDGE('',*,*,#14966,.F.);
#14966 = EDGE_CURVE('',#14967,#14942,#14969,.T.);
#14967 = VERTEX_POINT('',#14968);
#14968 = CARTESIAN_POINT('',(-0.172436,-0.781195126651,7.5));
#14969 = LINE('',#14970,#14971);
#14970 = CARTESIAN_POINT('',(-0.172436,-0.781195126651,7.5));
#14971 = VECTOR('',#14972,1.);
#14972 = DIRECTION('',(-0.,-2.2E-16,-1.));
#14973 = ORIENTED_EDGE('',*,*,#14974,.F.);
#14974 = EDGE_CURVE('',#14975,#14967,#14977,.T.);
#14975 = VERTEX_POINT('',#14976);
#14976 = CARTESIAN_POINT('',(-0.172436,-1.407069096661,7.5));
#14977 = LINE('',#14978,#14979);
#14978 = CARTESIAN_POINT('',(-0.172436,-0.2392725,7.5));
#14979 = VECTOR('',#14980,1.);
#14980 = DIRECTION('',(1.2E-16,1.,-2.2E-16));
#14981 = ORIENTED_EDGE('',*,*,#14982,.F.);
#14982 = EDGE_CURVE('',#14693,#14975,#14983,.T.);
#14983 = B_SPLINE_CURVE_WITH_KNOTS('',4,(#14984,#14985,#14986,#14987,
    #14988,#14989,#14990,#14991,#14992,#14993,#14994,#14995,#14996,
    #14997),.UNSPECIFIED.,.F.,.F.,(5,3,3,3,5),(0.,0.249419790633,
    0.499277776909,0.74930039393,1.),.UNSPECIFIED.);
#14984 = CARTESIAN_POINT('',(-0.172436,-1.741483800069,6.63568));
#14985 = CARTESIAN_POINT('',(-0.172436,-1.741483800069,6.694794237493));
#14986 = CARTESIAN_POINT('',(-0.172436,-1.737853985543,6.753908721793));
#14987 = CARTESIAN_POINT('',(-0.172436,-1.730594411468,6.812688491714));
#14988 = CARTESIAN_POINT('',(-0.172436,-1.708919666828,6.929022165004));
#14989 = CARTESIAN_POINT('',(-0.172436,-1.694491863051,6.986574220912));
#14990 = CARTESIAN_POINT('',(-0.172436,-1.67654503928,7.043129454924));
#14991 = CARTESIAN_POINT('',(-0.172436,-1.633842961884,7.15365474861));
#14992 = CARTESIAN_POINT('',(-0.172436,-1.60908307387,7.207623543347));
#14993 = CARTESIAN_POINT('',(-0.172436,-1.581043510665,7.259965738549));
#14994 = CARTESIAN_POINT('',(-0.172436,-1.518678117957,7.360960164854));
#14995 = CARTESIAN_POINT('',(-0.172436,-1.484335289206,7.409602441599));
#14996 = CARTESIAN_POINT('',(-0.172436,-1.447054581201,7.456032562711));
#14997 = CARTESIAN_POINT('',(-0.172436,-1.407069096661,7.5));
#14998 = ORIENTED_EDGE('',*,*,#14701,.F.);
#14999 = PLANE('',#15000);
#15000 = AXIS2_PLACEMENT_3D('',#15001,#15002,#15003);
#15001 = CARTESIAN_POINT('',(-0.172436,-0.478545,0.2));
#15002 = DIRECTION('',(1.,0.,0.));
#15003 = DIRECTION('',(0.,-1.,0.));
#15004 = ADVANCED_FACE('',(#15005),#15035,.F.);
#15005 = FACE_BOUND('',#15006,.F.);
#15006 = EDGE_LOOP('',(#15007,#15008,#15009,#15028));
#15007 = ORIENTED_EDGE('',*,*,#14982,.F.);
#15008 = ORIENTED_EDGE('',*,*,#14692,.T.);
#15009 = ORIENTED_EDGE('',*,*,#15010,.T.);
#15010 = EDGE_CURVE('',#14685,#15011,#15013,.T.);
#15011 = VERTEX_POINT('',#15012);
#15012 = CARTESIAN_POINT('',(-1.407069096661,-0.172436,7.5));
#15013 = B_SPLINE_CURVE_WITH_KNOTS('',4,(#15014,#15015,#15016,#15017,
    #15018,#15019,#15020,#15021,#15022,#15023,#15024,#15025,#15026,
    #15027),.UNSPECIFIED.,.F.,.F.,(5,3,3,3,5),(0.,0.251418259361,
    0.5002774648,0.750300979222,1.),.UNSPECIFIED.);
#15014 = CARTESIAN_POINT('',(-1.741483800069,-0.172436,6.63568));
#15015 = CARTESIAN_POINT('',(-1.741483800069,-0.172436,6.695267888542));
#15016 = CARTESIAN_POINT('',(-1.73779558453,-0.172436,6.754856033927));
#15017 = CARTESIAN_POINT('',(-1.730419211124,-0.172436,6.814101339009));
#15018 = CARTESIAN_POINT('',(-1.708529050526,-0.172436,6.930635815505));
#15019 = CARTESIAN_POINT('',(-1.69408859136,-0.172436,6.987939246177));
#15020 = CARTESIAN_POINT('',(-1.676158409023,-0.172436,7.044249985007));
#15021 = CARTESIAN_POINT('',(-1.633460167911,-0.172436,7.15452320435));
#15022 = CARTESIAN_POINT('',(-1.608660354468,-0.172436,7.208473925729));
#15023 = CARTESIAN_POINT('',(-1.580582051286,-0.172436,7.260795619157));
#15024 = CARTESIAN_POINT('',(-1.518266773116,-0.172436,7.361542477367));
#15025 = CARTESIAN_POINT('',(-1.484037657506,-0.172436,7.40997302599));
#15026 = CARTESIAN_POINT('',(-1.446894992222,-0.172436,7.456208044352));
#15027 = CARTESIAN_POINT('',(-1.407069096661,-0.172436,7.5));
#15028 = ORIENTED_EDGE('',*,*,#15029,.F.);
#15029 = EDGE_CURVE('',#14975,#15011,#15030,.T.);
#15030 = CIRCLE('',#15031,1.417595717006);
#15031 = AXIS2_PLACEMENT_3D('',#15032,#15033,#15034);
#15032 = CARTESIAN_POINT('',(0.,1.67E-15,7.5));
#15033 = DIRECTION('',(0.,-2.2E-16,-1.));
#15034 = DIRECTION('',(1.,0.,0.));
#15035 = SURFACE_OF_REVOLUTION('',#15036,#15041);
#15036 = CIRCLE('',#15037,1.289907672112);
#15037 = AXIS2_PLACEMENT_3D('',#15038,#15039,#15040);
#15038 = CARTESIAN_POINT('',(0.460092327888,1.47E-15,6.63568));
#15039 = DIRECTION('',(0.,-1.,2.2E-16));
#15040 = DIRECTION('',(1.,0.,0.));
#15041 = AXIS1_PLACEMENT('',#15042,#15043);
#15042 = CARTESIAN_POINT('',(0.,0.,0.));
#15043 = DIRECTION('',(-0.,-2.2E-16,-1.));
#15044 = ADVANCED_FACE('',(#15045),#15071,.T.);
#15045 = FACE_BOUND('',#15046,.T.);
#15046 = EDGE_LOOP('',(#15047,#15055,#15056,#15057,#15065));
#15047 = ORIENTED_EDGE('',*,*,#15048,.F.);
#15048 = EDGE_CURVE('',#14676,#15049,#15051,.T.);
#15049 = VERTEX_POINT('',#15050);
#15050 = CARTESIAN_POINT('',(-0.781195126651,-0.172436,0.2));
#15051 = LINE('',#15052,#15053);
#15052 = CARTESIAN_POINT('',(-1.899618,-0.172436,0.2));
#15053 = VECTOR('',#15054,1.);
#15054 = DIRECTION('',(1.,0.,0.));
#15055 = ORIENTED_EDGE('',*,*,#14684,.T.);
#15056 = ORIENTED_EDGE('',*,*,#15010,.T.);
#15057 = ORIENTED_EDGE('',*,*,#15058,.F.);
#15058 = EDGE_CURVE('',#15059,#15011,#15061,.T.);
#15059 = VERTEX_POINT('',#15060);
#15060 = CARTESIAN_POINT('',(-0.781195126651,-0.172436,7.5));
#15061 = LINE('',#15062,#15063);
#15062 = CARTESIAN_POINT('',(-0.949809,-0.172436,7.5));
#15063 = VECTOR('',#15064,1.);
#15064 = DIRECTION('',(-1.,1.1E-16,0.));
#15065 = ORIENTED_EDGE('',*,*,#15066,.T.);
#15066 = EDGE_CURVE('',#15059,#15049,#15067,.T.);
#15067 = LINE('',#15068,#15069);
#15068 = CARTESIAN_POINT('',(-0.781195126651,-0.172436,7.5));
#15069 = VECTOR('',#15070,1.);
#15070 = DIRECTION('',(-0.,-2.2E-16,-1.));
#15071 = PLANE('',#15072);
#15072 = AXIS2_PLACEMENT_3D('',#15073,#15074,#15075);
#15073 = CARTESIAN_POINT('',(-1.899618,-0.172436,0.2));
#15074 = DIRECTION('',(0.,1.,0.));
#15075 = DIRECTION('',(1.,0.,0.));
#15076 = ADVANCED_FACE('',(#15077),#15096,.T.);
#15077 = FACE_BOUND('',#15078,.T.);
#15078 = EDGE_LOOP('',(#15079,#15080,#15089,#15095));
#15079 = ORIENTED_EDGE('',*,*,#15048,.T.);
#15080 = ORIENTED_EDGE('',*,*,#15081,.T.);
#15081 = EDGE_CURVE('',#15049,#15082,#15084,.T.);
#15082 = VERTEX_POINT('',#15083);
#15083 = CARTESIAN_POINT('',(-0.781195126651,0.172436,0.2));
#15084 = CIRCLE('',#15085,0.8);
#15085 = AXIS2_PLACEMENT_3D('',#15086,#15087,#15088);
#15086 = CARTESIAN_POINT('',(0.,4.E-17,0.2));
#15087 = DIRECTION('',(0.,-2.2E-16,-1.));
#15088 = DIRECTION('',(1.,0.,0.));
#15089 = ORIENTED_EDGE('',*,*,#15090,.T.);
#15090 = EDGE_CURVE('',#15082,#14668,#15091,.T.);
#15091 = LINE('',#15092,#15093);
#15092 = CARTESIAN_POINT('',(-0.478545,0.172436,0.2));
#15093 = VECTOR('',#15094,1.);
#15094 = DIRECTION('',(-1.,0.,0.));
#15095 = ORIENTED_EDGE('',*,*,#14675,.T.);
#15096 = PLANE('',#15097);
#15097 = AXIS2_PLACEMENT_3D('',#15098,#15099,#15100);
#15098 = CARTESIAN_POINT('',(-1.1890815,5.E-17,0.2));
#15099 = DIRECTION('',(0.,0.,1.));
#15100 = DIRECTION('',(0.,1.,0.));
#15101 = ADVANCED_FACE('',(#15102),#15139,.T.);
#15102 = FACE_BOUND('',#15103,.T.);
#15103 = EDGE_LOOP('',(#15104,#15105,#15113,#15121,#15138));
#15104 = ORIENTED_EDGE('',*,*,#15090,.F.);
#15105 = ORIENTED_EDGE('',*,*,#15106,.F.);
#15106 = EDGE_CURVE('',#15107,#15082,#15109,.T.);
#15107 = VERTEX_POINT('',#15108);
#15108 = CARTESIAN_POINT('',(-0.781195126651,0.172436,7.5));
#15109 = LINE('',#15110,#15111);
#15110 = CARTESIAN_POINT('',(-0.781195126651,0.172436,7.5));
#15111 = VECTOR('',#15112,1.);
#15112 = DIRECTION('',(-0.,-2.2E-16,-1.));
#15113 = ORIENTED_EDGE('',*,*,#15114,.F.);
#15114 = EDGE_CURVE('',#15115,#15107,#15117,.T.);
#15115 = VERTEX_POINT('',#15116);
#15116 = CARTESIAN_POINT('',(-1.407069096661,0.172436,7.5));
#15117 = LINE('',#15118,#15119);
#15118 = CARTESIAN_POINT('',(-0.2392725,0.172436,7.5));
#15119 = VECTOR('',#15120,1.);
#15120 = DIRECTION('',(1.,-1.1E-16,0.));
#15121 = ORIENTED_EDGE('',*,*,#15122,.F.);
#15122 = EDGE_CURVE('',#14659,#15115,#15123,.T.);
#15123 = B_SPLINE_CURVE_WITH_KNOTS('',4,(#15124,#15125,#15126,#15127,
    #15128,#15129,#15130,#15131,#15132,#15133,#15134,#15135,#15136,
    #15137),.UNSPECIFIED.,.F.,.F.,(5,3,3,3,5),(0.,0.251418259333,
    0.500277464772,0.750300979194,1.),.UNSPECIFIED.);
#15124 = CARTESIAN_POINT('',(-1.741483800069,0.172436,6.63568));
#15125 = CARTESIAN_POINT('',(-1.741483800069,0.172436,6.695267888535));
#15126 = CARTESIAN_POINT('',(-1.737795584531,0.172436,6.754856033914));
#15127 = CARTESIAN_POINT('',(-1.730419211126,0.172436,6.81410133899));
#15128 = CARTESIAN_POINT('',(-1.708529050532,0.172436,6.930635815479));
#15129 = CARTESIAN_POINT('',(-1.694088591367,0.172436,6.987939246151));
#15130 = CARTESIAN_POINT('',(-1.676158409032,0.172436,7.044249984982));
#15131 = CARTESIAN_POINT('',(-1.633460167922,0.172436,7.154523204326));
#15132 = CARTESIAN_POINT('',(-1.60866035448,0.172436,7.208473925705));
#15133 = CARTESIAN_POINT('',(-1.580582051299,0.172436,7.260795619134));
#15134 = CARTESIAN_POINT('',(-1.518266773128,0.172436,7.36154247735));
#15135 = CARTESIAN_POINT('',(-1.484037657514,0.172436,7.40997302598));
#15136 = CARTESIAN_POINT('',(-1.446894992226,0.172436,7.456208044347));
#15137 = CARTESIAN_POINT('',(-1.407069096661,0.172436,7.5));
#15138 = ORIENTED_EDGE('',*,*,#14667,.F.);
#15139 = PLANE('',#15140);
#15140 = AXIS2_PLACEMENT_3D('',#15141,#15142,#15143);
#15141 = CARTESIAN_POINT('',(-0.478545,0.172436,0.2));
#15142 = DIRECTION('',(0.,-1.,0.));
#15143 = DIRECTION('',(-1.,0.,0.));
#15144 = ADVANCED_FACE('',(#15145),#15175,.F.);
#15145 = FACE_BOUND('',#15146,.F.);
#15146 = EDGE_LOOP('',(#15147,#15148,#15149,#15168));
#15147 = ORIENTED_EDGE('',*,*,#15122,.F.);
#15148 = ORIENTED_EDGE('',*,*,#14658,.T.);
#15149 = ORIENTED_EDGE('',*,*,#15150,.T.);
#15150 = EDGE_CURVE('',#14651,#15151,#15153,.T.);
#15151 = VERTEX_POINT('',#15152);
#15152 = CARTESIAN_POINT('',(-0.172436,1.407069096661,7.5));
#15153 = B_SPLINE_CURVE_WITH_KNOTS('',4,(#15154,#15155,#15156,#15157,
    #15158,#15159,#15160,#15161,#15162,#15163,#15164,#15165,#15166,
    #15167),.UNSPECIFIED.,.F.,.F.,(5,3,3,3,5),(0.,0.249419790665,
    0.499277776941,0.749300393962,1.),.UNSPECIFIED.);
#15154 = CARTESIAN_POINT('',(-0.172436,1.741483800069,6.63568));
#15155 = CARTESIAN_POINT('',(-0.172436,1.741483800069,6.694794237501));
#15156 = CARTESIAN_POINT('',(-0.172436,1.737853985542,6.753908721808));
#15157 = CARTESIAN_POINT('',(-0.172436,1.730594411466,6.812688491737));
#15158 = CARTESIAN_POINT('',(-0.172436,1.708919666821,6.929022165033));
#15159 = CARTESIAN_POINT('',(-0.172436,1.694491863042,6.986574220941));
#15160 = CARTESIAN_POINT('',(-0.172436,1.67654503927,7.043129454953));
#15161 = CARTESIAN_POINT('',(-0.172436,1.633842961872,7.153654748638));
#15162 = CARTESIAN_POINT('',(-0.172436,1.609083073857,7.207623543374));
#15163 = CARTESIAN_POINT('',(-0.172436,1.581043510651,7.259965738575));
#15164 = CARTESIAN_POINT('',(-0.172436,1.518678117944,7.360960164873));
#15165 = CARTESIAN_POINT('',(-0.172436,1.484335289197,7.409602441611));
#15166 = CARTESIAN_POINT('',(-0.172436,1.447054581196,7.456032562717));
#15167 = CARTESIAN_POINT('',(-0.172436,1.407069096661,7.5));
#15168 = ORIENTED_EDGE('',*,*,#15169,.F.);
#15169 = EDGE_CURVE('',#15115,#15151,#15170,.T.);
#15170 = CIRCLE('',#15171,1.417595717006);
#15171 = AXIS2_PLACEMENT_3D('',#15172,#15173,#15174);
#15172 = CARTESIAN_POINT('',(0.,1.67E-15,7.5));
#15173 = DIRECTION('',(0.,-2.2E-16,-1.));
#15174 = DIRECTION('',(1.,0.,0.));
#15175 = SURFACE_OF_REVOLUTION('',#15176,#15181);
#15176 = CIRCLE('',#15177,1.289907672112);
#15177 = AXIS2_PLACEMENT_3D('',#15178,#15179,#15180);
#15178 = CARTESIAN_POINT('',(0.460092327888,1.47E-15,6.63568));
#15179 = DIRECTION('',(0.,-1.,2.2E-16));
#15180 = DIRECTION('',(1.,0.,0.));
#15181 = AXIS1_PLACEMENT('',#15182,#15183);
#15182 = CARTESIAN_POINT('',(0.,0.,0.));
#15183 = DIRECTION('',(-0.,-2.2E-16,-1.));
#15184 = ADVANCED_FACE('',(#15185),#15211,.T.);
#15185 = FACE_BOUND('',#15186,.T.);
#15186 = EDGE_LOOP('',(#15187,#15195,#15196,#15197,#15205));
#15187 = ORIENTED_EDGE('',*,*,#15188,.F.);
#15188 = EDGE_CURVE('',#14642,#15189,#15191,.T.);
#15189 = VERTEX_POINT('',#15190);
#15190 = CARTESIAN_POINT('',(-0.172436,0.781195126651,0.2));
#15191 = LINE('',#15192,#15193);
#15192 = CARTESIAN_POINT('',(-0.172436,1.899618,0.2));
#15193 = VECTOR('',#15194,1.);
#15194 = DIRECTION('',(0.,-1.,0.));
#15195 = ORIENTED_EDGE('',*,*,#14650,.T.);
#15196 = ORIENTED_EDGE('',*,*,#15150,.T.);
#15197 = ORIENTED_EDGE('',*,*,#15198,.F.);
#15198 = EDGE_CURVE('',#15199,#15151,#15201,.T.);
#15199 = VERTEX_POINT('',#15200);
#15200 = CARTESIAN_POINT('',(-0.172436,0.781195126651,7.5));
#15201 = LINE('',#15202,#15203);
#15202 = CARTESIAN_POINT('',(-0.172436,0.949809,7.5));
#15203 = VECTOR('',#15204,1.);
#15204 = DIRECTION('',(0.,1.,-2.2E-16));
#15205 = ORIENTED_EDGE('',*,*,#15206,.T.);
#15206 = EDGE_CURVE('',#15199,#15189,#15207,.T.);
#15207 = LINE('',#15208,#15209);
#15208 = CARTESIAN_POINT('',(-0.172436,0.781195126651,7.5));
#15209 = VECTOR('',#15210,1.);
#15210 = DIRECTION('',(-0.,-2.2E-16,-1.));
#15211 = PLANE('',#15212);
#15212 = AXIS2_PLACEMENT_3D('',#15213,#15214,#15215);
#15213 = CARTESIAN_POINT('',(-0.172436,1.899618,0.2));
#15214 = DIRECTION('',(1.,0.,0.));
#15215 = DIRECTION('',(0.,-1.,0.));
#15216 = ADVANCED_FACE('',(#15217),#15236,.T.);
#15217 = FACE_BOUND('',#15218,.T.);
#15218 = EDGE_LOOP('',(#15219,#15220,#15229,#15235));
#15219 = ORIENTED_EDGE('',*,*,#15188,.T.);
#15220 = ORIENTED_EDGE('',*,*,#15221,.T.);
#15221 = EDGE_CURVE('',#15189,#15222,#15224,.T.);
#15222 = VERTEX_POINT('',#15223);
#15223 = CARTESIAN_POINT('',(0.172436,0.781195126651,0.2));
#15224 = CIRCLE('',#15225,0.8);
#15225 = AXIS2_PLACEMENT_3D('',#15226,#15227,#15228);
#15226 = CARTESIAN_POINT('',(0.,4.E-17,0.2));
#15227 = DIRECTION('',(0.,-2.2E-16,-1.));
#15228 = DIRECTION('',(1.,0.,0.));
#15229 = ORIENTED_EDGE('',*,*,#15230,.T.);
#15230 = EDGE_CURVE('',#15222,#14634,#15231,.T.);
#15231 = LINE('',#15232,#15233);
#15232 = CARTESIAN_POINT('',(0.172436,0.478545,0.2));
#15233 = VECTOR('',#15234,1.);
#15234 = DIRECTION('',(0.,1.,0.));
#15235 = ORIENTED_EDGE('',*,*,#14641,.T.);
#15236 = PLANE('',#15237);
#15237 = AXIS2_PLACEMENT_3D('',#15238,#15239,#15240);
#15238 = CARTESIAN_POINT('',(5.E-17,1.1890815,0.2));
#15239 = DIRECTION('',(0.,0.,1.));
#15240 = DIRECTION('',(1.,0.,0.));
#15241 = ADVANCED_FACE('',(#15242),#15279,.T.);
#15242 = FACE_BOUND('',#15243,.T.);
#15243 = EDGE_LOOP('',(#15244,#15245,#15253,#15261,#15278));
#15244 = ORIENTED_EDGE('',*,*,#15230,.F.);
#15245 = ORIENTED_EDGE('',*,*,#15246,.F.);
#15246 = EDGE_CURVE('',#15247,#15222,#15249,.T.);
#15247 = VERTEX_POINT('',#15248);
#15248 = CARTESIAN_POINT('',(0.172436,0.781195126651,7.5));
#15249 = LINE('',#15250,#15251);
#15250 = CARTESIAN_POINT('',(0.172436,0.781195126651,7.5));
#15251 = VECTOR('',#15252,1.);
#15252 = DIRECTION('',(-0.,-2.2E-16,-1.));
#15253 = ORIENTED_EDGE('',*,*,#15254,.F.);
#15254 = EDGE_CURVE('',#15255,#15247,#15257,.T.);
#15255 = VERTEX_POINT('',#15256);
#15256 = CARTESIAN_POINT('',(0.172436,1.407069096661,7.5));
#15257 = LINE('',#15258,#15259);
#15258 = CARTESIAN_POINT('',(0.172436,0.2392725,7.5));
#15259 = VECTOR('',#15260,1.);
#15260 = DIRECTION('',(0.,-1.,2.2E-16));
#15261 = ORIENTED_EDGE('',*,*,#15262,.F.);
#15262 = EDGE_CURVE('',#14625,#15255,#15263,.T.);
#15263 = B_SPLINE_CURVE_WITH_KNOTS('',4,(#15264,#15265,#15266,#15267,
    #15268,#15269,#15270,#15271,#15272,#15273,#15274,#15275,#15276,
    #15277),.UNSPECIFIED.,.F.,.F.,(5,3,3,3,5),(0.,0.249419790609,
    0.499277776886,0.749300393906,1.),.UNSPECIFIED.);
#15264 = CARTESIAN_POINT('',(0.172436,1.741483800069,6.63568));
#15265 = CARTESIAN_POINT('',(0.172436,1.741483800069,6.694794237488));
#15266 = CARTESIAN_POINT('',(0.172436,1.737853985544,6.753908721782));
#15267 = CARTESIAN_POINT('',(0.172436,1.73059441147,6.812688491698));
#15268 = CARTESIAN_POINT('',(0.172436,1.708919666833,6.929022164982));
#15269 = CARTESIAN_POINT('',(0.172436,1.694491863057,6.98657422089));
#15270 = CARTESIAN_POINT('',(0.172436,1.676545039287,7.043129454903));
#15271 = CARTESIAN_POINT('',(0.172436,1.633842961893,7.153654748589));
#15272 = CARTESIAN_POINT('',(0.172436,1.60908307388,7.207623543327));
#15273 = CARTESIAN_POINT('',(0.172436,1.581043510676,7.259965738529));
#15274 = CARTESIAN_POINT('',(0.172436,1.518678117967,7.36096016484));
#15275 = CARTESIAN_POINT('',(0.172436,1.484335289213,7.40960244159));
#15276 = CARTESIAN_POINT('',(0.172436,1.447054581205,7.456032562707));
#15277 = CARTESIAN_POINT('',(0.172436,1.407069096661,7.5));
#15278 = ORIENTED_EDGE('',*,*,#14633,.F.);
#15279 = PLANE('',#15280);
#15280 = AXIS2_PLACEMENT_3D('',#15281,#15282,#15283);
#15281 = CARTESIAN_POINT('',(0.172436,0.478545,0.2));
#15282 = DIRECTION('',(-1.,0.,0.));
#15283 = DIRECTION('',(0.,1.,0.));
#15284 = ADVANCED_FACE('',(#15285),#15315,.F.);
#15285 = FACE_BOUND('',#15286,.F.);
#15286 = EDGE_LOOP('',(#15287,#15288,#15289,#15308));
#15287 = ORIENTED_EDGE('',*,*,#15262,.F.);
#15288 = ORIENTED_EDGE('',*,*,#14624,.T.);
#15289 = ORIENTED_EDGE('',*,*,#15290,.T.);
#15290 = EDGE_CURVE('',#14617,#15291,#15293,.T.);
#15291 = VERTEX_POINT('',#15292);
#15292 = CARTESIAN_POINT('',(1.407069096661,0.172436,7.5));
#15293 = B_SPLINE_CURVE_WITH_KNOTS('',4,(#15294,#15295,#15296,#15297,
    #15298,#15299,#15300,#15301,#15302,#15303,#15304,#15305,#15306,
    #15307),.UNSPECIFIED.,.F.,.F.,(5,3,3,3,5),(0.,0.249419790609,
    0.499277776886,0.749300393906,1.),.UNSPECIFIED.);
#15294 = CARTESIAN_POINT('',(1.741483800069,0.172436,6.63568));
#15295 = CARTESIAN_POINT('',(1.741483800069,0.172436,6.694794237488));
#15296 = CARTESIAN_POINT('',(1.737853985544,0.172436,6.753908721782));
#15297 = CARTESIAN_POINT('',(1.73059441147,0.172436,6.812688491698));
#15298 = CARTESIAN_POINT('',(1.708919666833,0.172436,6.929022164982));
#15299 = CARTESIAN_POINT('',(1.694491863057,0.172436,6.98657422089));
#15300 = CARTESIAN_POINT('',(1.676545039287,0.172436,7.043129454903));
#15301 = CARTESIAN_POINT('',(1.633842961893,0.172436,7.153654748589));
#15302 = CARTESIAN_POINT('',(1.60908307388,0.172436,7.207623543327));
#15303 = CARTESIAN_POINT('',(1.581043510676,0.172436,7.259965738529));
#15304 = CARTESIAN_POINT('',(1.518678117967,0.172436,7.36096016484));
#15305 = CARTESIAN_POINT('',(1.484335289213,0.172436,7.40960244159));
#15306 = CARTESIAN_POINT('',(1.447054581205,0.172436,7.456032562707));
#15307 = CARTESIAN_POINT('',(1.407069096661,0.172436,7.5));
#15308 = ORIENTED_EDGE('',*,*,#15309,.F.);
#15309 = EDGE_CURVE('',#15255,#15291,#15310,.T.);
#15310 = CIRCLE('',#15311,1.417595717006);
#15311 = AXIS2_PLACEMENT_3D('',#15312,#15313,#15314);
#15312 = CARTESIAN_POINT('',(0.,1.67E-15,7.5));
#15313 = DIRECTION('',(0.,-2.2E-16,-1.));
#15314 = DIRECTION('',(1.,0.,0.));
#15315 = SURFACE_OF_REVOLUTION('',#15316,#15321);
#15316 = CIRCLE('',#15317,1.289907672112);
#15317 = AXIS2_PLACEMENT_3D('',#15318,#15319,#15320);
#15318 = CARTESIAN_POINT('',(0.460092327888,1.47E-15,6.63568));
#15319 = DIRECTION('',(0.,-1.,2.2E-16));
#15320 = DIRECTION('',(1.,0.,0.));
#15321 = AXIS1_PLACEMENT('',#15322,#15323);
#15322 = CARTESIAN_POINT('',(0.,0.,0.));
#15323 = DIRECTION('',(-0.,-2.2E-16,-1.));
#15324 = ADVANCED_FACE('',(#15325),#15344,.T.);
#15325 = FACE_BOUND('',#15326,.T.);
#15326 = EDGE_LOOP('',(#15327,#15328,#15329,#15330,#15338));
#15327 = ORIENTED_EDGE('',*,*,#14783,.F.);
#15328 = ORIENTED_EDGE('',*,*,#14616,.T.);
#15329 = ORIENTED_EDGE('',*,*,#15290,.T.);
#15330 = ORIENTED_EDGE('',*,*,#15331,.F.);
#15331 = EDGE_CURVE('',#15332,#15291,#15334,.T.);
#15332 = VERTEX_POINT('',#15333);
#15333 = CARTESIAN_POINT('',(0.781195126651,0.172436,7.5));
#15334 = LINE('',#15335,#15336);
#15335 = CARTESIAN_POINT('',(0.949809,0.172436,7.5));
#15336 = VECTOR('',#15337,1.);
#15337 = DIRECTION('',(1.,-2.2E-16,0.));
#15338 = ORIENTED_EDGE('',*,*,#15339,.T.);
#15339 = EDGE_CURVE('',#15332,#14784,#15340,.T.);
#15340 = LINE('',#15341,#15342);
#15341 = CARTESIAN_POINT('',(0.781195126651,0.172436,7.5));
#15342 = VECTOR('',#15343,1.);
#15343 = DIRECTION('',(-0.,-2.2E-16,-1.));
#15344 = PLANE('',#15345);
#15345 = AXIS2_PLACEMENT_3D('',#15346,#15347,#15348);
#15346 = CARTESIAN_POINT('',(1.899618,0.172436,0.2));
#15347 = DIRECTION('',(0.,-1.,0.));
#15348 = DIRECTION('',(-1.,0.,0.));
#15349 = ADVANCED_FACE('',(#15350,#15361),#15364,.T.);
#15350 = FACE_BOUND('',#15351,.F.);
#15351 = EDGE_LOOP('',(#15352));
#15352 = ORIENTED_EDGE('',*,*,#15353,.F.);
#15353 = EDGE_CURVE('',#15354,#15354,#15356,.T.);
#15354 = VERTEX_POINT('',#15355);
#15355 = CARTESIAN_POINT('',(2.14,0.,-2.));
#15356 = CIRCLE('',#15357,2.14);
#15357 = AXIS2_PLACEMENT_3D('',#15358,#15359,#15360);
#15358 = CARTESIAN_POINT('',(0.,0.,-2.));
#15359 = DIRECTION('',(0.,0.,1.));
#15360 = DIRECTION('',(1.,0.,-0.));
#15361 = FACE_BOUND('',#15362,.F.);
#15362 = EDGE_LOOP('',(#15363));
#15363 = ORIENTED_EDGE('',*,*,#14767,.T.);
#15364 = PLANE('',#15365);
#15365 = AXIS2_PLACEMENT_3D('',#15366,#15367,#15368);
#15366 = CARTESIAN_POINT('',(0.,-4.4E-16,-2.));
#15367 = DIRECTION('',(0.,2.2E-16,1.));
#15368 = DIRECTION('',(1.,-0.,-0.));
#15369 = ADVANCED_FACE('',(#15370),#15429,.F.);
#15370 = FACE_BOUND('',#15371,.F.);
#15371 = EDGE_LOOP('',(#15372,#15373,#15380,#15381,#15382,#15390,#15397,
    #15398,#15399,#15400,#15407,#15408,#15409,#15410,#15417,#15418,
    #15419,#15420,#15427,#15428));
#15372 = ORIENTED_EDGE('',*,*,#15246,.F.);
#15373 = ORIENTED_EDGE('',*,*,#15374,.T.);
#15374 = EDGE_CURVE('',#15247,#15332,#15375,.T.);
#15375 = CIRCLE('',#15376,0.8);
#15376 = AXIS2_PLACEMENT_3D('',#15377,#15378,#15379);
#15377 = CARTESIAN_POINT('',(0.,1.67E-15,7.5));
#15378 = DIRECTION('',(0.,-2.2E-16,-1.));
#15379 = DIRECTION('',(1.,0.,0.));
#15380 = ORIENTED_EDGE('',*,*,#15339,.T.);
#15381 = ORIENTED_EDGE('',*,*,#14791,.T.);
#15382 = ORIENTED_EDGE('',*,*,#15383,.T.);
#15383 = EDGE_CURVE('',#14792,#15384,#15386,.T.);
#15384 = VERTEX_POINT('',#15385);
#15385 = CARTESIAN_POINT('',(0.8,0.,0.));
#15386 = LINE('',#15387,#15388);
#15387 = CARTESIAN_POINT('',(0.8,0.,7.5));
#15388 = VECTOR('',#15389,1.);
#15389 = DIRECTION('',(0.,0.,-1.));
#15390 = ORIENTED_EDGE('',*,*,#15391,.F.);
#15391 = EDGE_CURVE('',#15384,#15384,#15392,.T.);
#15392 = CIRCLE('',#15393,0.8);
#15393 = AXIS2_PLACEMENT_3D('',#15394,#15395,#15396);
#15394 = CARTESIAN_POINT('',(0.,0.,0.));
#15395 = DIRECTION('',(0.,-2.2E-16,-1.));
#15396 = DIRECTION('',(1.,0.,0.));
#15397 = ORIENTED_EDGE('',*,*,#15383,.F.);
#15398 = ORIENTED_EDGE('',*,*,#14800,.T.);
#15399 = ORIENTED_EDGE('',*,*,#14826,.F.);
#15400 = ORIENTED_EDGE('',*,*,#15401,.T.);
#15401 = EDGE_CURVE('',#14827,#14919,#15402,.T.);
#15402 = CIRCLE('',#15403,0.8);
#15403 = AXIS2_PLACEMENT_3D('',#15404,#15405,#15406);
#15404 = CARTESIAN_POINT('',(0.,1.67E-15,7.5));
#15405 = DIRECTION('',(0.,-2.2E-16,-1.));
#15406 = DIRECTION('',(1.,0.,0.));
#15407 = ORIENTED_EDGE('',*,*,#14926,.T.);
#15408 = ORIENTED_EDGE('',*,*,#14941,.T.);
#15409 = ORIENTED_EDGE('',*,*,#14966,.F.);
#15410 = ORIENTED_EDGE('',*,*,#15411,.T.);
#15411 = EDGE_CURVE('',#14967,#15059,#15412,.T.);
#15412 = CIRCLE('',#15413,0.8);
#15413 = AXIS2_PLACEMENT_3D('',#15414,#15415,#15416);
#15414 = CARTESIAN_POINT('',(0.,1.67E-15,7.5));
#15415 = DIRECTION('',(0.,-2.2E-16,-1.));
#15416 = DIRECTION('',(1.,0.,0.));
#15417 = ORIENTED_EDGE('',*,*,#15066,.T.);
#15418 = ORIENTED_EDGE('',*,*,#15081,.T.);
#15419 = ORIENTED_EDGE('',*,*,#15106,.F.);
#15420 = ORIENTED_EDGE('',*,*,#15421,.T.);
#15421 = EDGE_CURVE('',#15107,#15199,#15422,.T.);
#15422 = CIRCLE('',#15423,0.8);
#15423 = AXIS2_PLACEMENT_3D('',#15424,#15425,#15426);
#15424 = CARTESIAN_POINT('',(0.,1.67E-15,7.5));
#15425 = DIRECTION('',(0.,-2.2E-16,-1.));
#15426 = DIRECTION('',(1.,0.,0.));
#15427 = ORIENTED_EDGE('',*,*,#15206,.T.);
#15428 = ORIENTED_EDGE('',*,*,#15221,.T.);
#15429 = CYLINDRICAL_SURFACE('',#15430,0.8);
#15430 = AXIS2_PLACEMENT_3D('',#15431,#15432,#15433);
#15431 = CARTESIAN_POINT('',(0.,1.67E-15,7.5));
#15432 = DIRECTION('',(-0.,-2.2E-16,-1.));
#15433 = DIRECTION('',(1.,0.,0.));
#15434 = ADVANCED_FACE('',(#15435),#15441,.F.);
#15435 = FACE_BOUND('',#15436,.T.);
#15436 = EDGE_LOOP('',(#15437,#15438,#15439,#15440));
#15437 = ORIENTED_EDGE('',*,*,#14834,.T.);
#15438 = ORIENTED_EDGE('',*,*,#15401,.T.);
#15439 = ORIENTED_EDGE('',*,*,#14918,.T.);
#15440 = ORIENTED_EDGE('',*,*,#14889,.F.);
#15441 = PLANE('',#15442);
#15442 = AXIS2_PLACEMENT_3D('',#15443,#15444,#15445);
#15443 = CARTESIAN_POINT('',(0.,1.67E-15,7.5));
#15444 = DIRECTION('',(-0.,-2.2E-16,-1.));
#15445 = DIRECTION('',(1.,0.,0.));
#15446 = ADVANCED_FACE('',(#15447),#15453,.F.);
#15447 = FACE_BOUND('',#15448,.T.);
#15448 = EDGE_LOOP('',(#15449,#15450,#15451,#15452));
#15449 = ORIENTED_EDGE('',*,*,#14974,.T.);
#15450 = ORIENTED_EDGE('',*,*,#15411,.T.);
#15451 = ORIENTED_EDGE('',*,*,#15058,.T.);
#15452 = ORIENTED_EDGE('',*,*,#15029,.F.);
#15453 = PLANE('',#15454);
#15454 = AXIS2_PLACEMENT_3D('',#15455,#15456,#15457);
#15455 = CARTESIAN_POINT('',(0.,1.67E-15,7.5));
#15456 = DIRECTION('',(-0.,-2.2E-16,-1.));
#15457 = DIRECTION('',(1.,0.,0.));
#15458 = ADVANCED_FACE('',(#15459),#15465,.F.);
#15459 = FACE_BOUND('',#15460,.T.);
#15460 = EDGE_LOOP('',(#15461,#15462,#15463,#15464));
#15461 = ORIENTED_EDGE('',*,*,#15114,.T.);
#15462 = ORIENTED_EDGE('',*,*,#15421,.T.);
#15463 = ORIENTED_EDGE('',*,*,#15198,.T.);
#15464 = ORIENTED_EDGE('',*,*,#15169,.F.);
#15465 = PLANE('',#15466);
#15466 = AXIS2_PLACEMENT_3D('',#15467,#15468,#15469);
#15467 = CARTESIAN_POINT('',(0.,1.67E-15,7.5));
#15468 = DIRECTION('',(-0.,-2.2E-16,-1.));
#15469 = DIRECTION('',(1.,0.,0.));
#15470 = ADVANCED_FACE('',(#15471),#15477,.F.);
#15471 = FACE_BOUND('',#15472,.T.);
#15472 = EDGE_LOOP('',(#15473,#15474,#15475,#15476));
#15473 = ORIENTED_EDGE('',*,*,#15254,.T.);
#15474 = ORIENTED_EDGE('',*,*,#15374,.T.);
#15475 = ORIENTED_EDGE('',*,*,#15331,.T.);
#15476 = ORIENTED_EDGE('',*,*,#15309,.F.);
#15477 = PLANE('',#15478);
#15478 = AXIS2_PLACEMENT_3D('',#15479,#15480,#15481);
#15479 = CARTESIAN_POINT('',(0.,1.67E-15,7.5));
#15480 = DIRECTION('',(-0.,-2.2E-16,-1.));
#15481 = DIRECTION('',(1.,0.,0.));
#15482 = ADVANCED_FACE('',(#15483),#15536,.T.);
#15483 = FACE_BOUND('',#15484,.T.);
#15484 = EDGE_LOOP('',(#15485,#15486,#15494,#15503,#15511,#15520,#15528,
    #15535));
#15485 = ORIENTED_EDGE('',*,*,#15353,.F.);
#15486 = ORIENTED_EDGE('',*,*,#15487,.T.);
#15487 = EDGE_CURVE('',#15354,#15488,#15490,.T.);
#15488 = VERTEX_POINT('',#15489);
#15489 = CARTESIAN_POINT('',(2.14,-1.E-15,-12.));
#15490 = LINE('',#15491,#15492);
#15491 = CARTESIAN_POINT('',(2.14,0.,0.));
#15492 = VECTOR('',#15493,1.);
#15493 = DIRECTION('',(-0.,-0.,-1.));
#15494 = ORIENTED_EDGE('',*,*,#15495,.T.);
#15495 = EDGE_CURVE('',#15488,#15496,#15498,.T.);
#15496 = VERTEX_POINT('',#15497);
#15497 = CARTESIAN_POINT('',(0.,2.14,-12.));
#15498 = CIRCLE('',#15499,2.14);
#15499 = AXIS2_PLACEMENT_3D('',#15500,#15501,#15502);
#15500 = CARTESIAN_POINT('',(0.,0.,-12.));
#15501 = DIRECTION('',(0.,0.,1.));
#15502 = DIRECTION('',(1.,0.,0.));
#15503 = ORIENTED_EDGE('',*,*,#15504,.T.);
#15504 = EDGE_CURVE('',#15496,#15505,#15507,.T.);
#15505 = VERTEX_POINT('',#15506);
#15506 = CARTESIAN_POINT('',(0.,2.14,-9.2));
#15507 = LINE('',#15508,#15509);
#15508 = CARTESIAN_POINT('',(0.,2.14,0.));
#15509 = VECTOR('',#15510,1.);
#15510 = DIRECTION('',(0.,0.,1.));
#15511 = ORIENTED_EDGE('',*,*,#15512,.T.);
#15512 = EDGE_CURVE('',#15505,#15513,#15515,.T.);
#15513 = VERTEX_POINT('',#15514);
#15514 = CARTESIAN_POINT('',(0.,-2.14,-9.2));
#15515 = CIRCLE('',#15516,2.14);
#15516 = AXIS2_PLACEMENT_3D('',#15517,#15518,#15519);
#15517 = CARTESIAN_POINT('',(0.,0.,-9.2));
#15518 = DIRECTION('',(0.,0.,1.));
#15519 = DIRECTION('',(1.,0.,0.));
#15520 = ORIENTED_EDGE('',*,*,#15521,.F.);
#15521 = EDGE_CURVE('',#15522,#15513,#15524,.T.);
#15522 = VERTEX_POINT('',#15523);
#15523 = CARTESIAN_POINT('',(-0.,-2.14,-12.));
#15524 = LINE('',#15525,#15526);
#15525 = CARTESIAN_POINT('',(0.,-2.14,0.));
#15526 = VECTOR('',#15527,1.);
#15527 = DIRECTION('',(0.,0.,1.));
#15528 = ORIENTED_EDGE('',*,*,#15529,.T.);
#15529 = EDGE_CURVE('',#15522,#15488,#15530,.T.);
#15530 = CIRCLE('',#15531,2.14);
#15531 = AXIS2_PLACEMENT_3D('',#15532,#15533,#15534);
#15532 = CARTESIAN_POINT('',(0.,0.,-12.));
#15533 = DIRECTION('',(-0.,0.,1.));
#15534 = DIRECTION('',(2.646E-14,-1.,0.));
#15535 = ORIENTED_EDGE('',*,*,#15487,.F.);
#15536 = CYLINDRICAL_SURFACE('',#15537,2.14);
#15537 = AXIS2_PLACEMENT_3D('',#15538,#15539,#15540);
#15538 = CARTESIAN_POINT('',(0.,0.,0.));
#15539 = DIRECTION('',(0.,0.,1.));
#15540 = DIRECTION('',(1.,0.,0.));
#15541 = ADVANCED_FACE('',(#15542),#15545,.T.);
#15542 = FACE_BOUND('',#15543,.T.);
#15543 = EDGE_LOOP('',(#15544));
#15544 = ORIENTED_EDGE('',*,*,#15391,.F.);
#15545 = PLANE('',#15546);
#15546 = AXIS2_PLACEMENT_3D('',#15547,#15548,#15549);
#15547 = CARTESIAN_POINT('',(-1.6E-16,7.E-17,0.));
#15548 = DIRECTION('',(0.,0.,1.));
#15549 = DIRECTION('',(1.,0.,0.));
#15550 = ADVANCED_FACE('',(#15551),#15578,.T.);
#15551 = FACE_BOUND('',#15552,.F.);
#15552 = EDGE_LOOP('',(#15553,#15562,#15563,#15571));
#15553 = ORIENTED_EDGE('',*,*,#15554,.F.);
#15554 = EDGE_CURVE('',#15522,#15555,#15557,.T.);
#15555 = VERTEX_POINT('',#15556);
#15556 = CARTESIAN_POINT('',(0.2,-1.929663183045,-12.2));
#15557 = PARABOLA('',#15558,0.75660425587);
#15558 = AXIS2_PLACEMENT_3D('',#15559,#15560,#15561);
#15559 = CARTESIAN_POINT('',(1.07,0.,-13.07));
#15560 = DIRECTION('',(-0.707106781187,0.,-0.707106781187));
#15561 = DIRECTION('',(-0.707106781187,0.,0.707106781187));
#15562 = ORIENTED_EDGE('',*,*,#15529,.T.);
#15563 = ORIENTED_EDGE('',*,*,#15564,.T.);
#15564 = EDGE_CURVE('',#15488,#15565,#15567,.T.);
#15565 = VERTEX_POINT('',#15566);
#15566 = CARTESIAN_POINT('',(1.94,0.,-12.2));
#15567 = LINE('',#15568,#15569);
#15568 = CARTESIAN_POINT('',(2.14,-5.2E-16,-12.));
#15569 = VECTOR('',#15570,1.);
#15570 = DIRECTION('',(-0.707106781187,1.7E-16,-0.707106781187));
#15571 = ORIENTED_EDGE('',*,*,#15572,.F.);
#15572 = EDGE_CURVE('',#15555,#15565,#15573,.T.);
#15573 = CIRCLE('',#15574,1.94);
#15574 = AXIS2_PLACEMENT_3D('',#15575,#15576,#15577);
#15575 = CARTESIAN_POINT('',(0.,0.,-12.2));
#15576 = DIRECTION('',(-0.,0.,1.));
#15577 = DIRECTION('',(2.646E-14,-1.,0.));
#15578 = CONICAL_SURFACE('',#15579,2.14,0.785398163397);
#15579 = AXIS2_PLACEMENT_3D('',#15580,#15581,#15582);
#15580 = CARTESIAN_POINT('',(0.,0.,-12.));
#15581 = DIRECTION('',(0.,0.,1.));
#15582 = DIRECTION('',(2.646E-14,-1.,0.));
#15583 = ADVANCED_FACE('',(#15584),#15609,.F.);
#15584 = FACE_BOUND('',#15585,.F.);
#15585 = EDGE_LOOP('',(#15586,#15587,#15595,#15603));
#15586 = ORIENTED_EDGE('',*,*,#15521,.F.);
#15587 = ORIENTED_EDGE('',*,*,#15588,.T.);
#15588 = EDGE_CURVE('',#15522,#15589,#15591,.T.);
#15589 = VERTEX_POINT('',#15590);
#15590 = CARTESIAN_POINT('',(0.,-1.4,-12.));
#15591 = LINE('',#15592,#15593);
#15592 = CARTESIAN_POINT('',(0.,-2.14,-12.));
#15593 = VECTOR('',#15594,1.);
#15594 = DIRECTION('',(0.,1.,-2.2E-16));
#15595 = ORIENTED_EDGE('',*,*,#15596,.T.);
#15596 = EDGE_CURVE('',#15589,#15597,#15599,.T.);
#15597 = VERTEX_POINT('',#15598);
#15598 = CARTESIAN_POINT('',(0.,-1.4,-9.2));
#15599 = LINE('',#15600,#15601);
#15600 = CARTESIAN_POINT('',(0.,-1.4,-12.2));
#15601 = VECTOR('',#15602,1.);
#15602 = DIRECTION('',(0.,0.,1.));
#15603 = ORIENTED_EDGE('',*,*,#15604,.F.);
#15604 = EDGE_CURVE('',#15513,#15597,#15605,.T.);
#15605 = LINE('',#15606,#15607);
#15606 = CARTESIAN_POINT('',(0.,-5.,-9.2));
#15607 = VECTOR('',#15608,1.);
#15608 = DIRECTION('',(0.,1.,-2.2E-16));
#15609 = PLANE('',#15610);
#15610 = AXIS2_PLACEMENT_3D('',#15611,#15612,#15613);
#15611 = CARTESIAN_POINT('',(0.,-5.,-12.2));
#15612 = DIRECTION('',(1.,0.,0.));
#15613 = DIRECTION('',(0.,2.2E-16,1.));
#15614 = ADVANCED_FACE('',(#15615),#15643,.F.);
#15615 = FACE_BOUND('',#15616,.F.);
#15616 = EDGE_LOOP('',(#15617,#15618,#15619,#15628,#15637));
#15617 = ORIENTED_EDGE('',*,*,#15512,.T.);
#15618 = ORIENTED_EDGE('',*,*,#15604,.T.);
#15619 = ORIENTED_EDGE('',*,*,#15620,.F.);
#15620 = EDGE_CURVE('',#15621,#15597,#15623,.T.);
#15621 = VERTEX_POINT('',#15622);
#15622 = CARTESIAN_POINT('',(-1.4,0.,-9.2));
#15623 = CIRCLE('',#15624,1.4);
#15624 = AXIS2_PLACEMENT_3D('',#15625,#15626,#15627);
#15625 = CARTESIAN_POINT('',(0.,0.,-9.2));
#15626 = DIRECTION('',(0.,0.,1.));
#15627 = DIRECTION('',(-1.,0.,0.));
#15628 = ORIENTED_EDGE('',*,*,#15629,.F.);
#15629 = EDGE_CURVE('',#15630,#15621,#15632,.T.);
#15630 = VERTEX_POINT('',#15631);
#15631 = CARTESIAN_POINT('',(0.,1.4,-9.2));
#15632 = CIRCLE('',#15633,1.4);
#15633 = AXIS2_PLACEMENT_3D('',#15634,#15635,#15636);
#15634 = CARTESIAN_POINT('',(0.,0.,-9.2));
#15635 = DIRECTION('',(0.,0.,1.));
#15636 = DIRECTION('',(-1.,0.,0.));
#15637 = ORIENTED_EDGE('',*,*,#15638,.T.);
#15638 = EDGE_CURVE('',#15630,#15505,#15639,.T.);
#15639 = LINE('',#15640,#15641);
#15640 = CARTESIAN_POINT('',(0.,-5.,-9.2));
#15641 = VECTOR('',#15642,1.);
#15642 = DIRECTION('',(0.,1.,-2.2E-16));
#15643 = PLANE('',#15644);
#15644 = AXIS2_PLACEMENT_3D('',#15645,#15646,#15647);
#15645 = CARTESIAN_POINT('',(0.,-5.,-9.2));
#15646 = DIRECTION('',(0.,2.2E-16,1.));
#15647 = DIRECTION('',(-1.,0.,0.));
#15648 = ADVANCED_FACE('',(#15649),#15667,.F.);
#15649 = FACE_BOUND('',#15650,.F.);
#15650 = EDGE_LOOP('',(#15651,#15659,#15665,#15666));
#15651 = ORIENTED_EDGE('',*,*,#15652,.F.);
#15652 = EDGE_CURVE('',#15653,#15630,#15655,.T.);
#15653 = VERTEX_POINT('',#15654);
#15654 = CARTESIAN_POINT('',(0.,1.4,-12.));
#15655 = LINE('',#15656,#15657);
#15656 = CARTESIAN_POINT('',(0.,1.4,-12.2));
#15657 = VECTOR('',#15658,1.);
#15658 = DIRECTION('',(0.,0.,1.));
#15659 = ORIENTED_EDGE('',*,*,#15660,.T.);
#15660 = EDGE_CURVE('',#15653,#15496,#15661,.T.);
#15661 = LINE('',#15662,#15663);
#15662 = CARTESIAN_POINT('',(0.,1.4,-12.));
#15663 = VECTOR('',#15664,1.);
#15664 = DIRECTION('',(0.,1.,-2.2E-16));
#15665 = ORIENTED_EDGE('',*,*,#15504,.T.);
#15666 = ORIENTED_EDGE('',*,*,#15638,.F.);
#15667 = PLANE('',#15668);
#15668 = AXIS2_PLACEMENT_3D('',#15669,#15670,#15671);
#15669 = CARTESIAN_POINT('',(0.,-5.,-12.2));
#15670 = DIRECTION('',(1.,0.,0.));
#15671 = DIRECTION('',(0.,2.2E-16,1.));
#15672 = ADVANCED_FACE('',(#15673),#15693,.T.);
#15673 = FACE_BOUND('',#15674,.F.);
#15674 = EDGE_LOOP('',(#15675,#15676,#15677,#15686));
#15675 = ORIENTED_EDGE('',*,*,#15564,.F.);
#15676 = ORIENTED_EDGE('',*,*,#15495,.T.);
#15677 = ORIENTED_EDGE('',*,*,#15678,.T.);
#15678 = EDGE_CURVE('',#15496,#15679,#15681,.T.);
#15679 = VERTEX_POINT('',#15680);
#15680 = CARTESIAN_POINT('',(0.2,1.929663183045,-12.2));
#15681 = PARABOLA('',#15682,0.75660425587);
#15682 = AXIS2_PLACEMENT_3D('',#15683,#15684,#15685);
#15683 = CARTESIAN_POINT('',(1.07,0.,-13.07));
#15684 = DIRECTION('',(0.707106781187,0.,0.707106781187));
#15685 = DIRECTION('',(-0.707106781187,0.,0.707106781187));
#15686 = ORIENTED_EDGE('',*,*,#15687,.F.);
#15687 = EDGE_CURVE('',#15565,#15679,#15688,.T.);
#15688 = CIRCLE('',#15689,1.94);
#15689 = AXIS2_PLACEMENT_3D('',#15690,#15691,#15692);
#15690 = CARTESIAN_POINT('',(0.,0.,-12.2));
#15691 = DIRECTION('',(0.,0.,1.));
#15692 = DIRECTION('',(1.,0.,0.));
#15693 = CONICAL_SURFACE('',#15694,2.14,0.785398163397);
#15694 = AXIS2_PLACEMENT_3D('',#15695,#15696,#15697);
#15695 = CARTESIAN_POINT('',(0.,0.,-12.));
#15696 = DIRECTION('',(0.,0.,1.));
#15697 = DIRECTION('',(1.,0.,0.));
#15698 = ADVANCED_FACE('',(#15699),#15718,.T.);
#15699 = FACE_BOUND('',#15700,.F.);
#15700 = EDGE_LOOP('',(#15701,#15702,#15710,#15717));
#15701 = ORIENTED_EDGE('',*,*,#15554,.T.);
#15702 = ORIENTED_EDGE('',*,*,#15703,.T.);
#15703 = EDGE_CURVE('',#15555,#15704,#15706,.T.);
#15704 = VERTEX_POINT('',#15705);
#15705 = CARTESIAN_POINT('',(0.2,-1.587450786639,-12.2));
#15706 = LINE('',#15707,#15708);
#15707 = CARTESIAN_POINT('',(0.2,-2.14,-12.2));
#15708 = VECTOR('',#15709,1.);
#15709 = DIRECTION('',(0.,1.,-2.2E-16));
#15710 = ORIENTED_EDGE('',*,*,#15711,.T.);
#15711 = EDGE_CURVE('',#15704,#15589,#15712,.T.);
#15712 = PARABOLA('',#15713,0.494974746831);
#15713 = AXIS2_PLACEMENT_3D('',#15714,#15715,#15716);
#15714 = CARTESIAN_POINT('',(-0.7,0.,-11.3));
#15715 = DIRECTION('',(0.707106781187,-0.,0.707106781187));
#15716 = DIRECTION('',(0.707106781187,0.,-0.707106781187));
#15717 = ORIENTED_EDGE('',*,*,#15588,.F.);
#15718 = PLANE('',#15719);
#15719 = AXIS2_PLACEMENT_3D('',#15720,#15721,#15722);
#15720 = CARTESIAN_POINT('',(0.1,-2.14,-12.1));
#15721 = DIRECTION('',(-0.707106781187,0.,-0.707106781187));
#15722 = DIRECTION('',(-1.1E-16,-1.,1.1E-16));
#15723 = ADVANCED_FACE('',(#15724),#15744,.F.);
#15724 = FACE_BOUND('',#15725,.F.);
#15725 = EDGE_LOOP('',(#15726,#15727,#15728,#15736,#15743));
#15726 = ORIENTED_EDGE('',*,*,#15572,.T.);
#15727 = ORIENTED_EDGE('',*,*,#15687,.T.);
#15728 = ORIENTED_EDGE('',*,*,#15729,.F.);
#15729 = EDGE_CURVE('',#15730,#15679,#15732,.T.);
#15730 = VERTEX_POINT('',#15731);
#15731 = CARTESIAN_POINT('',(0.2,1.587450786639,-12.2));
#15732 = LINE('',#15733,#15734);
#15733 = CARTESIAN_POINT('',(0.2,1.4,-12.2));
#15734 = VECTOR('',#15735,1.);
#15735 = DIRECTION('',(0.,1.,-2.2E-16));
#15736 = ORIENTED_EDGE('',*,*,#15737,.T.);
#15737 = EDGE_CURVE('',#15730,#15704,#15738,.T.);
#15738 = CIRCLE('',#15739,1.6);
#15739 = AXIS2_PLACEMENT_3D('',#15740,#15741,#15742);
#15740 = CARTESIAN_POINT('',(0.,0.,-12.2));
#15741 = DIRECTION('',(0.,0.,-1.));
#15742 = DIRECTION('',(1.748E-14,1.,0.));
#15743 = ORIENTED_EDGE('',*,*,#15703,.F.);
#15744 = PLANE('',#15745);
#15745 = AXIS2_PLACEMENT_3D('',#15746,#15747,#15748);
#15746 = CARTESIAN_POINT('',(-1.6E-16,7.E-17,-12.2));
#15747 = DIRECTION('',(0.,0.,1.));
#15748 = DIRECTION('',(1.,0.,0.));
#15749 = ADVANCED_FACE('',(#15750),#15779,.F.);
#15750 = FACE_BOUND('',#15751,.T.);
#15751 = EDGE_LOOP('',(#15752,#15753,#15754,#15762,#15769,#15770,#15771,
    #15772));
#15752 = ORIENTED_EDGE('',*,*,#15596,.T.);
#15753 = ORIENTED_EDGE('',*,*,#15620,.F.);
#15754 = ORIENTED_EDGE('',*,*,#15755,.T.);
#15755 = EDGE_CURVE('',#15621,#15756,#15758,.T.);
#15756 = VERTEX_POINT('',#15757);
#15757 = CARTESIAN_POINT('',(-1.4,0.,-2.7));
#15758 = LINE('',#15759,#15760);
#15759 = CARTESIAN_POINT('',(-1.4,0.,-12.2));
#15760 = VECTOR('',#15761,1.);
#15761 = DIRECTION('',(7.E-17,0.,1.));
#15762 = ORIENTED_EDGE('',*,*,#15763,.F.);
#15763 = EDGE_CURVE('',#15756,#15756,#15764,.T.);
#15764 = CIRCLE('',#15765,1.4);
#15765 = AXIS2_PLACEMENT_3D('',#15766,#15767,#15768);
#15766 = CARTESIAN_POINT('',(0.,0.,-2.7));
#15767 = DIRECTION('',(0.,0.,-1.));
#15768 = DIRECTION('',(-1.,0.,0.));
#15769 = ORIENTED_EDGE('',*,*,#15755,.F.);
#15770 = ORIENTED_EDGE('',*,*,#15629,.F.);
#15771 = ORIENTED_EDGE('',*,*,#15652,.F.);
#15772 = ORIENTED_EDGE('',*,*,#15773,.T.);
#15773 = EDGE_CURVE('',#15653,#15589,#15774,.T.);
#15774 = CIRCLE('',#15775,1.4);
#15775 = AXIS2_PLACEMENT_3D('',#15776,#15777,#15778);
#15776 = CARTESIAN_POINT('',(0.,0.,-12.));
#15777 = DIRECTION('',(0.,0.,-1.));
#15778 = DIRECTION('',(1.748E-14,1.,0.));
#15779 = CYLINDRICAL_SURFACE('',#15780,1.4);
#15780 = AXIS2_PLACEMENT_3D('',#15781,#15782,#15783);
#15781 = CARTESIAN_POINT('',(0.,0.,-12.2));
#15782 = DIRECTION('',(0.,0.,1.));
#15783 = DIRECTION('',(-1.,0.,0.));
#15784 = ADVANCED_FACE('',(#15785),#15797,.T.);
#15785 = FACE_BOUND('',#15786,.F.);
#15786 = EDGE_LOOP('',(#15787,#15794,#15795,#15796));
#15787 = ORIENTED_EDGE('',*,*,#15788,.F.);
#15788 = EDGE_CURVE('',#15730,#15653,#15789,.T.);
#15789 = PARABOLA('',#15790,0.494974746831);
#15790 = AXIS2_PLACEMENT_3D('',#15791,#15792,#15793);
#15791 = CARTESIAN_POINT('',(-0.7,0.,-11.3));
#15792 = DIRECTION('',(-0.707106781187,-0.,-0.707106781187));
#15793 = DIRECTION('',(0.707106781187,0.,-0.707106781187));
#15794 = ORIENTED_EDGE('',*,*,#15729,.T.);
#15795 = ORIENTED_EDGE('',*,*,#15678,.F.);
#15796 = ORIENTED_EDGE('',*,*,#15660,.F.);
#15797 = PLANE('',#15798);
#15798 = AXIS2_PLACEMENT_3D('',#15799,#15800,#15801);
#15799 = CARTESIAN_POINT('',(0.1,1.4,-12.1));
#15800 = DIRECTION('',(-0.707106781187,0.,-0.707106781187));
#15801 = DIRECTION('',(-1.1E-16,-1.,1.1E-16));
#15802 = ADVANCED_FACE('',(#15803),#15809,.F.);
#15803 = FACE_BOUND('',#15804,.T.);
#15804 = EDGE_LOOP('',(#15805,#15806,#15807,#15808));
#15805 = ORIENTED_EDGE('',*,*,#15788,.F.);
#15806 = ORIENTED_EDGE('',*,*,#15737,.T.);
#15807 = ORIENTED_EDGE('',*,*,#15711,.T.);
#15808 = ORIENTED_EDGE('',*,*,#15773,.F.);
#15809 = CONICAL_SURFACE('',#15810,1.4,0.785398163397);
#15810 = AXIS2_PLACEMENT_3D('',#15811,#15812,#15813);
#15811 = CARTESIAN_POINT('',(0.,0.,-12.));
#15812 = DIRECTION('',(-0.,-0.,-1.));
#15813 = DIRECTION('',(1.748E-14,1.,0.));
#15814 = ADVANCED_FACE('',(#15815),#15827,.F.);
#15815 = FACE_BOUND('',#15816,.T.);
#15816 = EDGE_LOOP('',(#15817,#15818,#15826));
#15817 = ORIENTED_EDGE('',*,*,#15763,.T.);
#15818 = ORIENTED_EDGE('',*,*,#15819,.T.);
#15819 = EDGE_CURVE('',#15756,#15820,#15822,.T.);
#15820 = VERTEX_POINT('',#15821);
#15821 = CARTESIAN_POINT('',(0.,0.,-1.858795133361));
#15822 = LINE('',#15823,#15824);
#15823 = CARTESIAN_POINT('',(-1.4,0.,-2.7));
#15824 = VECTOR('',#15825,1.);
#15825 = DIRECTION('',(0.857167300702,0.,0.51503807491));
#15826 = ORIENTED_EDGE('',*,*,#15819,.F.);
#15827 = CONICAL_SURFACE('',#15828,1.4,1.029744258677);
#15828 = AXIS2_PLACEMENT_3D('',#15829,#15830,#15831);
#15829 = CARTESIAN_POINT('',(0.,0.,-2.7));
#15830 = DIRECTION('',(-0.,-0.,-1.));
#15831 = DIRECTION('',(-1.,0.,0.));
#15832 = ( GEOMETRIC_REPRESENTATION_CONTEXT(3) 
GLOBAL_UNCERTAINTY_ASSIGNED_CONTEXT((#15836)) 
GLOBAL_UNIT_ASSIGNED_CONTEXT((#15833,#15834,#15835)) 
REPRESENTATION_CONTEXT('Context #1',
  '3D Context with UNIT and UNCERTAINTY') );
#15833 = ( LENGTH_UNIT() NAMED_UNIT(*) SI_UNIT(.MILLI.,.METRE.) );
#15834 = ( NAMED_UNIT(*) PLANE_ANGLE_UNIT() SI_UNIT($,.RADIAN.) );
#15835 = ( NAMED_UNIT(*) SI_UNIT($,.STERADIAN.) SOLID_ANGLE_UNIT() );
#15836 = UNCERTAINTY_MEASURE_WITH_UNIT(LENGTH_MEASURE(2.E-06),#15833,
  'distance_accuracy_value','confusion accuracy');
#15837 = CONTEXT_DEPENDENT_SHAPE_REPRESENTATION(#15838,#15840);
#15838 = ( REPRESENTATION_RELATIONSHIP('','',#14517,#10) 
REPRESENTATION_RELATIONSHIP_WITH_TRANSFORMATION(#15839) 
SHAPE_REPRESENTATION_RELATIONSHIP() );
#15839 = ITEM_DEFINED_TRANSFORMATION('','',#11,#19);
#15840 = PRODUCT_DEFINITION_SHAPE('Placement','Placement of an item',
  #15841);
#15841 = NEXT_ASSEMBLY_USAGE_OCCURRENCE('2','male001','',#5,#14512,$);
#15842 = PRODUCT_RELATED_PRODUCT_CATEGORY('part',$,(#14514));
#15843 = SHAPE_DEFINITION_REPRESENTATION(#15844,#15850);
#15844 = PRODUCT_DEFINITION_SHAPE('','',#15845);
#15845 = PRODUCT_DEFINITION('design','',#15846,#15849);
#15846 = PRODUCT_DEFINITION_FORMATION('','',#15847);
#15847 = PRODUCT('male002','male002','',(#15848));
#15848 = PRODUCT_CONTEXT('',#2,'mechanical');
#15849 = PRODUCT_DEFINITION_CONTEXT('part definition',#2,'design');
#15850 = ADVANCED_BREP_SHAPE_REPRESENTATION('',(#11,#15851),#17165);
#15851 = MANIFOLD_SOLID_BREP('',#15852);
#15852 = CLOSED_SHELL('',(#15853,#15886,#15906,#15926,#16087,#16112,
    #16154,#16197,#16237,#16269,#16294,#16337,#16377,#16409,#16434,
    #16477,#16517,#16549,#16574,#16617,#16657,#16682,#16702,#16767,
    #16779,#16791,#16803,#16815,#16874,#16883,#16916,#16947,#16981,
    #17005,#17031,#17056,#17082,#17117,#17135,#17147));
#15853 = ADVANCED_FACE('',(#15854),#15881,.T.);
#15854 = FACE_BOUND('',#15855,.T.);
#15855 = EDGE_LOOP('',(#15856,#15865,#15873,#15880));
#15856 = ORIENTED_EDGE('',*,*,#15857,.F.);
#15857 = EDGE_CURVE('',#15858,#15858,#15860,.T.);
#15858 = VERTEX_POINT('',#15859);
#15859 = CARTESIAN_POINT('',(2.14,0.,0.));
#15860 = CIRCLE('',#15861,2.14);
#15861 = AXIS2_PLACEMENT_3D('',#15862,#15863,#15864);
#15862 = CARTESIAN_POINT('',(0.,0.,0.));
#15863 = DIRECTION('',(0.,0.,1.));
#15864 = DIRECTION('',(1.,0.,0.));
#15865 = ORIENTED_EDGE('',*,*,#15866,.T.);
#15866 = EDGE_CURVE('',#15858,#15867,#15869,.T.);
#15867 = VERTEX_POINT('',#15868);
#15868 = CARTESIAN_POINT('',(2.14,0.,-1.));
#15869 = LINE('',#15870,#15871);
#15870 = CARTESIAN_POINT('',(2.14,0.,0.));
#15871 = VECTOR('',#15872,1.);
#15872 = DIRECTION('',(-0.,-0.,-1.));
#15873 = ORIENTED_EDGE('',*,*,#15874,.T.);
#15874 = EDGE_CURVE('',#15867,#15867,#15875,.T.);
#15875 = CIRCLE('',#15876,2.14);
#15876 = AXIS2_PLACEMENT_3D('',#15877,#15878,#15879);
#15877 = CARTESIAN_POINT('',(0.,0.,-1.));
#15878 = DIRECTION('',(0.,0.,1.));
#15879 = DIRECTION('',(1.,0.,-0.));
#15880 = ORIENTED_EDGE('',*,*,#15866,.F.);
#15881 = CYLINDRICAL_SURFACE('',#15882,2.14);
#15882 = AXIS2_PLACEMENT_3D('',#15883,#15884,#15885);
#15883 = CARTESIAN_POINT('',(0.,0.,0.));
#15884 = DIRECTION('',(0.,0.,1.));
#15885 = DIRECTION('',(1.,0.,0.));
#15886 = ADVANCED_FACE('',(#15887,#15890),#15901,.T.);
#15887 = FACE_BOUND('',#15888,.T.);
#15888 = EDGE_LOOP('',(#15889));
#15889 = ORIENTED_EDGE('',*,*,#15857,.T.);
#15890 = FACE_BOUND('',#15891,.T.);
#15891 = EDGE_LOOP('',(#15892));
#15892 = ORIENTED_EDGE('',*,*,#15893,.T.);
#15893 = EDGE_CURVE('',#15894,#15894,#15896,.T.);
#15894 = VERTEX_POINT('',#15895);
#15895 = CARTESIAN_POINT('',(1.75,0.,0.));
#15896 = CIRCLE('',#15897,1.75);
#15897 = AXIS2_PLACEMENT_3D('',#15898,#15899,#15900);
#15898 = CARTESIAN_POINT('',(0.,0.,0.));
#15899 = DIRECTION('',(0.,-2.2E-16,-1.));
#15900 = DIRECTION('',(1.,0.,0.));
#15901 = PLANE('',#15902);
#15902 = AXIS2_PLACEMENT_3D('',#15903,#15904,#15905);
#15903 = CARTESIAN_POINT('',(-1.6E-16,7.E-17,0.));
#15904 = DIRECTION('',(0.,0.,1.));
#15905 = DIRECTION('',(1.,0.,0.));
#15906 = ADVANCED_FACE('',(#15907,#15910),#15921,.F.);
#15907 = FACE_BOUND('',#15908,.F.);
#15908 = EDGE_LOOP('',(#15909));
#15909 = ORIENTED_EDGE('',*,*,#15874,.T.);
#15910 = FACE_BOUND('',#15911,.F.);
#15911 = EDGE_LOOP('',(#15912));
#15912 = ORIENTED_EDGE('',*,*,#15913,.F.);
#15913 = EDGE_CURVE('',#15914,#15914,#15916,.T.);
#15914 = VERTEX_POINT('',#15915);
#15915 = CARTESIAN_POINT('',(1.91698,0.,-1.));
#15916 = CIRCLE('',#15917,1.91698);
#15917 = AXIS2_PLACEMENT_3D('',#15918,#15919,#15920);
#15918 = CARTESIAN_POINT('',(0.,-2.2E-16,-1.));
#15919 = DIRECTION('',(-0.,2.2E-16,1.));
#15920 = DIRECTION('',(1.,0.,0.));
#15921 = PLANE('',#15922);
#15922 = AXIS2_PLACEMENT_3D('',#15923,#15924,#15925);
#15923 = CARTESIAN_POINT('',(0.,-2.2E-16,-1.));
#15924 = DIRECTION('',(0.,2.2E-16,1.));
#15925 = DIRECTION('',(1.,0.,-0.));
#15926 = ADVANCED_FACE('',(#15927),#16082,.T.);
#15927 = FACE_BOUND('',#15928,.F.);
#15928 = EDGE_LOOP('',(#15929,#15937,#15938,#15939,#15948,#15956,#15965,
    #15973,#15982,#15990,#15999,#16007,#16016,#16024,#16033,#16041,
    #16050,#16058,#16067,#16075));
#15929 = ORIENTED_EDGE('',*,*,#15930,.F.);
#15930 = EDGE_CURVE('',#15894,#15931,#15933,.T.);
#15931 = VERTEX_POINT('',#15932);
#15932 = CARTESIAN_POINT('',(1.75,0.,0.2));
#15933 = LINE('',#15934,#15935);
#15934 = CARTESIAN_POINT('',(1.75,0.,0.));
#15935 = VECTOR('',#15936,1.);
#15936 = DIRECTION('',(0.,0.,1.));
#15937 = ORIENTED_EDGE('',*,*,#15893,.T.);
#15938 = ORIENTED_EDGE('',*,*,#15930,.T.);
#15939 = ORIENTED_EDGE('',*,*,#15940,.T.);
#15940 = EDGE_CURVE('',#15931,#15941,#15943,.T.);
#15941 = VERTEX_POINT('',#15942);
#15942 = CARTESIAN_POINT('',(1.741483800069,0.172436,0.2));
#15943 = CIRCLE('',#15944,1.75);
#15944 = AXIS2_PLACEMENT_3D('',#15945,#15946,#15947);
#15945 = CARTESIAN_POINT('',(0.,4.E-17,0.2));
#15946 = DIRECTION('',(-0.,2.2E-16,1.));
#15947 = DIRECTION('',(1.,0.,0.));
#15948 = ORIENTED_EDGE('',*,*,#15949,.T.);
#15949 = EDGE_CURVE('',#15941,#15950,#15952,.T.);
#15950 = VERTEX_POINT('',#15951);
#15951 = CARTESIAN_POINT('',(1.741483800069,0.172436,6.63568));
#15952 = LINE('',#15953,#15954);
#15953 = CARTESIAN_POINT('',(1.741483800069,0.172436,0.));
#15954 = VECTOR('',#15955,1.);
#15955 = DIRECTION('',(0.,2.2E-16,1.));
#15956 = ORIENTED_EDGE('',*,*,#15957,.F.);
#15957 = EDGE_CURVE('',#15958,#15950,#15960,.T.);
#15958 = VERTEX_POINT('',#15959);
#15959 = CARTESIAN_POINT('',(0.172436,1.741483800069,6.63568));
#15960 = CIRCLE('',#15961,1.75);
#15961 = AXIS2_PLACEMENT_3D('',#15962,#15963,#15964);
#15962 = CARTESIAN_POINT('',(0.,1.47E-15,6.63568));
#15963 = DIRECTION('',(0.,-2.2E-16,-1.));
#15964 = DIRECTION('',(1.,0.,0.));
#15965 = ORIENTED_EDGE('',*,*,#15966,.F.);
#15966 = EDGE_CURVE('',#15967,#15958,#15969,.T.);
#15967 = VERTEX_POINT('',#15968);
#15968 = CARTESIAN_POINT('',(0.172436,1.741483800069,0.2));
#15969 = LINE('',#15970,#15971);
#15970 = CARTESIAN_POINT('',(0.172436,1.741483800069,-3.9E-16));
#15971 = VECTOR('',#15972,1.);
#15972 = DIRECTION('',(0.,2.2E-16,1.));
#15973 = ORIENTED_EDGE('',*,*,#15974,.T.);
#15974 = EDGE_CURVE('',#15967,#15975,#15977,.T.);
#15975 = VERTEX_POINT('',#15976);
#15976 = CARTESIAN_POINT('',(-0.172436,1.741483800069,0.2));
#15977 = CIRCLE('',#15978,1.75);
#15978 = AXIS2_PLACEMENT_3D('',#15979,#15980,#15981);
#15979 = CARTESIAN_POINT('',(0.,4.E-17,0.2));
#15980 = DIRECTION('',(-0.,2.2E-16,1.));
#15981 = DIRECTION('',(1.,0.,0.));
#15982 = ORIENTED_EDGE('',*,*,#15983,.T.);
#15983 = EDGE_CURVE('',#15975,#15984,#15986,.T.);
#15984 = VERTEX_POINT('',#15985);
#15985 = CARTESIAN_POINT('',(-0.172436,1.741483800069,6.63568));
#15986 = LINE('',#15987,#15988);
#15987 = CARTESIAN_POINT('',(-0.172436,1.741483800069,-3.9E-16));
#15988 = VECTOR('',#15989,1.);
#15989 = DIRECTION('',(0.,2.2E-16,1.));
#15990 = ORIENTED_EDGE('',*,*,#15991,.F.);
#15991 = EDGE_CURVE('',#15992,#15984,#15994,.T.);
#15992 = VERTEX_POINT('',#15993);
#15993 = CARTESIAN_POINT('',(-1.741483800069,0.172436,6.63568));
#15994 = CIRCLE('',#15995,1.75);
#15995 = AXIS2_PLACEMENT_3D('',#15996,#15997,#15998);
#15996 = CARTESIAN_POINT('',(0.,1.47E-15,6.63568));
#15997 = DIRECTION('',(0.,-2.2E-16,-1.));
#15998 = DIRECTION('',(1.,0.,0.));
#15999 = ORIENTED_EDGE('',*,*,#16000,.F.);
#16000 = EDGE_CURVE('',#16001,#15992,#16003,.T.);
#16001 = VERTEX_POINT('',#16002);
#16002 = CARTESIAN_POINT('',(-1.741483800069,0.172436,0.2));
#16003 = LINE('',#16004,#16005);
#16004 = CARTESIAN_POINT('',(-1.741483800069,0.172436,0.));
#16005 = VECTOR('',#16006,1.);
#16006 = DIRECTION('',(0.,2.2E-16,1.));
#16007 = ORIENTED_EDGE('',*,*,#16008,.T.);
#16008 = EDGE_CURVE('',#16001,#16009,#16011,.T.);
#16009 = VERTEX_POINT('',#16010);
#16010 = CARTESIAN_POINT('',(-1.741483800069,-0.172436,0.2));
#16011 = CIRCLE('',#16012,1.75);
#16012 = AXIS2_PLACEMENT_3D('',#16013,#16014,#16015);
#16013 = CARTESIAN_POINT('',(0.,4.E-17,0.2));
#16014 = DIRECTION('',(-0.,2.2E-16,1.));
#16015 = DIRECTION('',(1.,0.,0.));
#16016 = ORIENTED_EDGE('',*,*,#16017,.T.);
#16017 = EDGE_CURVE('',#16009,#16018,#16020,.T.);
#16018 = VERTEX_POINT('',#16019);
#16019 = CARTESIAN_POINT('',(-1.741483800069,-0.172436,6.63568));
#16020 = LINE('',#16021,#16022);
#16021 = CARTESIAN_POINT('',(-1.741483800069,-0.172436,0.));
#16022 = VECTOR('',#16023,1.);
#16023 = DIRECTION('',(0.,2.2E-16,1.));
#16024 = ORIENTED_EDGE('',*,*,#16025,.F.);
#16025 = EDGE_CURVE('',#16026,#16018,#16028,.T.);
#16026 = VERTEX_POINT('',#16027);
#16027 = CARTESIAN_POINT('',(-0.172436,-1.741483800069,6.63568));
#16028 = CIRCLE('',#16029,1.75);
#16029 = AXIS2_PLACEMENT_3D('',#16030,#16031,#16032);
#16030 = CARTESIAN_POINT('',(0.,1.47E-15,6.63568));
#16031 = DIRECTION('',(0.,-2.2E-16,-1.));
#16032 = DIRECTION('',(1.,0.,0.));
#16033 = ORIENTED_EDGE('',*,*,#16034,.F.);
#16034 = EDGE_CURVE('',#16035,#16026,#16037,.T.);
#16035 = VERTEX_POINT('',#16036);
#16036 = CARTESIAN_POINT('',(-0.172436,-1.741483800069,0.2));
#16037 = LINE('',#16038,#16039);
#16038 = CARTESIAN_POINT('',(-0.172436,-1.741483800069,3.9E-16));
#16039 = VECTOR('',#16040,1.);
#16040 = DIRECTION('',(0.,2.2E-16,1.));
#16041 = ORIENTED_EDGE('',*,*,#16042,.T.);
#16042 = EDGE_CURVE('',#16035,#16043,#16045,.T.);
#16043 = VERTEX_POINT('',#16044);
#16044 = CARTESIAN_POINT('',(0.172436,-1.741483800069,0.2));
#16045 = CIRCLE('',#16046,1.75);
#16046 = AXIS2_PLACEMENT_3D('',#16047,#16048,#16049);
#16047 = CARTESIAN_POINT('',(0.,4.E-17,0.2));
#16048 = DIRECTION('',(-0.,2.2E-16,1.));
#16049 = DIRECTION('',(1.,0.,0.));
#16050 = ORIENTED_EDGE('',*,*,#16051,.T.);
#16051 = EDGE_CURVE('',#16043,#16052,#16054,.T.);
#16052 = VERTEX_POINT('',#16053);
#16053 = CARTESIAN_POINT('',(0.172436,-1.741483800069,6.63568));
#16054 = LINE('',#16055,#16056);
#16055 = CARTESIAN_POINT('',(0.172436,-1.741483800069,3.9E-16));
#16056 = VECTOR('',#16057,1.);
#16057 = DIRECTION('',(0.,2.2E-16,1.));
#16058 = ORIENTED_EDGE('',*,*,#16059,.F.);
#16059 = EDGE_CURVE('',#16060,#16052,#16062,.T.);
#16060 = VERTEX_POINT('',#16061);
#16061 = CARTESIAN_POINT('',(1.741483800069,-0.172436,6.63568));
#16062 = CIRCLE('',#16063,1.75);
#16063 = AXIS2_PLACEMENT_3D('',#16064,#16065,#16066);
#16064 = CARTESIAN_POINT('',(0.,1.47E-15,6.63568));
#16065 = DIRECTION('',(0.,-2.2E-16,-1.));
#16066 = DIRECTION('',(1.,0.,0.));
#16067 = ORIENTED_EDGE('',*,*,#16068,.F.);
#16068 = EDGE_CURVE('',#16069,#16060,#16071,.T.);
#16069 = VERTEX_POINT('',#16070);
#16070 = CARTESIAN_POINT('',(1.741483800069,-0.172436,0.2));
#16071 = LINE('',#16072,#16073);
#16072 = CARTESIAN_POINT('',(1.741483800069,-0.172436,0.));
#16073 = VECTOR('',#16074,1.);
#16074 = DIRECTION('',(0.,2.2E-16,1.));
#16075 = ORIENTED_EDGE('',*,*,#16076,.T.);
#16076 = EDGE_CURVE('',#16069,#15931,#16077,.T.);
#16077 = CIRCLE('',#16078,1.75);
#16078 = AXIS2_PLACEMENT_3D('',#16079,#16080,#16081);
#16079 = CARTESIAN_POINT('',(0.,4.E-17,0.2));
#16080 = DIRECTION('',(-0.,2.2E-16,1.));
#16081 = DIRECTION('',(1.,0.,0.));
#16082 = CYLINDRICAL_SURFACE('',#16083,1.75);
#16083 = AXIS2_PLACEMENT_3D('',#16084,#16085,#16086);
#16084 = CARTESIAN_POINT('',(0.,0.,0.));
#16085 = DIRECTION('',(0.,2.2E-16,1.));
#16086 = DIRECTION('',(1.,0.,0.));
#16087 = ADVANCED_FACE('',(#16088),#16107,.T.);
#16088 = FACE_BOUND('',#16089,.F.);
#16089 = EDGE_LOOP('',(#16090,#16091,#16099,#16106));
#16090 = ORIENTED_EDGE('',*,*,#15913,.T.);
#16091 = ORIENTED_EDGE('',*,*,#16092,.T.);
#16092 = EDGE_CURVE('',#15914,#16093,#16095,.T.);
#16093 = VERTEX_POINT('',#16094);
#16094 = CARTESIAN_POINT('',(1.91698,0.,-2.));
#16095 = LINE('',#16096,#16097);
#16096 = CARTESIAN_POINT('',(1.91698,0.,-1.));
#16097 = VECTOR('',#16098,1.);
#16098 = DIRECTION('',(0.,0.,-1.));
#16099 = ORIENTED_EDGE('',*,*,#16100,.F.);
#16100 = EDGE_CURVE('',#16093,#16093,#16101,.T.);
#16101 = CIRCLE('',#16102,1.91698);
#16102 = AXIS2_PLACEMENT_3D('',#16103,#16104,#16105);
#16103 = CARTESIAN_POINT('',(0.,-4.4E-16,-2.));
#16104 = DIRECTION('',(-0.,2.2E-16,1.));
#16105 = DIRECTION('',(1.,0.,0.));
#16106 = ORIENTED_EDGE('',*,*,#16092,.F.);
#16107 = CYLINDRICAL_SURFACE('',#16108,1.91698);
#16108 = AXIS2_PLACEMENT_3D('',#16109,#16110,#16111);
#16109 = CARTESIAN_POINT('',(0.,-2.2E-16,-1.));
#16110 = DIRECTION('',(-0.,-2.2E-16,-1.));
#16111 = DIRECTION('',(1.,-0.,0.));
#16112 = ADVANCED_FACE('',(#16113),#16149,.T.);
#16113 = FACE_BOUND('',#16114,.T.);
#16114 = EDGE_LOOP('',(#16115,#16123,#16132,#16141,#16147,#16148));
#16115 = ORIENTED_EDGE('',*,*,#16116,.T.);
#16116 = EDGE_CURVE('',#15941,#16117,#16119,.T.);
#16117 = VERTEX_POINT('',#16118);
#16118 = CARTESIAN_POINT('',(0.781195126651,0.172436,0.2));
#16119 = LINE('',#16120,#16121);
#16120 = CARTESIAN_POINT('',(1.899618,0.172436,0.2));
#16121 = VECTOR('',#16122,1.);
#16122 = DIRECTION('',(-1.,0.,0.));
#16123 = ORIENTED_EDGE('',*,*,#16124,.T.);
#16124 = EDGE_CURVE('',#16117,#16125,#16127,.T.);
#16125 = VERTEX_POINT('',#16126);
#16126 = CARTESIAN_POINT('',(0.8,0.,0.2));
#16127 = CIRCLE('',#16128,0.8);
#16128 = AXIS2_PLACEMENT_3D('',#16129,#16130,#16131);
#16129 = CARTESIAN_POINT('',(0.,4.E-17,0.2));
#16130 = DIRECTION('',(0.,-2.2E-16,-1.));
#16131 = DIRECTION('',(1.,0.,0.));
#16132 = ORIENTED_EDGE('',*,*,#16133,.T.);
#16133 = EDGE_CURVE('',#16125,#16134,#16136,.T.);
#16134 = VERTEX_POINT('',#16135);
#16135 = CARTESIAN_POINT('',(0.781195126651,-0.172436,0.2));
#16136 = CIRCLE('',#16137,0.8);
#16137 = AXIS2_PLACEMENT_3D('',#16138,#16139,#16140);
#16138 = CARTESIAN_POINT('',(0.,4.E-17,0.2));
#16139 = DIRECTION('',(0.,-2.2E-16,-1.));
#16140 = DIRECTION('',(1.,0.,0.));
#16141 = ORIENTED_EDGE('',*,*,#16142,.T.);
#16142 = EDGE_CURVE('',#16134,#16069,#16143,.T.);
#16143 = LINE('',#16144,#16145);
#16144 = CARTESIAN_POINT('',(0.478545,-0.172436,0.2));
#16145 = VECTOR('',#16146,1.);
#16146 = DIRECTION('',(1.,0.,0.));
#16147 = ORIENTED_EDGE('',*,*,#16076,.T.);
#16148 = ORIENTED_EDGE('',*,*,#15940,.T.);
#16149 = PLANE('',#16150);
#16150 = AXIS2_PLACEMENT_3D('',#16151,#16152,#16153);
#16151 = CARTESIAN_POINT('',(1.1890815,-5.E-17,0.2));
#16152 = DIRECTION('',(0.,0.,1.));
#16153 = DIRECTION('',(0.,-1.,0.));
#16154 = ADVANCED_FACE('',(#16155),#16192,.T.);
#16155 = FACE_BOUND('',#16156,.T.);
#16156 = EDGE_LOOP('',(#16157,#16158,#16166,#16174,#16191));
#16157 = ORIENTED_EDGE('',*,*,#16142,.F.);
#16158 = ORIENTED_EDGE('',*,*,#16159,.F.);
#16159 = EDGE_CURVE('',#16160,#16134,#16162,.T.);
#16160 = VERTEX_POINT('',#16161);
#16161 = CARTESIAN_POINT('',(0.781195126651,-0.172436,7.5));
#16162 = LINE('',#16163,#16164);
#16163 = CARTESIAN_POINT('',(0.781195126651,-0.172436,7.5));
#16164 = VECTOR('',#16165,1.);
#16165 = DIRECTION('',(-0.,-2.2E-16,-1.));
#16166 = ORIENTED_EDGE('',*,*,#16167,.F.);
#16167 = EDGE_CURVE('',#16168,#16160,#16170,.T.);
#16168 = VERTEX_POINT('',#16169);
#16169 = CARTESIAN_POINT('',(1.407069096661,-0.172436,7.5));
#16170 = LINE('',#16171,#16172);
#16171 = CARTESIAN_POINT('',(0.2392725,-0.172436,7.5));
#16172 = VECTOR('',#16173,1.);
#16173 = DIRECTION('',(-1.,2.2E-16,0.));
#16174 = ORIENTED_EDGE('',*,*,#16175,.F.);
#16175 = EDGE_CURVE('',#16060,#16168,#16176,.T.);
#16176 = B_SPLINE_CURVE_WITH_KNOTS('',4,(#16177,#16178,#16179,#16180,
    #16181,#16182,#16183,#16184,#16185,#16186,#16187,#16188,#16189,
    #16190),.UNSPECIFIED.,.F.,.F.,(5,3,3,3,5),(0.,0.24941979063,
    0.499277776906,0.749300393927,1.),.UNSPECIFIED.);
#16177 = CARTESIAN_POINT('',(1.741483800069,-0.172436,6.63568));
#16178 = CARTESIAN_POINT('',(1.741483800069,-0.172436,6.694794237492));
#16179 = CARTESIAN_POINT('',(1.737853985543,-0.172436,6.753908721791));
#16180 = CARTESIAN_POINT('',(1.730594411469,-0.172436,6.812688491712));
#16181 = CARTESIAN_POINT('',(1.708919666829,-0.172436,6.929022165001));
#16182 = CARTESIAN_POINT('',(1.694491863051,-0.172436,6.986574220909));
#16183 = CARTESIAN_POINT('',(1.67654503928,-0.172436,7.043129454921));
#16184 = CARTESIAN_POINT('',(1.633842961886,-0.172436,7.153654748607));
#16185 = CARTESIAN_POINT('',(1.609083073871,-0.172436,7.207623543344));
#16186 = CARTESIAN_POINT('',(1.581043510667,-0.172436,7.259965738546));
#16187 = CARTESIAN_POINT('',(1.518678117958,-0.172436,7.360960164853));
#16188 = CARTESIAN_POINT('',(1.484335289207,-0.172436,7.409602441598));
#16189 = CARTESIAN_POINT('',(1.447054581201,-0.172436,7.456032562711));
#16190 = CARTESIAN_POINT('',(1.407069096661,-0.172436,7.5));
#16191 = ORIENTED_EDGE('',*,*,#16068,.F.);
#16192 = PLANE('',#16193);
#16193 = AXIS2_PLACEMENT_3D('',#16194,#16195,#16196);
#16194 = CARTESIAN_POINT('',(0.478545,-0.172436,0.2));
#16195 = DIRECTION('',(0.,1.,0.));
#16196 = DIRECTION('',(1.,0.,0.));
#16197 = ADVANCED_FACE('',(#16198),#16228,.F.);
#16198 = FACE_BOUND('',#16199,.F.);
#16199 = EDGE_LOOP('',(#16200,#16201,#16202,#16221));
#16200 = ORIENTED_EDGE('',*,*,#16175,.F.);
#16201 = ORIENTED_EDGE('',*,*,#16059,.T.);
#16202 = ORIENTED_EDGE('',*,*,#16203,.T.);
#16203 = EDGE_CURVE('',#16052,#16204,#16206,.T.);
#16204 = VERTEX_POINT('',#16205);
#16205 = CARTESIAN_POINT('',(0.172436,-1.407069096661,7.5));
#16206 = B_SPLINE_CURVE_WITH_KNOTS('',4,(#16207,#16208,#16209,#16210,
    #16211,#16212,#16213,#16214,#16215,#16216,#16217,#16218,#16219,
    #16220),.UNSPECIFIED.,.F.,.F.,(5,3,3,3,5),(0.,0.249419790633,
    0.499277776909,0.74930039393,1.),.UNSPECIFIED.);
#16207 = CARTESIAN_POINT('',(0.172436,-1.741483800069,6.63568));
#16208 = CARTESIAN_POINT('',(0.172436,-1.741483800069,6.694794237493));
#16209 = CARTESIAN_POINT('',(0.172436,-1.737853985543,6.753908721793));
#16210 = CARTESIAN_POINT('',(0.172436,-1.730594411468,6.812688491714));
#16211 = CARTESIAN_POINT('',(0.172436,-1.708919666828,6.929022165004));
#16212 = CARTESIAN_POINT('',(0.172436,-1.694491863051,6.986574220912));
#16213 = CARTESIAN_POINT('',(0.172436,-1.67654503928,7.043129454924));
#16214 = CARTESIAN_POINT('',(0.172436,-1.633842961884,7.15365474861));
#16215 = CARTESIAN_POINT('',(0.172436,-1.60908307387,7.207623543347));
#16216 = CARTESIAN_POINT('',(0.172436,-1.581043510665,7.259965738549));
#16217 = CARTESIAN_POINT('',(0.172436,-1.518678117957,7.360960164854));
#16218 = CARTESIAN_POINT('',(0.172436,-1.484335289206,7.409602441599));
#16219 = CARTESIAN_POINT('',(0.172436,-1.447054581201,7.456032562711));
#16220 = CARTESIAN_POINT('',(0.172436,-1.407069096661,7.5));
#16221 = ORIENTED_EDGE('',*,*,#16222,.F.);
#16222 = EDGE_CURVE('',#16168,#16204,#16223,.T.);
#16223 = CIRCLE('',#16224,1.417595717006);
#16224 = AXIS2_PLACEMENT_3D('',#16225,#16226,#16227);
#16225 = CARTESIAN_POINT('',(0.,1.67E-15,7.5));
#16226 = DIRECTION('',(0.,-2.2E-16,-1.));
#16227 = DIRECTION('',(1.,0.,0.));
#16228 = SURFACE_OF_REVOLUTION('',#16229,#16234);
#16229 = CIRCLE('',#16230,1.289907672112);
#16230 = AXIS2_PLACEMENT_3D('',#16231,#16232,#16233);
#16231 = CARTESIAN_POINT('',(0.460092327888,1.47E-15,6.63568));
#16232 = DIRECTION('',(0.,-1.,2.2E-16));
#16233 = DIRECTION('',(1.,0.,0.));
#16234 = AXIS1_PLACEMENT('',#16235,#16236);
#16235 = CARTESIAN_POINT('',(0.,0.,0.));
#16236 = DIRECTION('',(-0.,-2.2E-16,-1.));
#16237 = ADVANCED_FACE('',(#16238),#16264,.T.);
#16238 = FACE_BOUND('',#16239,.T.);
#16239 = EDGE_LOOP('',(#16240,#16248,#16249,#16250,#16258));
#16240 = ORIENTED_EDGE('',*,*,#16241,.F.);
#16241 = EDGE_CURVE('',#16043,#16242,#16244,.T.);
#16242 = VERTEX_POINT('',#16243);
#16243 = CARTESIAN_POINT('',(0.172436,-0.781195126651,0.2));
#16244 = LINE('',#16245,#16246);
#16245 = CARTESIAN_POINT('',(0.172436,-1.899618,0.2));
#16246 = VECTOR('',#16247,1.);
#16247 = DIRECTION('',(0.,1.,0.));
#16248 = ORIENTED_EDGE('',*,*,#16051,.T.);
#16249 = ORIENTED_EDGE('',*,*,#16203,.T.);
#16250 = ORIENTED_EDGE('',*,*,#16251,.F.);
#16251 = EDGE_CURVE('',#16252,#16204,#16254,.T.);
#16252 = VERTEX_POINT('',#16253);
#16253 = CARTESIAN_POINT('',(0.172436,-0.781195126651,7.5));
#16254 = LINE('',#16255,#16256);
#16255 = CARTESIAN_POINT('',(0.172436,-0.949809,7.5));
#16256 = VECTOR('',#16257,1.);
#16257 = DIRECTION('',(-1.2E-16,-1.,2.2E-16));
#16258 = ORIENTED_EDGE('',*,*,#16259,.T.);
#16259 = EDGE_CURVE('',#16252,#16242,#16260,.T.);
#16260 = LINE('',#16261,#16262);
#16261 = CARTESIAN_POINT('',(0.172436,-0.781195126651,7.5));
#16262 = VECTOR('',#16263,1.);
#16263 = DIRECTION('',(-0.,-2.2E-16,-1.));
#16264 = PLANE('',#16265);
#16265 = AXIS2_PLACEMENT_3D('',#16266,#16267,#16268);
#16266 = CARTESIAN_POINT('',(0.172436,-1.899618,0.2));
#16267 = DIRECTION('',(-1.,0.,0.));
#16268 = DIRECTION('',(0.,1.,0.));
#16269 = ADVANCED_FACE('',(#16270),#16289,.T.);
#16270 = FACE_BOUND('',#16271,.T.);
#16271 = EDGE_LOOP('',(#16272,#16273,#16282,#16288));
#16272 = ORIENTED_EDGE('',*,*,#16241,.T.);
#16273 = ORIENTED_EDGE('',*,*,#16274,.T.);
#16274 = EDGE_CURVE('',#16242,#16275,#16277,.T.);
#16275 = VERTEX_POINT('',#16276);
#16276 = CARTESIAN_POINT('',(-0.172436,-0.781195126651,0.2));
#16277 = CIRCLE('',#16278,0.8);
#16278 = AXIS2_PLACEMENT_3D('',#16279,#16280,#16281);
#16279 = CARTESIAN_POINT('',(0.,4.E-17,0.2));
#16280 = DIRECTION('',(0.,-2.2E-16,-1.));
#16281 = DIRECTION('',(1.,0.,0.));
#16282 = ORIENTED_EDGE('',*,*,#16283,.T.);
#16283 = EDGE_CURVE('',#16275,#16035,#16284,.T.);
#16284 = LINE('',#16285,#16286);
#16285 = CARTESIAN_POINT('',(-0.172436,-0.478545,0.2));
#16286 = VECTOR('',#16287,1.);
#16287 = DIRECTION('',(0.,-1.,0.));
#16288 = ORIENTED_EDGE('',*,*,#16042,.T.);
#16289 = PLANE('',#16290);
#16290 = AXIS2_PLACEMENT_3D('',#16291,#16292,#16293);
#16291 = CARTESIAN_POINT('',(-5.E-17,-1.1890815,0.2));
#16292 = DIRECTION('',(0.,0.,1.));
#16293 = DIRECTION('',(-1.,0.,0.));
#16294 = ADVANCED_FACE('',(#16295),#16332,.T.);
#16295 = FACE_BOUND('',#16296,.T.);
#16296 = EDGE_LOOP('',(#16297,#16298,#16306,#16314,#16331));
#16297 = ORIENTED_EDGE('',*,*,#16283,.F.);
#16298 = ORIENTED_EDGE('',*,*,#16299,.F.);
#16299 = EDGE_CURVE('',#16300,#16275,#16302,.T.);
#16300 = VERTEX_POINT('',#16301);
#16301 = CARTESIAN_POINT('',(-0.172436,-0.781195126651,7.5));
#16302 = LINE('',#16303,#16304);
#16303 = CARTESIAN_POINT('',(-0.172436,-0.781195126651,7.5));
#16304 = VECTOR('',#16305,1.);
#16305 = DIRECTION('',(-0.,-2.2E-16,-1.));
#16306 = ORIENTED_EDGE('',*,*,#16307,.F.);
#16307 = EDGE_CURVE('',#16308,#16300,#16310,.T.);
#16308 = VERTEX_POINT('',#16309);
#16309 = CARTESIAN_POINT('',(-0.172436,-1.407069096661,7.5));
#16310 = LINE('',#16311,#16312);
#16311 = CARTESIAN_POINT('',(-0.172436,-0.2392725,7.5));
#16312 = VECTOR('',#16313,1.);
#16313 = DIRECTION('',(1.2E-16,1.,-2.2E-16));
#16314 = ORIENTED_EDGE('',*,*,#16315,.F.);
#16315 = EDGE_CURVE('',#16026,#16308,#16316,.T.);
#16316 = B_SPLINE_CURVE_WITH_KNOTS('',4,(#16317,#16318,#16319,#16320,
    #16321,#16322,#16323,#16324,#16325,#16326,#16327,#16328,#16329,
    #16330),.UNSPECIFIED.,.F.,.F.,(5,3,3,3,5),(0.,0.249419790633,
    0.499277776909,0.74930039393,1.),.UNSPECIFIED.);
#16317 = CARTESIAN_POINT('',(-0.172436,-1.741483800069,6.63568));
#16318 = CARTESIAN_POINT('',(-0.172436,-1.741483800069,6.694794237493));
#16319 = CARTESIAN_POINT('',(-0.172436,-1.737853985543,6.753908721793));
#16320 = CARTESIAN_POINT('',(-0.172436,-1.730594411468,6.812688491714));
#16321 = CARTESIAN_POINT('',(-0.172436,-1.708919666828,6.929022165004));
#16322 = CARTESIAN_POINT('',(-0.172436,-1.694491863051,6.986574220912));
#16323 = CARTESIAN_POINT('',(-0.172436,-1.67654503928,7.043129454924));
#16324 = CARTESIAN_POINT('',(-0.172436,-1.633842961884,7.15365474861));
#16325 = CARTESIAN_POINT('',(-0.172436,-1.60908307387,7.207623543347));
#16326 = CARTESIAN_POINT('',(-0.172436,-1.581043510665,7.259965738549));
#16327 = CARTESIAN_POINT('',(-0.172436,-1.518678117957,7.360960164854));
#16328 = CARTESIAN_POINT('',(-0.172436,-1.484335289206,7.409602441599));
#16329 = CARTESIAN_POINT('',(-0.172436,-1.447054581201,7.456032562711));
#16330 = CARTESIAN_POINT('',(-0.172436,-1.407069096661,7.5));
#16331 = ORIENTED_EDGE('',*,*,#16034,.F.);
#16332 = PLANE('',#16333);
#16333 = AXIS2_PLACEMENT_3D('',#16334,#16335,#16336);
#16334 = CARTESIAN_POINT('',(-0.172436,-0.478545,0.2));
#16335 = DIRECTION('',(1.,0.,0.));
#16336 = DIRECTION('',(0.,-1.,0.));
#16337 = ADVANCED_FACE('',(#16338),#16368,.F.);
#16338 = FACE_BOUND('',#16339,.F.);
#16339 = EDGE_LOOP('',(#16340,#16341,#16342,#16361));
#16340 = ORIENTED_EDGE('',*,*,#16315,.F.);
#16341 = ORIENTED_EDGE('',*,*,#16025,.T.);
#16342 = ORIENTED_EDGE('',*,*,#16343,.T.);
#16343 = EDGE_CURVE('',#16018,#16344,#16346,.T.);
#16344 = VERTEX_POINT('',#16345);
#16345 = CARTESIAN_POINT('',(-1.407069096661,-0.172436,7.5));
#16346 = B_SPLINE_CURVE_WITH_KNOTS('',4,(#16347,#16348,#16349,#16350,
    #16351,#16352,#16353,#16354,#16355,#16356,#16357,#16358,#16359,
    #16360),.UNSPECIFIED.,.F.,.F.,(5,3,3,3,5),(0.,0.251418259361,
    0.5002774648,0.750300979222,1.),.UNSPECIFIED.);
#16347 = CARTESIAN_POINT('',(-1.741483800069,-0.172436,6.63568));
#16348 = CARTESIAN_POINT('',(-1.741483800069,-0.172436,6.695267888542));
#16349 = CARTESIAN_POINT('',(-1.73779558453,-0.172436,6.754856033927));
#16350 = CARTESIAN_POINT('',(-1.730419211124,-0.172436,6.814101339009));
#16351 = CARTESIAN_POINT('',(-1.708529050526,-0.172436,6.930635815505));
#16352 = CARTESIAN_POINT('',(-1.69408859136,-0.172436,6.987939246177));
#16353 = CARTESIAN_POINT('',(-1.676158409023,-0.172436,7.044249985007));
#16354 = CARTESIAN_POINT('',(-1.633460167911,-0.172436,7.15452320435));
#16355 = CARTESIAN_POINT('',(-1.608660354468,-0.172436,7.208473925729));
#16356 = CARTESIAN_POINT('',(-1.580582051286,-0.172436,7.260795619157));
#16357 = CARTESIAN_POINT('',(-1.518266773116,-0.172436,7.361542477367));
#16358 = CARTESIAN_POINT('',(-1.484037657506,-0.172436,7.40997302599));
#16359 = CARTESIAN_POINT('',(-1.446894992222,-0.172436,7.456208044352));
#16360 = CARTESIAN_POINT('',(-1.407069096661,-0.172436,7.5));
#16361 = ORIENTED_EDGE('',*,*,#16362,.F.);
#16362 = EDGE_CURVE('',#16308,#16344,#16363,.T.);
#16363 = CIRCLE('',#16364,1.417595717006);
#16364 = AXIS2_PLACEMENT_3D('',#16365,#16366,#16367);
#16365 = CARTESIAN_POINT('',(0.,1.67E-15,7.5));
#16366 = DIRECTION('',(0.,-2.2E-16,-1.));
#16367 = DIRECTION('',(1.,0.,0.));
#16368 = SURFACE_OF_REVOLUTION('',#16369,#16374);
#16369 = CIRCLE('',#16370,1.289907672112);
#16370 = AXIS2_PLACEMENT_3D('',#16371,#16372,#16373);
#16371 = CARTESIAN_POINT('',(0.460092327888,1.47E-15,6.63568));
#16372 = DIRECTION('',(0.,-1.,2.2E-16));
#16373 = DIRECTION('',(1.,0.,0.));
#16374 = AXIS1_PLACEMENT('',#16375,#16376);
#16375 = CARTESIAN_POINT('',(0.,0.,0.));
#16376 = DIRECTION('',(-0.,-2.2E-16,-1.));
#16377 = ADVANCED_FACE('',(#16378),#16404,.T.);
#16378 = FACE_BOUND('',#16379,.T.);
#16379 = EDGE_LOOP('',(#16380,#16388,#16389,#16390,#16398));
#16380 = ORIENTED_EDGE('',*,*,#16381,.F.);
#16381 = EDGE_CURVE('',#16009,#16382,#16384,.T.);
#16382 = VERTEX_POINT('',#16383);
#16383 = CARTESIAN_POINT('',(-0.781195126651,-0.172436,0.2));
#16384 = LINE('',#16385,#16386);
#16385 = CARTESIAN_POINT('',(-1.899618,-0.172436,0.2));
#16386 = VECTOR('',#16387,1.);
#16387 = DIRECTION('',(1.,0.,0.));
#16388 = ORIENTED_EDGE('',*,*,#16017,.T.);
#16389 = ORIENTED_EDGE('',*,*,#16343,.T.);
#16390 = ORIENTED_EDGE('',*,*,#16391,.F.);
#16391 = EDGE_CURVE('',#16392,#16344,#16394,.T.);
#16392 = VERTEX_POINT('',#16393);
#16393 = CARTESIAN_POINT('',(-0.781195126651,-0.172436,7.5));
#16394 = LINE('',#16395,#16396);
#16395 = CARTESIAN_POINT('',(-0.949809,-0.172436,7.5));
#16396 = VECTOR('',#16397,1.);
#16397 = DIRECTION('',(-1.,1.1E-16,0.));
#16398 = ORIENTED_EDGE('',*,*,#16399,.T.);
#16399 = EDGE_CURVE('',#16392,#16382,#16400,.T.);
#16400 = LINE('',#16401,#16402);
#16401 = CARTESIAN_POINT('',(-0.781195126651,-0.172436,7.5));
#16402 = VECTOR('',#16403,1.);
#16403 = DIRECTION('',(-0.,-2.2E-16,-1.));
#16404 = PLANE('',#16405);
#16405 = AXIS2_PLACEMENT_3D('',#16406,#16407,#16408);
#16406 = CARTESIAN_POINT('',(-1.899618,-0.172436,0.2));
#16407 = DIRECTION('',(0.,1.,0.));
#16408 = DIRECTION('',(1.,0.,0.));
#16409 = ADVANCED_FACE('',(#16410),#16429,.T.);
#16410 = FACE_BOUND('',#16411,.T.);
#16411 = EDGE_LOOP('',(#16412,#16413,#16422,#16428));
#16412 = ORIENTED_EDGE('',*,*,#16381,.T.);
#16413 = ORIENTED_EDGE('',*,*,#16414,.T.);
#16414 = EDGE_CURVE('',#16382,#16415,#16417,.T.);
#16415 = VERTEX_POINT('',#16416);
#16416 = CARTESIAN_POINT('',(-0.781195126651,0.172436,0.2));
#16417 = CIRCLE('',#16418,0.8);
#16418 = AXIS2_PLACEMENT_3D('',#16419,#16420,#16421);
#16419 = CARTESIAN_POINT('',(0.,4.E-17,0.2));
#16420 = DIRECTION('',(0.,-2.2E-16,-1.));
#16421 = DIRECTION('',(1.,0.,0.));
#16422 = ORIENTED_EDGE('',*,*,#16423,.T.);
#16423 = EDGE_CURVE('',#16415,#16001,#16424,.T.);
#16424 = LINE('',#16425,#16426);
#16425 = CARTESIAN_POINT('',(-0.478545,0.172436,0.2));
#16426 = VECTOR('',#16427,1.);
#16427 = DIRECTION('',(-1.,0.,0.));
#16428 = ORIENTED_EDGE('',*,*,#16008,.T.);
#16429 = PLANE('',#16430);
#16430 = AXIS2_PLACEMENT_3D('',#16431,#16432,#16433);
#16431 = CARTESIAN_POINT('',(-1.1890815,5.E-17,0.2));
#16432 = DIRECTION('',(0.,0.,1.));
#16433 = DIRECTION('',(0.,1.,0.));
#16434 = ADVANCED_FACE('',(#16435),#16472,.T.);
#16435 = FACE_BOUND('',#16436,.T.);
#16436 = EDGE_LOOP('',(#16437,#16438,#16446,#16454,#16471));
#16437 = ORIENTED_EDGE('',*,*,#16423,.F.);
#16438 = ORIENTED_EDGE('',*,*,#16439,.F.);
#16439 = EDGE_CURVE('',#16440,#16415,#16442,.T.);
#16440 = VERTEX_POINT('',#16441);
#16441 = CARTESIAN_POINT('',(-0.781195126651,0.172436,7.5));
#16442 = LINE('',#16443,#16444);
#16443 = CARTESIAN_POINT('',(-0.781195126651,0.172436,7.5));
#16444 = VECTOR('',#16445,1.);
#16445 = DIRECTION('',(-0.,-2.2E-16,-1.));
#16446 = ORIENTED_EDGE('',*,*,#16447,.F.);
#16447 = EDGE_CURVE('',#16448,#16440,#16450,.T.);
#16448 = VERTEX_POINT('',#16449);
#16449 = CARTESIAN_POINT('',(-1.407069096661,0.172436,7.5));
#16450 = LINE('',#16451,#16452);
#16451 = CARTESIAN_POINT('',(-0.2392725,0.172436,7.5));
#16452 = VECTOR('',#16453,1.);
#16453 = DIRECTION('',(1.,-1.1E-16,0.));
#16454 = ORIENTED_EDGE('',*,*,#16455,.F.);
#16455 = EDGE_CURVE('',#15992,#16448,#16456,.T.);
#16456 = B_SPLINE_CURVE_WITH_KNOTS('',4,(#16457,#16458,#16459,#16460,
    #16461,#16462,#16463,#16464,#16465,#16466,#16467,#16468,#16469,
    #16470),.UNSPECIFIED.,.F.,.F.,(5,3,3,3,5),(0.,0.251418259333,
    0.500277464772,0.750300979194,1.),.UNSPECIFIED.);
#16457 = CARTESIAN_POINT('',(-1.741483800069,0.172436,6.63568));
#16458 = CARTESIAN_POINT('',(-1.741483800069,0.172436,6.695267888535));
#16459 = CARTESIAN_POINT('',(-1.737795584531,0.172436,6.754856033914));
#16460 = CARTESIAN_POINT('',(-1.730419211126,0.172436,6.81410133899));
#16461 = CARTESIAN_POINT('',(-1.708529050532,0.172436,6.930635815479));
#16462 = CARTESIAN_POINT('',(-1.694088591367,0.172436,6.987939246151));
#16463 = CARTESIAN_POINT('',(-1.676158409032,0.172436,7.044249984982));
#16464 = CARTESIAN_POINT('',(-1.633460167922,0.172436,7.154523204326));
#16465 = CARTESIAN_POINT('',(-1.60866035448,0.172436,7.208473925705));
#16466 = CARTESIAN_POINT('',(-1.580582051299,0.172436,7.260795619134));
#16467 = CARTESIAN_POINT('',(-1.518266773128,0.172436,7.36154247735));
#16468 = CARTESIAN_POINT('',(-1.484037657514,0.172436,7.40997302598));
#16469 = CARTESIAN_POINT('',(-1.446894992226,0.172436,7.456208044347));
#16470 = CARTESIAN_POINT('',(-1.407069096661,0.172436,7.5));
#16471 = ORIENTED_EDGE('',*,*,#16000,.F.);
#16472 = PLANE('',#16473);
#16473 = AXIS2_PLACEMENT_3D('',#16474,#16475,#16476);
#16474 = CARTESIAN_POINT('',(-0.478545,0.172436,0.2));
#16475 = DIRECTION('',(0.,-1.,0.));
#16476 = DIRECTION('',(-1.,0.,0.));
#16477 = ADVANCED_FACE('',(#16478),#16508,.F.);
#16478 = FACE_BOUND('',#16479,.F.);
#16479 = EDGE_LOOP('',(#16480,#16481,#16482,#16501));
#16480 = ORIENTED_EDGE('',*,*,#16455,.F.);
#16481 = ORIENTED_EDGE('',*,*,#15991,.T.);
#16482 = ORIENTED_EDGE('',*,*,#16483,.T.);
#16483 = EDGE_CURVE('',#15984,#16484,#16486,.T.);
#16484 = VERTEX_POINT('',#16485);
#16485 = CARTESIAN_POINT('',(-0.172436,1.407069096661,7.5));
#16486 = B_SPLINE_CURVE_WITH_KNOTS('',4,(#16487,#16488,#16489,#16490,
    #16491,#16492,#16493,#16494,#16495,#16496,#16497,#16498,#16499,
    #16500),.UNSPECIFIED.,.F.,.F.,(5,3,3,3,5),(0.,0.249419790665,
    0.499277776941,0.749300393962,1.),.UNSPECIFIED.);
#16487 = CARTESIAN_POINT('',(-0.172436,1.741483800069,6.63568));
#16488 = CARTESIAN_POINT('',(-0.172436,1.741483800069,6.694794237501));
#16489 = CARTESIAN_POINT('',(-0.172436,1.737853985542,6.753908721808));
#16490 = CARTESIAN_POINT('',(-0.172436,1.730594411466,6.812688491737));
#16491 = CARTESIAN_POINT('',(-0.172436,1.708919666821,6.929022165033));
#16492 = CARTESIAN_POINT('',(-0.172436,1.694491863042,6.986574220941));
#16493 = CARTESIAN_POINT('',(-0.172436,1.67654503927,7.043129454953));
#16494 = CARTESIAN_POINT('',(-0.172436,1.633842961872,7.153654748638));
#16495 = CARTESIAN_POINT('',(-0.172436,1.609083073857,7.207623543374));
#16496 = CARTESIAN_POINT('',(-0.172436,1.581043510651,7.259965738575));
#16497 = CARTESIAN_POINT('',(-0.172436,1.518678117944,7.360960164873));
#16498 = CARTESIAN_POINT('',(-0.172436,1.484335289197,7.409602441611));
#16499 = CARTESIAN_POINT('',(-0.172436,1.447054581196,7.456032562717));
#16500 = CARTESIAN_POINT('',(-0.172436,1.407069096661,7.5));
#16501 = ORIENTED_EDGE('',*,*,#16502,.F.);
#16502 = EDGE_CURVE('',#16448,#16484,#16503,.T.);
#16503 = CIRCLE('',#16504,1.417595717006);
#16504 = AXIS2_PLACEMENT_3D('',#16505,#16506,#16507);
#16505 = CARTESIAN_POINT('',(0.,1.67E-15,7.5));
#16506 = DIRECTION('',(0.,-2.2E-16,-1.));
#16507 = DIRECTION('',(1.,0.,0.));
#16508 = SURFACE_OF_REVOLUTION('',#16509,#16514);
#16509 = CIRCLE('',#16510,1.289907672112);
#16510 = AXIS2_PLACEMENT_3D('',#16511,#16512,#16513);
#16511 = CARTESIAN_POINT('',(0.460092327888,1.47E-15,6.63568));
#16512 = DIRECTION('',(0.,-1.,2.2E-16));
#16513 = DIRECTION('',(1.,0.,0.));
#16514 = AXIS1_PLACEMENT('',#16515,#16516);
#16515 = CARTESIAN_POINT('',(0.,0.,0.));
#16516 = DIRECTION('',(-0.,-2.2E-16,-1.));
#16517 = ADVANCED_FACE('',(#16518),#16544,.T.);
#16518 = FACE_BOUND('',#16519,.T.);
#16519 = EDGE_LOOP('',(#16520,#16528,#16529,#16530,#16538));
#16520 = ORIENTED_EDGE('',*,*,#16521,.F.);
#16521 = EDGE_CURVE('',#15975,#16522,#16524,.T.);
#16522 = VERTEX_POINT('',#16523);
#16523 = CARTESIAN_POINT('',(-0.172436,0.781195126651,0.2));
#16524 = LINE('',#16525,#16526);
#16525 = CARTESIAN_POINT('',(-0.172436,1.899618,0.2));
#16526 = VECTOR('',#16527,1.);
#16527 = DIRECTION('',(0.,-1.,0.));
#16528 = ORIENTED_EDGE('',*,*,#15983,.T.);
#16529 = ORIENTED_EDGE('',*,*,#16483,.T.);
#16530 = ORIENTED_EDGE('',*,*,#16531,.F.);
#16531 = EDGE_CURVE('',#16532,#16484,#16534,.T.);
#16532 = VERTEX_POINT('',#16533);
#16533 = CARTESIAN_POINT('',(-0.172436,0.781195126651,7.5));
#16534 = LINE('',#16535,#16536);
#16535 = CARTESIAN_POINT('',(-0.172436,0.949809,7.5));
#16536 = VECTOR('',#16537,1.);
#16537 = DIRECTION('',(0.,1.,-2.2E-16));
#16538 = ORIENTED_EDGE('',*,*,#16539,.T.);
#16539 = EDGE_CURVE('',#16532,#16522,#16540,.T.);
#16540 = LINE('',#16541,#16542);
#16541 = CARTESIAN_POINT('',(-0.172436,0.781195126651,7.5));
#16542 = VECTOR('',#16543,1.);
#16543 = DIRECTION('',(-0.,-2.2E-16,-1.));
#16544 = PLANE('',#16545);
#16545 = AXIS2_PLACEMENT_3D('',#16546,#16547,#16548);
#16546 = CARTESIAN_POINT('',(-0.172436,1.899618,0.2));
#16547 = DIRECTION('',(1.,0.,0.));
#16548 = DIRECTION('',(0.,-1.,0.));
#16549 = ADVANCED_FACE('',(#16550),#16569,.T.);
#16550 = FACE_BOUND('',#16551,.T.);
#16551 = EDGE_LOOP('',(#16552,#16553,#16562,#16568));
#16552 = ORIENTED_EDGE('',*,*,#16521,.T.);
#16553 = ORIENTED_EDGE('',*,*,#16554,.T.);
#16554 = EDGE_CURVE('',#16522,#16555,#16557,.T.);
#16555 = VERTEX_POINT('',#16556);
#16556 = CARTESIAN_POINT('',(0.172436,0.781195126651,0.2));
#16557 = CIRCLE('',#16558,0.8);
#16558 = AXIS2_PLACEMENT_3D('',#16559,#16560,#16561);
#16559 = CARTESIAN_POINT('',(0.,4.E-17,0.2));
#16560 = DIRECTION('',(0.,-2.2E-16,-1.));
#16561 = DIRECTION('',(1.,0.,0.));
#16562 = ORIENTED_EDGE('',*,*,#16563,.T.);
#16563 = EDGE_CURVE('',#16555,#15967,#16564,.T.);
#16564 = LINE('',#16565,#16566);
#16565 = CARTESIAN_POINT('',(0.172436,0.478545,0.2));
#16566 = VECTOR('',#16567,1.);
#16567 = DIRECTION('',(0.,1.,0.));
#16568 = ORIENTED_EDGE('',*,*,#15974,.T.);
#16569 = PLANE('',#16570);
#16570 = AXIS2_PLACEMENT_3D('',#16571,#16572,#16573);
#16571 = CARTESIAN_POINT('',(5.E-17,1.1890815,0.2));
#16572 = DIRECTION('',(0.,0.,1.));
#16573 = DIRECTION('',(1.,0.,0.));
#16574 = ADVANCED_FACE('',(#16575),#16612,.T.);
#16575 = FACE_BOUND('',#16576,.T.);
#16576 = EDGE_LOOP('',(#16577,#16578,#16586,#16594,#16611));
#16577 = ORIENTED_EDGE('',*,*,#16563,.F.);
#16578 = ORIENTED_EDGE('',*,*,#16579,.F.);
#16579 = EDGE_CURVE('',#16580,#16555,#16582,.T.);
#16580 = VERTEX_POINT('',#16581);
#16581 = CARTESIAN_POINT('',(0.172436,0.781195126651,7.5));
#16582 = LINE('',#16583,#16584);
#16583 = CARTESIAN_POINT('',(0.172436,0.781195126651,7.5));
#16584 = VECTOR('',#16585,1.);
#16585 = DIRECTION('',(-0.,-2.2E-16,-1.));
#16586 = ORIENTED_EDGE('',*,*,#16587,.F.);
#16587 = EDGE_CURVE('',#16588,#16580,#16590,.T.);
#16588 = VERTEX_POINT('',#16589);
#16589 = CARTESIAN_POINT('',(0.172436,1.407069096661,7.5));
#16590 = LINE('',#16591,#16592);
#16591 = CARTESIAN_POINT('',(0.172436,0.2392725,7.5));
#16592 = VECTOR('',#16593,1.);
#16593 = DIRECTION('',(0.,-1.,2.2E-16));
#16594 = ORIENTED_EDGE('',*,*,#16595,.F.);
#16595 = EDGE_CURVE('',#15958,#16588,#16596,.T.);
#16596 = B_SPLINE_CURVE_WITH_KNOTS('',4,(#16597,#16598,#16599,#16600,
    #16601,#16602,#16603,#16604,#16605,#16606,#16607,#16608,#16609,
    #16610),.UNSPECIFIED.,.F.,.F.,(5,3,3,3,5),(0.,0.249419790609,
    0.499277776886,0.749300393906,1.),.UNSPECIFIED.);
#16597 = CARTESIAN_POINT('',(0.172436,1.741483800069,6.63568));
#16598 = CARTESIAN_POINT('',(0.172436,1.741483800069,6.694794237488));
#16599 = CARTESIAN_POINT('',(0.172436,1.737853985544,6.753908721782));
#16600 = CARTESIAN_POINT('',(0.172436,1.73059441147,6.812688491698));
#16601 = CARTESIAN_POINT('',(0.172436,1.708919666833,6.929022164982));
#16602 = CARTESIAN_POINT('',(0.172436,1.694491863057,6.98657422089));
#16603 = CARTESIAN_POINT('',(0.172436,1.676545039287,7.043129454903));
#16604 = CARTESIAN_POINT('',(0.172436,1.633842961893,7.153654748589));
#16605 = CARTESIAN_POINT('',(0.172436,1.60908307388,7.207623543327));
#16606 = CARTESIAN_POINT('',(0.172436,1.581043510676,7.259965738529));
#16607 = CARTESIAN_POINT('',(0.172436,1.518678117967,7.36096016484));
#16608 = CARTESIAN_POINT('',(0.172436,1.484335289213,7.40960244159));
#16609 = CARTESIAN_POINT('',(0.172436,1.447054581205,7.456032562707));
#16610 = CARTESIAN_POINT('',(0.172436,1.407069096661,7.5));
#16611 = ORIENTED_EDGE('',*,*,#15966,.F.);
#16612 = PLANE('',#16613);
#16613 = AXIS2_PLACEMENT_3D('',#16614,#16615,#16616);
#16614 = CARTESIAN_POINT('',(0.172436,0.478545,0.2));
#16615 = DIRECTION('',(-1.,0.,0.));
#16616 = DIRECTION('',(0.,1.,0.));
#16617 = ADVANCED_FACE('',(#16618),#16648,.F.);
#16618 = FACE_BOUND('',#16619,.F.);
#16619 = EDGE_LOOP('',(#16620,#16621,#16622,#16641));
#16620 = ORIENTED_EDGE('',*,*,#16595,.F.);
#16621 = ORIENTED_EDGE('',*,*,#15957,.T.);
#16622 = ORIENTED_EDGE('',*,*,#16623,.T.);
#16623 = EDGE_CURVE('',#15950,#16624,#16626,.T.);
#16624 = VERTEX_POINT('',#16625);
#16625 = CARTESIAN_POINT('',(1.407069096661,0.172436,7.5));
#16626 = B_SPLINE_CURVE_WITH_KNOTS('',4,(#16627,#16628,#16629,#16630,
    #16631,#16632,#16633,#16634,#16635,#16636,#16637,#16638,#16639,
    #16640),.UNSPECIFIED.,.F.,.F.,(5,3,3,3,5),(0.,0.249419790609,
    0.499277776886,0.749300393906,1.),.UNSPECIFIED.);
#16627 = CARTESIAN_POINT('',(1.741483800069,0.172436,6.63568));
#16628 = CARTESIAN_POINT('',(1.741483800069,0.172436,6.694794237488));
#16629 = CARTESIAN_POINT('',(1.737853985544,0.172436,6.753908721782));
#16630 = CARTESIAN_POINT('',(1.73059441147,0.172436,6.812688491698));
#16631 = CARTESIAN_POINT('',(1.708919666833,0.172436,6.929022164982));
#16632 = CARTESIAN_POINT('',(1.694491863057,0.172436,6.98657422089));
#16633 = CARTESIAN_POINT('',(1.676545039287,0.172436,7.043129454903));
#16634 = CARTESIAN_POINT('',(1.633842961893,0.172436,7.153654748589));
#16635 = CARTESIAN_POINT('',(1.60908307388,0.172436,7.207623543327));
#16636 = CARTESIAN_POINT('',(1.581043510676,0.172436,7.259965738529));
#16637 = CARTESIAN_POINT('',(1.518678117967,0.172436,7.36096016484));
#16638 = CARTESIAN_POINT('',(1.484335289213,0.172436,7.40960244159));
#16639 = CARTESIAN_POINT('',(1.447054581205,0.172436,7.456032562707));
#16640 = CARTESIAN_POINT('',(1.407069096661,0.172436,7.5));
#16641 = ORIENTED_EDGE('',*,*,#16642,.F.);
#16642 = EDGE_CURVE('',#16588,#16624,#16643,.T.);
#16643 = CIRCLE('',#16644,1.417595717006);
#16644 = AXIS2_PLACEMENT_3D('',#16645,#16646,#16647);
#16645 = CARTESIAN_POINT('',(0.,1.67E-15,7.5));
#16646 = DIRECTION('',(0.,-2.2E-16,-1.));
#16647 = DIRECTION('',(1.,0.,0.));
#16648 = SURFACE_OF_REVOLUTION('',#16649,#16654);
#16649 = CIRCLE('',#16650,1.289907672112);
#16650 = AXIS2_PLACEMENT_3D('',#16651,#16652,#16653);
#16651 = CARTESIAN_POINT('',(0.460092327888,1.47E-15,6.63568));
#16652 = DIRECTION('',(0.,-1.,2.2E-16));
#16653 = DIRECTION('',(1.,0.,0.));
#16654 = AXIS1_PLACEMENT('',#16655,#16656);
#16655 = CARTESIAN_POINT('',(0.,0.,0.));
#16656 = DIRECTION('',(-0.,-2.2E-16,-1.));
#16657 = ADVANCED_FACE('',(#16658),#16677,.T.);
#16658 = FACE_BOUND('',#16659,.T.);
#16659 = EDGE_LOOP('',(#16660,#16661,#16662,#16663,#16671));
#16660 = ORIENTED_EDGE('',*,*,#16116,.F.);
#16661 = ORIENTED_EDGE('',*,*,#15949,.T.);
#16662 = ORIENTED_EDGE('',*,*,#16623,.T.);
#16663 = ORIENTED_EDGE('',*,*,#16664,.F.);
#16664 = EDGE_CURVE('',#16665,#16624,#16667,.T.);
#16665 = VERTEX_POINT('',#16666);
#16666 = CARTESIAN_POINT('',(0.781195126651,0.172436,7.5));
#16667 = LINE('',#16668,#16669);
#16668 = CARTESIAN_POINT('',(0.949809,0.172436,7.5));
#16669 = VECTOR('',#16670,1.);
#16670 = DIRECTION('',(1.,-2.2E-16,0.));
#16671 = ORIENTED_EDGE('',*,*,#16672,.T.);
#16672 = EDGE_CURVE('',#16665,#16117,#16673,.T.);
#16673 = LINE('',#16674,#16675);
#16674 = CARTESIAN_POINT('',(0.781195126651,0.172436,7.5));
#16675 = VECTOR('',#16676,1.);
#16676 = DIRECTION('',(-0.,-2.2E-16,-1.));
#16677 = PLANE('',#16678);
#16678 = AXIS2_PLACEMENT_3D('',#16679,#16680,#16681);
#16679 = CARTESIAN_POINT('',(1.899618,0.172436,0.2));
#16680 = DIRECTION('',(0.,-1.,0.));
#16681 = DIRECTION('',(-1.,0.,0.));
#16682 = ADVANCED_FACE('',(#16683,#16694),#16697,.T.);
#16683 = FACE_BOUND('',#16684,.F.);
#16684 = EDGE_LOOP('',(#16685));
#16685 = ORIENTED_EDGE('',*,*,#16686,.F.);
#16686 = EDGE_CURVE('',#16687,#16687,#16689,.T.);
#16687 = VERTEX_POINT('',#16688);
#16688 = CARTESIAN_POINT('',(2.14,0.,-2.));
#16689 = CIRCLE('',#16690,2.14);
#16690 = AXIS2_PLACEMENT_3D('',#16691,#16692,#16693);
#16691 = CARTESIAN_POINT('',(0.,0.,-2.));
#16692 = DIRECTION('',(0.,0.,1.));
#16693 = DIRECTION('',(1.,0.,-0.));
#16694 = FACE_BOUND('',#16695,.F.);
#16695 = EDGE_LOOP('',(#16696));
#16696 = ORIENTED_EDGE('',*,*,#16100,.T.);
#16697 = PLANE('',#16698);
#16698 = AXIS2_PLACEMENT_3D('',#16699,#16700,#16701);
#16699 = CARTESIAN_POINT('',(0.,-4.4E-16,-2.));
#16700 = DIRECTION('',(0.,2.2E-16,1.));
#16701 = DIRECTION('',(1.,-0.,-0.));
#16702 = ADVANCED_FACE('',(#16703),#16762,.F.);
#16703 = FACE_BOUND('',#16704,.F.);
#16704 = EDGE_LOOP('',(#16705,#16706,#16713,#16714,#16715,#16723,#16730,
    #16731,#16732,#16733,#16740,#16741,#16742,#16743,#16750,#16751,
    #16752,#16753,#16760,#16761));
#16705 = ORIENTED_EDGE('',*,*,#16579,.F.);
#16706 = ORIENTED_EDGE('',*,*,#16707,.T.);
#16707 = EDGE_CURVE('',#16580,#16665,#16708,.T.);
#16708 = CIRCLE('',#16709,0.8);
#16709 = AXIS2_PLACEMENT_3D('',#16710,#16711,#16712);
#16710 = CARTESIAN_POINT('',(0.,1.67E-15,7.5));
#16711 = DIRECTION('',(0.,-2.2E-16,-1.));
#16712 = DIRECTION('',(1.,0.,0.));
#16713 = ORIENTED_EDGE('',*,*,#16672,.T.);
#16714 = ORIENTED_EDGE('',*,*,#16124,.T.);
#16715 = ORIENTED_EDGE('',*,*,#16716,.T.);
#16716 = EDGE_CURVE('',#16125,#16717,#16719,.T.);
#16717 = VERTEX_POINT('',#16718);
#16718 = CARTESIAN_POINT('',(0.8,0.,0.));
#16719 = LINE('',#16720,#16721);
#16720 = CARTESIAN_POINT('',(0.8,0.,7.5));
#16721 = VECTOR('',#16722,1.);
#16722 = DIRECTION('',(0.,0.,-1.));
#16723 = ORIENTED_EDGE('',*,*,#16724,.F.);
#16724 = EDGE_CURVE('',#16717,#16717,#16725,.T.);
#16725 = CIRCLE('',#16726,0.8);
#16726 = AXIS2_PLACEMENT_3D('',#16727,#16728,#16729);
#16727 = CARTESIAN_POINT('',(0.,0.,0.));
#16728 = DIRECTION('',(0.,-2.2E-16,-1.));
#16729 = DIRECTION('',(1.,0.,0.));
#16730 = ORIENTED_EDGE('',*,*,#16716,.F.);
#16731 = ORIENTED_EDGE('',*,*,#16133,.T.);
#16732 = ORIENTED_EDGE('',*,*,#16159,.F.);
#16733 = ORIENTED_EDGE('',*,*,#16734,.T.);
#16734 = EDGE_CURVE('',#16160,#16252,#16735,.T.);
#16735 = CIRCLE('',#16736,0.8);
#16736 = AXIS2_PLACEMENT_3D('',#16737,#16738,#16739);
#16737 = CARTESIAN_POINT('',(0.,1.67E-15,7.5));
#16738 = DIRECTION('',(0.,-2.2E-16,-1.));
#16739 = DIRECTION('',(1.,0.,0.));
#16740 = ORIENTED_EDGE('',*,*,#16259,.T.);
#16741 = ORIENTED_EDGE('',*,*,#16274,.T.);
#16742 = ORIENTED_EDGE('',*,*,#16299,.F.);
#16743 = ORIENTED_EDGE('',*,*,#16744,.T.);
#16744 = EDGE_CURVE('',#16300,#16392,#16745,.T.);
#16745 = CIRCLE('',#16746,0.8);
#16746 = AXIS2_PLACEMENT_3D('',#16747,#16748,#16749);
#16747 = CARTESIAN_POINT('',(0.,1.67E-15,7.5));
#16748 = DIRECTION('',(0.,-2.2E-16,-1.));
#16749 = DIRECTION('',(1.,0.,0.));
#16750 = ORIENTED_EDGE('',*,*,#16399,.T.);
#16751 = ORIENTED_EDGE('',*,*,#16414,.T.);
#16752 = ORIENTED_EDGE('',*,*,#16439,.F.);
#16753 = ORIENTED_EDGE('',*,*,#16754,.T.);
#16754 = EDGE_CURVE('',#16440,#16532,#16755,.T.);
#16755 = CIRCLE('',#16756,0.8);
#16756 = AXIS2_PLACEMENT_3D('',#16757,#16758,#16759);
#16757 = CARTESIAN_POINT('',(0.,1.67E-15,7.5));
#16758 = DIRECTION('',(0.,-2.2E-16,-1.));
#16759 = DIRECTION('',(1.,0.,0.));
#16760 = ORIENTED_EDGE('',*,*,#16539,.T.);
#16761 = ORIENTED_EDGE('',*,*,#16554,.T.);
#16762 = CYLINDRICAL_SURFACE('',#16763,0.8);
#16763 = AXIS2_PLACEMENT_3D('',#16764,#16765,#16766);
#16764 = CARTESIAN_POINT('',(0.,1.67E-15,7.5));
#16765 = DIRECTION('',(-0.,-2.2E-16,-1.));
#16766 = DIRECTION('',(1.,0.,0.));
#16767 = ADVANCED_FACE('',(#16768),#16774,.F.);
#16768 = FACE_BOUND('',#16769,.T.);
#16769 = EDGE_LOOP('',(#16770,#16771,#16772,#16773));
#16770 = ORIENTED_EDGE('',*,*,#16167,.T.);
#16771 = ORIENTED_EDGE('',*,*,#16734,.T.);
#16772 = ORIENTED_EDGE('',*,*,#16251,.T.);
#16773 = ORIENTED_EDGE('',*,*,#16222,.F.);
#16774 = PLANE('',#16775);
#16775 = AXIS2_PLACEMENT_3D('',#16776,#16777,#16778);
#16776 = CARTESIAN_POINT('',(0.,1.67E-15,7.5));
#16777 = DIRECTION('',(-0.,-2.2E-16,-1.));
#16778 = DIRECTION('',(1.,0.,0.));
#16779 = ADVANCED_FACE('',(#16780),#16786,.F.);
#16780 = FACE_BOUND('',#16781,.T.);
#16781 = EDGE_LOOP('',(#16782,#16783,#16784,#16785));
#16782 = ORIENTED_EDGE('',*,*,#16307,.T.);
#16783 = ORIENTED_EDGE('',*,*,#16744,.T.);
#16784 = ORIENTED_EDGE('',*,*,#16391,.T.);
#16785 = ORIENTED_EDGE('',*,*,#16362,.F.);
#16786 = PLANE('',#16787);
#16787 = AXIS2_PLACEMENT_3D('',#16788,#16789,#16790);
#16788 = CARTESIAN_POINT('',(0.,1.67E-15,7.5));
#16789 = DIRECTION('',(-0.,-2.2E-16,-1.));
#16790 = DIRECTION('',(1.,0.,0.));
#16791 = ADVANCED_FACE('',(#16792),#16798,.F.);
#16792 = FACE_BOUND('',#16793,.T.);
#16793 = EDGE_LOOP('',(#16794,#16795,#16796,#16797));
#16794 = ORIENTED_EDGE('',*,*,#16447,.T.);
#16795 = ORIENTED_EDGE('',*,*,#16754,.T.);
#16796 = ORIENTED_EDGE('',*,*,#16531,.T.);
#16797 = ORIENTED_EDGE('',*,*,#16502,.F.);
#16798 = PLANE('',#16799);
#16799 = AXIS2_PLACEMENT_3D('',#16800,#16801,#16802);
#16800 = CARTESIAN_POINT('',(0.,1.67E-15,7.5));
#16801 = DIRECTION('',(-0.,-2.2E-16,-1.));
#16802 = DIRECTION('',(1.,0.,0.));
#16803 = ADVANCED_FACE('',(#16804),#16810,.F.);
#16804 = FACE_BOUND('',#16805,.T.);
#16805 = EDGE_LOOP('',(#16806,#16807,#16808,#16809));
#16806 = ORIENTED_EDGE('',*,*,#16587,.T.);
#16807 = ORIENTED_EDGE('',*,*,#16707,.T.);
#16808 = ORIENTED_EDGE('',*,*,#16664,.T.);
#16809 = ORIENTED_EDGE('',*,*,#16642,.F.);
#16810 = PLANE('',#16811);
#16811 = AXIS2_PLACEMENT_3D('',#16812,#16813,#16814);
#16812 = CARTESIAN_POINT('',(0.,1.67E-15,7.5));
#16813 = DIRECTION('',(-0.,-2.2E-16,-1.));
#16814 = DIRECTION('',(1.,0.,0.));
#16815 = ADVANCED_FACE('',(#16816),#16869,.T.);
#16816 = FACE_BOUND('',#16817,.T.);
#16817 = EDGE_LOOP('',(#16818,#16819,#16827,#16836,#16844,#16853,#16861,
    #16868));
#16818 = ORIENTED_EDGE('',*,*,#16686,.F.);
#16819 = ORIENTED_EDGE('',*,*,#16820,.T.);
#16820 = EDGE_CURVE('',#16687,#16821,#16823,.T.);
#16821 = VERTEX_POINT('',#16822);
#16822 = CARTESIAN_POINT('',(2.14,-1.E-15,-12.));
#16823 = LINE('',#16824,#16825);
#16824 = CARTESIAN_POINT('',(2.14,0.,0.));
#16825 = VECTOR('',#16826,1.);
#16826 = DIRECTION('',(-0.,-0.,-1.));
#16827 = ORIENTED_EDGE('',*,*,#16828,.T.);
#16828 = EDGE_CURVE('',#16821,#16829,#16831,.T.);
#16829 = VERTEX_POINT('',#16830);
#16830 = CARTESIAN_POINT('',(0.,2.14,-12.));
#16831 = CIRCLE('',#16832,2.14);
#16832 = AXIS2_PLACEMENT_3D('',#16833,#16834,#16835);
#16833 = CARTESIAN_POINT('',(0.,0.,-12.));
#16834 = DIRECTION('',(0.,0.,1.));
#16835 = DIRECTION('',(1.,0.,0.));
#16836 = ORIENTED_EDGE('',*,*,#16837,.T.);
#16837 = EDGE_CURVE('',#16829,#16838,#16840,.T.);
#16838 = VERTEX_POINT('',#16839);
#16839 = CARTESIAN_POINT('',(0.,2.14,-9.2));
#16840 = LINE('',#16841,#16842);
#16841 = CARTESIAN_POINT('',(0.,2.14,0.));
#16842 = VECTOR('',#16843,1.);
#16843 = DIRECTION('',(0.,0.,1.));
#16844 = ORIENTED_EDGE('',*,*,#16845,.T.);
#16845 = EDGE_CURVE('',#16838,#16846,#16848,.T.);
#16846 = VERTEX_POINT('',#16847);
#16847 = CARTESIAN_POINT('',(0.,-2.14,-9.2));
#16848 = CIRCLE('',#16849,2.14);
#16849 = AXIS2_PLACEMENT_3D('',#16850,#16851,#16852);
#16850 = CARTESIAN_POINT('',(0.,0.,-9.2));
#16851 = DIRECTION('',(0.,0.,1.));
#16852 = DIRECTION('',(1.,0.,0.));
#16853 = ORIENTED_EDGE('',*,*,#16854,.F.);
#16854 = EDGE_CURVE('',#16855,#16846,#16857,.T.);
#16855 = VERTEX_POINT('',#16856);
#16856 = CARTESIAN_POINT('',(-0.,-2.14,-12.));
#16857 = LINE('',#16858,#16859);
#16858 = CARTESIAN_POINT('',(0.,-2.14,0.));
#16859 = VECTOR('',#16860,1.);
#16860 = DIRECTION('',(0.,0.,1.));
#16861 = ORIENTED_EDGE('',*,*,#16862,.T.);
#16862 = EDGE_CURVE('',#16855,#16821,#16863,.T.);
#16863 = CIRCLE('',#16864,2.14);
#16864 = AXIS2_PLACEMENT_3D('',#16865,#16866,#16867);
#16865 = CARTESIAN_POINT('',(0.,0.,-12.));
#16866 = DIRECTION('',(-0.,0.,1.));
#16867 = DIRECTION('',(2.646E-14,-1.,0.));
#16868 = ORIENTED_EDGE('',*,*,#16820,.F.);
#16869 = CYLINDRICAL_SURFACE('',#16870,2.14);
#16870 = AXIS2_PLACEMENT_3D('',#16871,#16872,#16873);
#16871 = CARTESIAN_POINT('',(0.,0.,0.));
#16872 = DIRECTION('',(0.,0.,1.));
#16873 = DIRECTION('',(1.,0.,0.));
#16874 = ADVANCED_FACE('',(#16875),#16878,.T.);
#16875 = FACE_BOUND('',#16876,.T.);
#16876 = EDGE_LOOP('',(#16877));
#16877 = ORIENTED_EDGE('',*,*,#16724,.F.);
#16878 = PLANE('',#16879);
#16879 = AXIS2_PLACEMENT_3D('',#16880,#16881,#16882);
#16880 = CARTESIAN_POINT('',(-1.6E-16,7.E-17,0.));
#16881 = DIRECTION('',(0.,0.,1.));
#16882 = DIRECTION('',(1.,0.,0.));
#16883 = ADVANCED_FACE('',(#16884),#16911,.T.);
#16884 = FACE_BOUND('',#16885,.F.);
#16885 = EDGE_LOOP('',(#16886,#16895,#16896,#16904));
#16886 = ORIENTED_EDGE('',*,*,#16887,.F.);
#16887 = EDGE_CURVE('',#16855,#16888,#16890,.T.);
#16888 = VERTEX_POINT('',#16889);
#16889 = CARTESIAN_POINT('',(0.2,-1.929663183045,-12.2));
#16890 = PARABOLA('',#16891,0.75660425587);
#16891 = AXIS2_PLACEMENT_3D('',#16892,#16893,#16894);
#16892 = CARTESIAN_POINT('',(1.07,0.,-13.07));
#16893 = DIRECTION('',(-0.707106781187,0.,-0.707106781187));
#16894 = DIRECTION('',(-0.707106781187,0.,0.707106781187));
#16895 = ORIENTED_EDGE('',*,*,#16862,.T.);
#16896 = ORIENTED_EDGE('',*,*,#16897,.T.);
#16897 = EDGE_CURVE('',#16821,#16898,#16900,.T.);
#16898 = VERTEX_POINT('',#16899);
#16899 = CARTESIAN_POINT('',(1.94,0.,-12.2));
#16900 = LINE('',#16901,#16902);
#16901 = CARTESIAN_POINT('',(2.14,-5.2E-16,-12.));
#16902 = VECTOR('',#16903,1.);
#16903 = DIRECTION('',(-0.707106781187,1.7E-16,-0.707106781187));
#16904 = ORIENTED_EDGE('',*,*,#16905,.F.);
#16905 = EDGE_CURVE('',#16888,#16898,#16906,.T.);
#16906 = CIRCLE('',#16907,1.94);
#16907 = AXIS2_PLACEMENT_3D('',#16908,#16909,#16910);
#16908 = CARTESIAN_POINT('',(0.,0.,-12.2));
#16909 = DIRECTION('',(-0.,0.,1.));
#16910 = DIRECTION('',(2.646E-14,-1.,0.));
#16911 = CONICAL_SURFACE('',#16912,2.14,0.785398163397);
#16912 = AXIS2_PLACEMENT_3D('',#16913,#16914,#16915);
#16913 = CARTESIAN_POINT('',(0.,0.,-12.));
#16914 = DIRECTION('',(0.,0.,1.));
#16915 = DIRECTION('',(2.646E-14,-1.,0.));
#16916 = ADVANCED_FACE('',(#16917),#16942,.F.);
#16917 = FACE_BOUND('',#16918,.F.);
#16918 = EDGE_LOOP('',(#16919,#16920,#16928,#16936));
#16919 = ORIENTED_EDGE('',*,*,#16854,.F.);
#16920 = ORIENTED_EDGE('',*,*,#16921,.T.);
#16921 = EDGE_CURVE('',#16855,#16922,#16924,.T.);
#16922 = VERTEX_POINT('',#16923);
#16923 = CARTESIAN_POINT('',(0.,-1.4,-12.));
#16924 = LINE('',#16925,#16926);
#16925 = CARTESIAN_POINT('',(0.,-2.14,-12.));
#16926 = VECTOR('',#16927,1.);
#16927 = DIRECTION('',(0.,1.,-2.2E-16));
#16928 = ORIENTED_EDGE('',*,*,#16929,.T.);
#16929 = EDGE_CURVE('',#16922,#16930,#16932,.T.);
#16930 = VERTEX_POINT('',#16931);
#16931 = CARTESIAN_POINT('',(0.,-1.4,-9.2));
#16932 = LINE('',#16933,#16934);
#16933 = CARTESIAN_POINT('',(0.,-1.4,-12.2));
#16934 = VECTOR('',#16935,1.);
#16935 = DIRECTION('',(0.,0.,1.));
#16936 = ORIENTED_EDGE('',*,*,#16937,.F.);
#16937 = EDGE_CURVE('',#16846,#16930,#16938,.T.);
#16938 = LINE('',#16939,#16940);
#16939 = CARTESIAN_POINT('',(0.,-5.,-9.2));
#16940 = VECTOR('',#16941,1.);
#16941 = DIRECTION('',(0.,1.,-2.2E-16));
#16942 = PLANE('',#16943);
#16943 = AXIS2_PLACEMENT_3D('',#16944,#16945,#16946);
#16944 = CARTESIAN_POINT('',(0.,-5.,-12.2));
#16945 = DIRECTION('',(1.,0.,0.));
#16946 = DIRECTION('',(0.,2.2E-16,1.));
#16947 = ADVANCED_FACE('',(#16948),#16976,.F.);
#16948 = FACE_BOUND('',#16949,.F.);
#16949 = EDGE_LOOP('',(#16950,#16951,#16952,#16961,#16970));
#16950 = ORIENTED_EDGE('',*,*,#16845,.T.);
#16951 = ORIENTED_EDGE('',*,*,#16937,.T.);
#16952 = ORIENTED_EDGE('',*,*,#16953,.F.);
#16953 = EDGE_CURVE('',#16954,#16930,#16956,.T.);
#16954 = VERTEX_POINT('',#16955);
#16955 = CARTESIAN_POINT('',(-1.4,0.,-9.2));
#16956 = CIRCLE('',#16957,1.4);
#16957 = AXIS2_PLACEMENT_3D('',#16958,#16959,#16960);
#16958 = CARTESIAN_POINT('',(0.,0.,-9.2));
#16959 = DIRECTION('',(0.,0.,1.));
#16960 = DIRECTION('',(-1.,0.,0.));
#16961 = ORIENTED_EDGE('',*,*,#16962,.F.);
#16962 = EDGE_CURVE('',#16963,#16954,#16965,.T.);
#16963 = VERTEX_POINT('',#16964);
#16964 = CARTESIAN_POINT('',(0.,1.4,-9.2));
#16965 = CIRCLE('',#16966,1.4);
#16966 = AXIS2_PLACEMENT_3D('',#16967,#16968,#16969);
#16967 = CARTESIAN_POINT('',(0.,0.,-9.2));
#16968 = DIRECTION('',(0.,0.,1.));
#16969 = DIRECTION('',(-1.,0.,0.));
#16970 = ORIENTED_EDGE('',*,*,#16971,.T.);
#16971 = EDGE_CURVE('',#16963,#16838,#16972,.T.);
#16972 = LINE('',#16973,#16974);
#16973 = CARTESIAN_POINT('',(0.,-5.,-9.2));
#16974 = VECTOR('',#16975,1.);
#16975 = DIRECTION('',(0.,1.,-2.2E-16));
#16976 = PLANE('',#16977);
#16977 = AXIS2_PLACEMENT_3D('',#16978,#16979,#16980);
#16978 = CARTESIAN_POINT('',(0.,-5.,-9.2));
#16979 = DIRECTION('',(0.,2.2E-16,1.));
#16980 = DIRECTION('',(-1.,0.,0.));
#16981 = ADVANCED_FACE('',(#16982),#17000,.F.);
#16982 = FACE_BOUND('',#16983,.F.);
#16983 = EDGE_LOOP('',(#16984,#16992,#16998,#16999));
#16984 = ORIENTED_EDGE('',*,*,#16985,.F.);
#16985 = EDGE_CURVE('',#16986,#16963,#16988,.T.);
#16986 = VERTEX_POINT('',#16987);
#16987 = CARTESIAN_POINT('',(0.,1.4,-12.));
#16988 = LINE('',#16989,#16990);
#16989 = CARTESIAN_POINT('',(0.,1.4,-12.2));
#16990 = VECTOR('',#16991,1.);
#16991 = DIRECTION('',(0.,0.,1.));
#16992 = ORIENTED_EDGE('',*,*,#16993,.T.);
#16993 = EDGE_CURVE('',#16986,#16829,#16994,.T.);
#16994 = LINE('',#16995,#16996);
#16995 = CARTESIAN_POINT('',(0.,1.4,-12.));
#16996 = VECTOR('',#16997,1.);
#16997 = DIRECTION('',(0.,1.,-2.2E-16));
#16998 = ORIENTED_EDGE('',*,*,#16837,.T.);
#16999 = ORIENTED_EDGE('',*,*,#16971,.F.);
#17000 = PLANE('',#17001);
#17001 = AXIS2_PLACEMENT_3D('',#17002,#17003,#17004);
#17002 = CARTESIAN_POINT('',(0.,-5.,-12.2));
#17003 = DIRECTION('',(1.,0.,0.));
#17004 = DIRECTION('',(0.,2.2E-16,1.));
#17005 = ADVANCED_FACE('',(#17006),#17026,.T.);
#17006 = FACE_BOUND('',#17007,.F.);
#17007 = EDGE_LOOP('',(#17008,#17009,#17010,#17019));
#17008 = ORIENTED_EDGE('',*,*,#16897,.F.);
#17009 = ORIENTED_EDGE('',*,*,#16828,.T.);
#17010 = ORIENTED_EDGE('',*,*,#17011,.T.);
#17011 = EDGE_CURVE('',#16829,#17012,#17014,.T.);
#17012 = VERTEX_POINT('',#17013);
#17013 = CARTESIAN_POINT('',(0.2,1.929663183045,-12.2));
#17014 = PARABOLA('',#17015,0.75660425587);
#17015 = AXIS2_PLACEMENT_3D('',#17016,#17017,#17018);
#17016 = CARTESIAN_POINT('',(1.07,0.,-13.07));
#17017 = DIRECTION('',(0.707106781187,0.,0.707106781187));
#17018 = DIRECTION('',(-0.707106781187,0.,0.707106781187));
#17019 = ORIENTED_EDGE('',*,*,#17020,.F.);
#17020 = EDGE_CURVE('',#16898,#17012,#17021,.T.);
#17021 = CIRCLE('',#17022,1.94);
#17022 = AXIS2_PLACEMENT_3D('',#17023,#17024,#17025);
#17023 = CARTESIAN_POINT('',(0.,0.,-12.2));
#17024 = DIRECTION('',(0.,0.,1.));
#17025 = DIRECTION('',(1.,0.,0.));
#17026 = CONICAL_SURFACE('',#17027,2.14,0.785398163397);
#17027 = AXIS2_PLACEMENT_3D('',#17028,#17029,#17030);
#17028 = CARTESIAN_POINT('',(0.,0.,-12.));
#17029 = DIRECTION('',(0.,0.,1.));
#17030 = DIRECTION('',(1.,0.,0.));
#17031 = ADVANCED_FACE('',(#17032),#17051,.T.);
#17032 = FACE_BOUND('',#17033,.F.);
#17033 = EDGE_LOOP('',(#17034,#17035,#17043,#17050));
#17034 = ORIENTED_EDGE('',*,*,#16887,.T.);
#17035 = ORIENTED_EDGE('',*,*,#17036,.T.);
#17036 = EDGE_CURVE('',#16888,#17037,#17039,.T.);
#17037 = VERTEX_POINT('',#17038);
#17038 = CARTESIAN_POINT('',(0.2,-1.587450786639,-12.2));
#17039 = LINE('',#17040,#17041);
#17040 = CARTESIAN_POINT('',(0.2,-2.14,-12.2));
#17041 = VECTOR('',#17042,1.);
#17042 = DIRECTION('',(0.,1.,-2.2E-16));
#17043 = ORIENTED_EDGE('',*,*,#17044,.T.);
#17044 = EDGE_CURVE('',#17037,#16922,#17045,.T.);
#17045 = PARABOLA('',#17046,0.494974746831);
#17046 = AXIS2_PLACEMENT_3D('',#17047,#17048,#17049);
#17047 = CARTESIAN_POINT('',(-0.7,0.,-11.3));
#17048 = DIRECTION('',(0.707106781187,-0.,0.707106781187));
#17049 = DIRECTION('',(0.707106781187,0.,-0.707106781187));
#17050 = ORIENTED_EDGE('',*,*,#16921,.F.);
#17051 = PLANE('',#17052);
#17052 = AXIS2_PLACEMENT_3D('',#17053,#17054,#17055);
#17053 = CARTESIAN_POINT('',(0.1,-2.14,-12.1));
#17054 = DIRECTION('',(-0.707106781187,0.,-0.707106781187));
#17055 = DIRECTION('',(-1.1E-16,-1.,1.1E-16));
#17056 = ADVANCED_FACE('',(#17057),#17077,.F.);
#17057 = FACE_BOUND('',#17058,.F.);
#17058 = EDGE_LOOP('',(#17059,#17060,#17061,#17069,#17076));
#17059 = ORIENTED_EDGE('',*,*,#16905,.T.);
#17060 = ORIENTED_EDGE('',*,*,#17020,.T.);
#17061 = ORIENTED_EDGE('',*,*,#17062,.F.);
#17062 = EDGE_CURVE('',#17063,#17012,#17065,.T.);
#17063 = VERTEX_POINT('',#17064);
#17064 = CARTESIAN_POINT('',(0.2,1.587450786639,-12.2));
#17065 = LINE('',#17066,#17067);
#17066 = CARTESIAN_POINT('',(0.2,1.4,-12.2));
#17067 = VECTOR('',#17068,1.);
#17068 = DIRECTION('',(0.,1.,-2.2E-16));
#17069 = ORIENTED_EDGE('',*,*,#17070,.T.);
#17070 = EDGE_CURVE('',#17063,#17037,#17071,.T.);
#17071 = CIRCLE('',#17072,1.6);
#17072 = AXIS2_PLACEMENT_3D('',#17073,#17074,#17075);
#17073 = CARTESIAN_POINT('',(0.,0.,-12.2));
#17074 = DIRECTION('',(0.,0.,-1.));
#17075 = DIRECTION('',(1.748E-14,1.,0.));
#17076 = ORIENTED_EDGE('',*,*,#17036,.F.);
#17077 = PLANE('',#17078);
#17078 = AXIS2_PLACEMENT_3D('',#17079,#17080,#17081);
#17079 = CARTESIAN_POINT('',(-1.6E-16,7.E-17,-12.2));
#17080 = DIRECTION('',(0.,0.,1.));
#17081 = DIRECTION('',(1.,0.,0.));
#17082 = ADVANCED_FACE('',(#17083),#17112,.F.);
#17083 = FACE_BOUND('',#17084,.T.);
#17084 = EDGE_LOOP('',(#17085,#17086,#17087,#17095,#17102,#17103,#17104,
    #17105));
#17085 = ORIENTED_EDGE('',*,*,#16929,.T.);
#17086 = ORIENTED_EDGE('',*,*,#16953,.F.);
#17087 = ORIENTED_EDGE('',*,*,#17088,.T.);
#17088 = EDGE_CURVE('',#16954,#17089,#17091,.T.);
#17089 = VERTEX_POINT('',#17090);
#17090 = CARTESIAN_POINT('',(-1.4,0.,-2.7));
#17091 = LINE('',#17092,#17093);
#17092 = CARTESIAN_POINT('',(-1.4,0.,-12.2));
#17093 = VECTOR('',#17094,1.);
#17094 = DIRECTION('',(7.E-17,0.,1.));
#17095 = ORIENTED_EDGE('',*,*,#17096,.F.);
#17096 = EDGE_CURVE('',#17089,#17089,#17097,.T.);
#17097 = CIRCLE('',#17098,1.4);
#17098 = AXIS2_PLACEMENT_3D('',#17099,#17100,#17101);
#17099 = CARTESIAN_POINT('',(0.,0.,-2.7));
#17100 = DIRECTION('',(0.,0.,-1.));
#17101 = DIRECTION('',(-1.,0.,0.));
#17102 = ORIENTED_EDGE('',*,*,#17088,.F.);
#17103 = ORIENTED_EDGE('',*,*,#16962,.F.);
#17104 = ORIENTED_EDGE('',*,*,#16985,.F.);
#17105 = ORIENTED_EDGE('',*,*,#17106,.T.);
#17106 = EDGE_CURVE('',#16986,#16922,#17107,.T.);
#17107 = CIRCLE('',#17108,1.4);
#17108 = AXIS2_PLACEMENT_3D('',#17109,#17110,#17111);
#17109 = CARTESIAN_POINT('',(0.,0.,-12.));
#17110 = DIRECTION('',(0.,0.,-1.));
#17111 = DIRECTION('',(1.748E-14,1.,0.));
#17112 = CYLINDRICAL_SURFACE('',#17113,1.4);
#17113 = AXIS2_PLACEMENT_3D('',#17114,#17115,#17116);
#17114 = CARTESIAN_POINT('',(0.,0.,-12.2));
#17115 = DIRECTION('',(0.,0.,1.));
#17116 = DIRECTION('',(-1.,0.,0.));
#17117 = ADVANCED_FACE('',(#17118),#17130,.T.);
#17118 = FACE_BOUND('',#17119,.F.);
#17119 = EDGE_LOOP('',(#17120,#17127,#17128,#17129));
#17120 = ORIENTED_EDGE('',*,*,#17121,.F.);
#17121 = EDGE_CURVE('',#17063,#16986,#17122,.T.);
#17122 = PARABOLA('',#17123,0.494974746831);
#17123 = AXIS2_PLACEMENT_3D('',#17124,#17125,#17126);
#17124 = CARTESIAN_POINT('',(-0.7,0.,-11.3));
#17125 = DIRECTION('',(-0.707106781187,-0.,-0.707106781187));
#17126 = DIRECTION('',(0.707106781187,0.,-0.707106781187));
#17127 = ORIENTED_EDGE('',*,*,#17062,.T.);
#17128 = ORIENTED_EDGE('',*,*,#17011,.F.);
#17129 = ORIENTED_EDGE('',*,*,#16993,.F.);
#17130 = PLANE('',#17131);
#17131 = AXIS2_PLACEMENT_3D('',#17132,#17133,#17134);
#17132 = CARTESIAN_POINT('',(0.1,1.4,-12.1));
#17133 = DIRECTION('',(-0.707106781187,0.,-0.707106781187));
#17134 = DIRECTION('',(-1.1E-16,-1.,1.1E-16));
#17135 = ADVANCED_FACE('',(#17136),#17142,.F.);
#17136 = FACE_BOUND('',#17137,.T.);
#17137 = EDGE_LOOP('',(#17138,#17139,#17140,#17141));
#17138 = ORIENTED_EDGE('',*,*,#17121,.F.);
#17139 = ORIENTED_EDGE('',*,*,#17070,.T.);
#17140 = ORIENTED_EDGE('',*,*,#17044,.T.);
#17141 = ORIENTED_EDGE('',*,*,#17106,.F.);
#17142 = CONICAL_SURFACE('',#17143,1.4,0.785398163397);
#17143 = AXIS2_PLACEMENT_3D('',#17144,#17145,#17146);
#17144 = CARTESIAN_POINT('',(0.,0.,-12.));
#17145 = DIRECTION('',(-0.,-0.,-1.));
#17146 = DIRECTION('',(1.748E-14,1.,0.));
#17147 = ADVANCED_FACE('',(#17148),#17160,.F.);
#17148 = FACE_BOUND('',#17149,.T.);
#17149 = EDGE_LOOP('',(#17150,#17151,#17159));
#17150 = ORIENTED_EDGE('',*,*,#17096,.T.);
#17151 = ORIENTED_EDGE('',*,*,#17152,.T.);
#17152 = EDGE_CURVE('',#17089,#17153,#17155,.T.);
#17153 = VERTEX_POINT('',#17154);
#17154 = CARTESIAN_POINT('',(0.,0.,-1.858795133361));
#17155 = LINE('',#17156,#17157);
#17156 = CARTESIAN_POINT('',(-1.4,0.,-2.7));
#17157 = VECTOR('',#17158,1.);
#17158 = DIRECTION('',(0.857167300702,0.,0.51503807491));
#17159 = ORIENTED_EDGE('',*,*,#17152,.F.);
#17160 = CONICAL_SURFACE('',#17161,1.4,1.029744258677);
#17161 = AXIS2_PLACEMENT_3D('',#17162,#17163,#17164);
#17162 = CARTESIAN_POINT('',(0.,0.,-2.7));
#17163 = DIRECTION('',(-0.,-0.,-1.));
#17164 = DIRECTION('',(-1.,0.,0.));
#17165 = ( GEOMETRIC_REPRESENTATION_CONTEXT(3) 
GLOBAL_UNCERTAINTY_ASSIGNED_CONTEXT((#17169)) 
GLOBAL_UNIT_ASSIGNED_CONTEXT((#17166,#17167,#17168)) 
REPRESENTATION_CONTEXT('Context #1',
  '3D Context with UNIT and UNCERTAINTY') );
#17166 = ( LENGTH_UNIT() NAMED_UNIT(*) SI_UNIT(.MILLI.,.METRE.) );
#17167 = ( NAMED_UNIT(*) PLANE_ANGLE_UNIT() SI_UNIT($,.RADIAN.) );
#17168 = ( NAMED_UNIT(*) SI_UNIT($,.STERADIAN.) SOLID_ANGLE_UNIT() );
#17169 = UNCERTAINTY_MEASURE_WITH_UNIT(LENGTH_MEASURE(2.E-06),#17166,
  'distance_accuracy_value','confusion accuracy');
#17170 = CONTEXT_DEPENDENT_SHAPE_REPRESENTATION(#17171,#17173);
#17171 = ( REPRESENTATION_RELATIONSHIP('','',#15850,#10) 
REPRESENTATION_RELATIONSHIP_WITH_TRANSFORMATION(#17172) 
SHAPE_REPRESENTATION_RELATIONSHIP() );
#17172 = ITEM_DEFINED_TRANSFORMATION('','',#11,#23);
#17173 = PRODUCT_DEFINITION_SHAPE('Placement','Placement of an item',
  #17174);
#17174 = NEXT_ASSEMBLY_USAGE_OCCURRENCE('3','male002','',#5,#15845,$);
#17175 = PRODUCT_RELATED_PRODUCT_CATEGORY('part',$,(#15847));
#17176 = MECHANICAL_DESIGN_GEOMETRIC_PRESENTATION_REPRESENTATION('',(
    #17177),#14499);
#17177 = STYLED_ITEM('color',(#17178),#41);
#17178 = PRESENTATION_STYLE_ASSIGNMENT((#17179,#17185));
#17179 = SURFACE_STYLE_USAGE(.BOTH.,#17180);
#17180 = SURFACE_SIDE_STYLE('',(#17181));
#17181 = SURFACE_STYLE_FILL_AREA(#17182);
#17182 = FILL_AREA_STYLE('',(#17183));
#17183 = FILL_AREA_STYLE_COLOUR('',#17184);
#17184 = COLOUR_RGB('',0.882352934796,0.666666687201,0.);
#17185 = CURVE_STYLE('',#17186,POSITIVE_LENGTH_MEASURE(0.1),#17187);
#17186 = DRAUGHTING_PRE_DEFINED_CURVE_FONT('continuous');
#17187 = COLOUR_RGB('',9.803921802644E-02,9.803921802644E-02,
  9.803921802644E-02);
#17188 = MECHANICAL_DESIGN_GEOMETRIC_PRESENTATION_REPRESENTATION('',(
    #17189),#15832);
#17189 = STYLED_ITEM('color',(#17190),#14518);
#17190 = PRESENTATION_STYLE_ASSIGNMENT((#17191,#17197));
#17191 = SURFACE_STYLE_USAGE(.BOTH.,#17192);
#17192 = SURFACE_SIDE_STYLE('',(#17193));
#17193 = SURFACE_STYLE_FILL_AREA(#17194);
#17194 = FILL_AREA_STYLE('',(#17195));
#17195 = FILL_AREA_STYLE_COLOUR('',#17196);
#17196 = COLOUR_RGB('',0.399999997426,0.274509816483,0.);
#17197 = CURVE_STYLE('',#17198,POSITIVE_LENGTH_MEASURE(0.1),#17187);
#17198 = DRAUGHTING_PRE_DEFINED_CURVE_FONT('continuous');
#17199 = MECHANICAL_DESIGN_GEOMETRIC_PRESENTATION_REPRESENTATION('',(
    #17200),#17165);
#17200 = STYLED_ITEM('color',(#17201),#15851);
#17201 = PRESENTATION_STYLE_ASSIGNMENT((#17202,#17207));
#17202 = SURFACE_STYLE_USAGE(.BOTH.,#17203);
#17203 = SURFACE_SIDE_STYLE('',(#17204));
#17204 = SURFACE_STYLE_FILL_AREA(#17205);
#17205 = FILL_AREA_STYLE('',(#17206));
#17206 = FILL_AREA_STYLE_COLOUR('',#17196);
#17207 = CURVE_STYLE('',#17208,POSITIVE_LENGTH_MEASURE(0.1),#17187);
#17208 = DRAUGHTING_PRE_DEFINED_CURVE_FONT('continuous');
ENDSEC;
END-ISO-10303-21;
